"更新日","銘柄コード","銘柄名称","銘柄略称","英文商号","国内外区分","国名","商品分類","市場区分","業種","売買単位","東証上場日","東証上場廃止日","設立日","本社所在地","決算期/決算期1","中間決算期/決算期2","変則決算期"
"2026-05-25","13010","極洋","極洋","KYOKUYO CO.,LTD.","国内","","株式","プライム","水産・農林業","100","1949-05-16","","1937-09-03","東京都","03月31日","09月30日",""
"2026-05-25","13050","ｉＦｒｅｅＥＴＦ　ＴＯＰＩＸ（年１回決算型）","ｉＦＴＰＸ年１","iFreeETF TOPIX (Yearly Dividend Type)","国内","","ETF","その他","","10","2001-07-13","","","","07月10日","",""
"2026-05-25","13060","ＮＥＸＴ　ＦＵＮＤＳ　ＴＯＰＩＸ連動型上場投信","ＮＦＴＯＰＩＸ","NEXT FUNDS TOPIX Exchange Traded Fund","国内","","ETF","その他","","10","2001-07-13","","","","07月10日","",""
"2026-05-25","13080","上場インデックスファンドＴＯＰＩＸ","上場ＴＰＸ","Listed Index Fund TOPIX","国内","","ETF","その他","","1","2002-01-09","","","","07月08日","",""
"2026-05-25","13090","ＮＥＸＴ　ＦＵＮＤＳ　ＣｈｉｎａＡＭＣ・中国株式・上証５０連動型上場投信","ＮＦ中国株上証５０","NEXT FUNDS ChinaAMC SSE50 Index Exchange Traded Fund","国内","","ETF","その他","","1","2013-07-16","","","","07月08日","",""
"2026-05-25","13110","ＮＥＸＴ　ＦＵＮＤＳ　ＴＯＰＩＸ　Ｃｏｒｅ　３０連動型上場投信","ＮＦＴＰＸ３０","NEXT FUNDS TOPIX Core 30 Exchange Traded Fund","国内","","ETF","その他","","1","2002-04-03","","","","07月15日","",""
"2026-05-25","13190","ＮＥＸＴ　ＦＵＮＤＳ　日経３００株価指数連動型上場投信","ＮＦ日経３００","NEXT FUNDS Nikkei 300 Index Exchange Traded Fund","国内","","ETF","その他","","1000","1995-05-29","","","","07月10日","",""
"2026-05-25","13200","ｉＦｒｅｅＥＴＦ　日経２２５（年１回決算型）","ｉＦ２２５年１","iFreeETF Nikkei225 (Yearly Dividend Type)","国内","","ETF","その他","","1","2013-07-16","","","","07月10日","",""
"2026-05-25","13210","ＮＥＸＴ　ＦＵＮＤＳ　日経２２５連動型上場投信","ＮＦ日経２２５","NEXT FUNDS Nikkei 225 Exchange Traded Fund","国内","","ETF","その他","","1","2013-07-16","","","","07月08日","",""
"2026-05-25","13220","上場インデックスファンド中国Ａ株（パンダ）Ｅ　Ｆｕｎｄ　ＣＳＩ３００","上場パンタ","Listed Index Fund China A Share (Panda) E Fund CSI300","国内","","ETF","その他","","1","2008-04-11","","","","01月20日","",""
"2026-05-25","13250","ＮＥＸＴ　ＦＵＮＤＳ　ブラジル株式指数・ボベスパ連動型上場投信","ＮＦブラジル株","NEXT FUNDS Ibovespa Linked Exchange Traded Fund","国内","","ETF","その他","","10","2008-07-18","","","","07月08日","",""
"2026-05-25","13260","ＳＰＤＲゴールド・シェア","ＳＰＤＲゴール","SPDR Gold Shares","国外","アメリカ合衆国","ETF","その他","","1","2008-06-30","","","","09月30日","",""
"2026-05-25","13280","ＮＥＸＴ　ＦＵＮＤＳ　金価格連動型上場投信","ＮＦ金価格","NEXT FUNDS Gold Price Exchange Traded Fund","国内","","ETF","その他","","1","2013-07-16","","","","07月08日","",""
"2026-05-25","13290","ｉシェアーズ・コア　日経２２５　ＥＴＦ","ｉＳ２２５","iShares Core Nikkei 225 ETF","国内","","ETF","その他","","1","2001-09-05","","","","02月09日","08月09日",""
"2026-05-25","13300","上場インデックスファンド２２５","上場２２５","Listed Index Fund 225","国内","","ETF","その他","","1","2001-07-13","","","","07月08日","",""
"2026-05-25","13320","ニッスイ","ニッスイ","Nissui Corporation","国内","","株式","プライム","水産・農林業","100","1949-05-16","","1943-03-31","東京都","03月31日","09月30日",""
"2026-05-25","13330","Ｕｍｉｏｓ","Ｕｍｉｏｓ","Umios Corporation","国内","","株式","プライム","水産・農林業","100","2014-04-01","","1943-03-31","東京都","03月31日","09月30日",""
"2026-05-25","13430","ＮＥＸＴ　ＦＵＮＤＳ　東証ＲＥＩＴ　指数連動型上場投信","ＮＦＪ－ＲＥＩＴ","NEXT FUNDS REIT INDEX ETF","国内","","ETF","その他","","10","2008-09-18","","","","02月10日","08月10日",""
"2026-05-25","13450","上場インデックスファンドＪリート（東証ＲＥＩＴ指数）隔月分配型","上場Ｊリート","Listed Index Fund J-REIT (Tokyo Stock Exchange REIT Index)Bi-Monthly Dividend Payment Type","国内","","ETF","その他","","1","2008-10-21","","","","01月08日","07月08日",""
"2026-05-25","13460","ＭＡＸＩＳ　日経２２５上場投信","ＭＸＳ２２５","MAXIS NIKKEI 225 ETF","国内","","ETF","その他","","1","2013-07-16","","","","01月16日","07月16日",""
"2026-05-25","13480","ＭＡＸＩＳ　トピックス上場投信","ＭＸＳトピクス","MAXIS TOPIX ETF","国内","","ETF","その他","","1","2009-05-15","","","","01月16日","07月16日",""
"2026-05-25","13490","ＡＢＦ汎アジア債券インデックス・ファンド","アジア債券","ABF PAN ASIA BOND INDEX FUND","国外","シンガポール共和国","ETF","その他","","1","2009-06-19","","","","06月30日","",""
"2026-05-25","13560","ＴＯＰＩＸベア２倍上場投信","ＴＰダブルインバース","TOPIX Bear -2x ETF","国内","","ETF","その他","","10","2014-05-29","","","","02月20日","",""
"2026-05-25","13570","ＮＥＸＴ　ＦＵＮＤＳ　日経平均ダブルインバース・インデックス連動型上場投信","ＮＦ日経ダブインバ","NEXT FUNDS Nikkei 225 Double Inverse Index Exchange Traded Fund","国内","","ETF","その他","","1","2014-07-16","","","","05月20日","",""
"2026-05-25","13580","上場インデックスファンド日経レバレッジ指数","上場日経２倍","Listed Index Fund Nikkei Leveraged Index","国内","","ETF","その他","","1","2014-08-26","","","","07月10日","",""
"2026-05-25","13600","日経平均ベア２倍上場投信","ダブルインバース日経","Nikkei225 Bear -2x ETF","国内","","ETF","その他","","10","2014-11-11","","","","02月20日","",""
"2026-05-25","13640","ｉシェアーズ　ＪＰＸ日経４００　ＥＴＦ","ｉＳＪＰＸ日経４００","iShares JPX-Nikkei 400 ETF","国内","","ETF","その他","","1","2014-12-02","","","","02月09日","08月09日",""
"2026-05-25","13650","ｉＦｒｅｅＥＴＦ　日経平均レバレッジ・インデックス","ｉＦ２２５ダブル","iFreeETF Nikkei225 Leveraged Index","国内","","ETF","その他","","1","2015-01-06","","","","01月10日","",""
"2026-05-25","13660","ｉＦｒｅｅＥＴＦ　日経平均ダブルインバース・インデックス","ｉＦ２２５Ｗベア","iFreeETF Nikkei225 Double Inverse Index","国内","","ETF","その他","","1","2015-01-06","","","","01月10日","",""
"2026-05-25","13670","ｉＦｒｅｅＥＴＦ　ＴＯＰＩＸレバレッジ（２倍）指数","ｉＦＴＰＸダブル","iFreeETF TOPIX Leveraged (2x) Index","国内","","ETF","その他","","1","2015-01-06","","","","01月10日","",""
"2026-05-25","13680","ｉＦｒｅｅＥＴＦ　ＴＯＰＩＸダブルインバース（－２倍）指数","ｉＦＴＰＸＷベア","iFreeETF TOPIX Double Inverse (-2x) Index","国内","","ETF","その他","","1","2015-01-06","","","","01月10日","",""
"2026-05-25","13690","Ｏｎｅ　ＥＴＦ　日経２２５","Ｏｎｅ・日経２２５","One ETF Nikkei225","国内","","ETF","その他","","1","2015-01-15","","","","01月08日","07月08日",""
"2026-05-25","13750","ユキグニファクトリー","ユキグニファクトリー","YUKIGUNI FACTORY CO.,LTD.","国内","","株式","プライム","水産・農林業","100","2020-09-17","","2017-07-14","新潟県","03月31日","09月30日",""
"2026-05-25","13760","カネコ種苗","カネコ種苗","KANEKO SEEDS CO.,LTD.","国内","","株式","スタンダード","水産・農林業","100","2013-07-16","","1947-06-17","群馬県","05月31日","11月30日",""
"2026-05-25","13770","サカタのタネ","サカタのタネ","SAKATA SEED CORPORATION","国内","","株式","プライム","水産・農林業","100","1987-05-11","","1942-12-11","神奈川県","05月31日","11月30日",""
"2026-05-25","13790","ホクト","ホクト","HOKUTO CORPORATION","国内","","株式","プライム","水産・農林業","100","1999-11-29","","1964-07-22","長野県","03月31日","09月30日",""
"2026-05-25","13800","秋川牧園","秋川牧園","AKIKAWA FOODS & FARMS CO.,LTD.","国内","","株式","スタンダード","水産・農林業","100","2013-07-16","","1979-05-25","山口県","03月31日","09月30日",""
"2026-05-25","13810","アクシーズ","アクシーズ","AXYZ CO.,Ltd.","国内","","株式","スタンダード","水産・農林業","100","2013-07-16","","1962-11-13","鹿児島県","06月30日","12月31日",""
"2026-05-25","13820","ホーブ","ホーブ","HOB Co.,Ltd.","国内","","株式","スタンダード","水産・農林業","100","2013-07-16","","1987-06-22","北海道","06月30日","12月31日",""
"2026-05-25","13830","ベルグアース","ベルグアース","Berg Earth co.,ltd.","国内","","株式","スタンダード","水産・農林業","100","2013-07-16","","2001-01-18","愛媛県","10月31日","04月30日",""
"2026-05-25","13840","ホクリヨウ","ホクリヨウ","Hokuryo Co.,Ltd.","国内","","株式","スタンダード","水産・農林業","100","2015-02-20","","1949-05-17","北海道","03月31日","09月30日",""
"2026-05-25","13970","ＳＭＤＡＭ　日経２２５上場投信","ＳＭＤＡＭ　２２５","SMDAM NIKKEI225 ETF","国内","","ETF","その他","","1","2015-03-25","","","","04月08日","10月08日",""
"2026-05-25","13980","ＳＭＤＡＭ　東証ＲＥＩＴ指数上場投信","ＳＭＤＡＭ　Ｊリート","SMDAM REIT Index ETF","国内","","ETF","その他","","10","2015-03-25","","","","03月08日","09月08日",""
"2026-05-25","13990","上場インデックスファンドＭＳＣＩ日本株高配当低ボラティリティ","上場高配当低ボラ","Listed Index Fund MSCI Japan Equity High Dividend Low Volatility","国内","","ETF","その他","","1","2015-12-01","","","","01月08日","07月08日",""
"2026-05-25","14010","エムビーエス","Ｇ－エムビーエス","mbs,inc.","国内","","株式","グロース","建設業","100","2015-08-13","","1997-06-20","山口県","05月31日","11月30日",""
"2026-05-25","14070","ウエストホールディングス","ウエストＨＤ","West Holdings Corporation","国内","","株式","スタンダード","建設業","100","2013-07-16","","2006-03-01","広島県","08月31日","02月末日",""
"2026-05-25","14140","ショーボンドホールディングス","ショーボンド","SHO-BOND Holdings Co.,Ltd.","国内","","株式","プライム","建設業","100","2008-01-04","","2008-01-04","東京都","06月30日","12月31日",""
"2026-05-25","14170","ミライト・ワン","ミライト・ワン","MIRAIT ONE Corporation","国内","","株式","プライム","建設業","100","2010-10-01","","2010-10-01","東京都","03月31日","09月30日",""
"2026-05-25","14180","インターライフホールディングス","インターライフ","INTERLIFE HOLDINGS CO.,LTD.","国内","","株式","スタンダード","建設業","100","2013-07-16","","2010-10-05","東京都","02月末日","08月31日",""
"2026-05-25","14190","タマホーム","タマホーム","Tama Home Co.,Ltd.","国内","","株式","プライム","建設業","100","2013-03-27","","1998-06-03","東京都","05月31日","11月30日",""
"2026-05-25","14200","サンヨーホームズ","サンヨーＨ","Sanyo Homes Corporation","国内","","株式","スタンダード","建設業","100","2013-04-09","","1996-10-11","大阪府","03月31日","09月30日",""
"2026-05-25","14290","日本アクア","日本アクア","Nippon Aqua Co.,Ltd.","国内","","株式","プライム","建設業","100","2013-12-13","","2004-11-29","東京都","12月31日","06月30日",""
"2026-05-25","14300","ファーストコーポレーション","ファーストコーポ","First-corporation Inc.","国内","","株式","スタンダード","建設業","100","2015-03-24","","2011-06-23","東京都","05月31日","11月30日",""
"2026-05-25","14310","Ｌｉｂ　Ｗｏｒｋ","Ｇ－リブワーク","Lib Work Co.,Ltd.","国内","","株式","グロース","建設業","100","2019-06-18","","1997-08-01","熊本県","06月30日","12月31日",""
"2026-05-25","14320","動力","Ｐ－動力","DORYOKU Co.,Ltd.","国内","","株式","TOKYO PRO Market","建設業","100","2015-08-18","","2008-12-01","愛知県","03月31日","09月30日",""
"2026-05-25","14330","ベステラ","ベステラ","BESTERRA CO.,LTD","国内","","株式","プライム","建設業","100","2015-09-02","","1974-02-20","東京都","01月31日","07月31日",""
"2026-05-25","14340","ＪＥＳＣＯホールディングス","ＪＥＳＣＯ　ＨＤ","JESCO Holdings,Inc.","国内","","株式","スタンダード","建設業","100","2015-09-08","","1970-08-21","東京都","08月31日","02月末日",""
"2026-05-25","14350","ｒｏｂｏｔ　ｈｏｍｅ","ｒｏｂｏｔ　ｈｏｍｅ","robot home Inc.","国内","","株式","スタンダード","不動産業","100","2015-12-03","","2006-01-23","東京都","12月31日","06月30日",""
"2026-05-25","14360","グリーンエナジー＆カンパニー","Ｇ－グリーンエナジー","GreenEnergy & Company Inc.","国内","","株式","グロース","建設業","100","2016-03-11","","2009-04-01","東京都","04月30日","10月31日",""
"2026-05-25","14380","岐阜造園","岐阜造園","Gifu landscape architect Co.,Ltd.","国内","","株式","スタンダード","建設業","100","2022-09-28","","1966-01-06","岐阜県","09月30日","03月31日",""
"2026-05-25","14430","技研ホールディングス","技研ホールディングス","Giken Holdings Co.,Ltd.","国内","","株式","スタンダード","建設業","100","2018-01-09","","2018-01-09","東京都","03月31日","09月30日",""
"2026-05-25","14440","ニッソウ","Ｇ－ニッソウ","Nissou Co.,Ltd.","国内","","株式","グロース","建設業","100","2022-07-25","","1988-09-01","東京都","07月31日","01月31日",""
"2026-05-25","14450","ひかりホールディングス","Ｐ－ひかりＨＤ","Hikari Holdings Co.,Ltd.","国内","","株式","TOKYO PRO Market","建設業","100","2018-05-16","","2015-09-01","岐阜県","08月31日","02月末日",""
"2026-05-25","14460","キャンディル","キャンディル","CANDEAL Co.,Ltd.","国内","","株式","スタンダード","建設業","100","2018-07-05","","2014-08-07","東京都","09月30日","03月31日",""
"2026-05-25","14470","ＳＡＡＦホールディングス","Ｇ－ＳＡＡＦＨＤ","SAAF Holdings Co.,Ltd.","国内","","株式","グロース","建設業","100","2018-10-01","","2018-10-01","東京都","03月31日","09月30日",""
"2026-05-25","14500","ＴＡＮＡＫＥＮ","ＴＡＮＡＫＥＮ","TANAKEN Inc.","国内","","株式","スタンダード","建設業","100","2018-12-18","","1982-02-03","東京都","03月31日","09月30日",""
"2026-05-25","14520","横浜ライト工業","Ｐ－横浜ライト工業","YOKOHAMA WRIGHT Industries Co.,LTD","国内","","株式","TOKYO PRO Market","建設業","100","2020-02-27","","1986-05-31","神奈川県","02月末日","08月31日",""
"2026-05-25","14560","ｉＦｒｅｅＥＴＦ　日経平均インバース・インデックス","ｉＦ２２５ベア","iFreeETF Nikkei225 Inverse Index","国内","","ETF","その他","","1","2015-04-27","","","","01月10日","",""
"2026-05-25","14570","ｉＦｒｅｅＥＴＦ　ＴＯＰＩＸインバース（－１倍）指数","ｉＦＴＰＸベア","iFreeETF TOPIX Inverse (-1x) Index","国内","","ETF","その他","","1","2015-04-27","","","","01月10日","",""
"2026-05-25","14580","楽天ＥＴＦ‐日経レバレッジ指数連動型","楽天２２５ダブルブル","Rakuten ETF - Nikkei 225 Leveraged Index","国内","","ETF","その他","","1","2015-07-15","","","","03月15日","",""
"2026-05-25","14590","楽天ＥＴＦ‐日経ダブルインバース指数連動型","楽天２２５ダブルベア","Rakuten ETF - Nikkei 225 Double Inverse Index","国内","","ETF","その他","","1","2015-07-15","","","","03月15日","",""
"2026-05-25","14660","ｉＦｒｅｅＥＴＦ　ＪＰＸ日経４００ダブルインバース・インデックス","ｉＦＪ４００Ｗベア","iFreeETF JPX-Nikkei400 Double Inverse (-2x) Index","国内","","ETF","その他","","1","2015-08-24","","","","01月10日","",""
"2026-05-25","14690","ＪＰＸ日経４００ベア２倍上場投信（ダブルインバース）","４００ベア２倍","JPX-Nikkei 400 Bear -2x Double Inverse ETF","国内","","ETF","その他","","10","2015-08-24","","","","08月20日","",""
"2026-05-25","14720","ＮＥＸＴ　ＦＵＮＤＳ　ＪＰＸ日経４００ダブルインバース・インデックス連動型上場投信","ＮＦＪ４００Ｄインバ","NEXT FUNDS JPX-Nikkei 400 Double Inverse Index Exchange Traded Fund","国内","","ETF","その他","","1","2015-08-24","","","","04月07日","",""
"2026-05-25","14730","Ｏｎｅ　ＥＴＦ　トピックス","Ｏｎｅ・トピックス","One ETF TOPIX","国内","","ETF","その他","","10","2015-09-07","","","","01月08日","07月08日",""
"2026-05-25","14740","Ｏｎｅ　ＥＴＦ　ＪＰＸ日経４００","Ｏｎｅ・ＪＰＸ４００","One ETF JPX-Nikkei 400","国内","","ETF","その他","","1","2015-09-07","","","","01月08日","07月08日",""
"2026-05-25","14750","ｉシェアーズ・コア　ＴＯＰＩＸ　ＥＴＦ","ｉＳＴＯＰＩＸ","iShares Core TOPIX ETF","国内","","ETF","その他","","10","2015-10-20","","","","02月09日","08月09日",""
"2026-05-25","14760","ｉシェアーズ・コア　Ｊリート　ＥＴＦ","ｉＳＪリート","iShares Core Japan REIT ETF","国内","","ETF","その他","","1","2015-10-20","","","","02月09日","08月09日",""
"2026-05-25","14770","ｉシェアーズ　ＭＳＣＩ　日本株最小分散　ＥＴＦ","ｉＳＭＳＣＩ最小分散","iShares MSCI Japan Minimum Volatility (ex-REITs) ETF","国内","","ETF","その他","","1","2015-10-20","","","","02月09日","08月09日",""
"2026-05-25","14780","ｉシェアーズ　ＭＳＣＩ　ジャパン高配当利回り　ＥＴＦ","ｉＳＭＳＣＩ高配当","iShares MSCI Japan High Dividend ETF","国内","","ETF","その他","","1","2015-10-20","","","","02月09日","08月09日",""
"2026-05-25","14790","ｉＦｒｅｅＥＴＦ　ＭＳＣＩ日本株人材設備投資指数","ｉＦＭＳＣＩ人材設備","iFreeETF MSCI Japan Human and Physical Investment Index","国内","","ETF","その他","","1","2016-05-19","","","","01月10日","07月10日",""
"2026-05-25","14800","ＮＥＸＴ　ＦＵＮＤＳ　野村企業価値分配指数連動型上場投信","ＮＦ企業価値","NEXT FUNDS Nomura Enterprise Value Allocation Index Exchange Traded Fund","国内","","ETF","その他","","1","2016-05-19","","","","04月20日","10月20日",""
"2026-05-25","14810","上場インデックスファンド日本経済貢献株","上場日本経済貢献","Listed Index Fund Japanese Economy Contributor Stocks","国内","","ETF","その他","","1","2016-05-25","","","","01月08日","07月08日",""
"2026-05-25","14820","ｉシェアーズ・コア　米国債７－１０年　ＥＴＦ（為替ヘッジあり）","ｉＳ米国債七十円へジ","iShares Core 7-10 Year US Treasury Bond JPY Hedged ETF","国内","","ETF","その他","","1","2016-05-27","","","","01月11日","07月11日",""
"2026-05-25","14830","ｉシェアーズ　ＪＰＸ／Ｓ＆Ｐ設備・人材投資　ＥＴＦ","ｉＳ設備人材","iShares JPX/S&P CAPEX & Human Capital ETF","国内","","ETF","その他","","1","2016-06-10","","","","02月09日","08月09日",""
"2026-05-25","14840","Ｏｎｅ　ＥＴＦ　ＪＰＸ／Ｓ＆Ｐ　設備・人材投資指数","Ｏｎｅ・設備人材投資","One ETF JPX/S&P CAPEX & Human Capital Index","国内","","ETF","その他","","10","2016-06-10","","","","01月08日","07月08日",""
"2026-05-25","14850","ＭＡＸＩＳ　ＪＡＰＡＮ　設備・人材積極投資企業２００上場投信","ＭＸＳ　Ｊ積極投資","MAXIS JAPAN Proactive Investment in Physical and Human Capital 200 Index ETF","国内","","ETF","その他","","1","2016-06-29","","","","01月16日","07月16日",""
"2026-05-25","14860","上場インデックスファンド米国債券（為替ヘッジなし）","上場米債ヘッジなし","Listed Index Fund US Bond (No Currency Hedge)","国内","","ETF","その他","","1","2016-08-31","","","","01月10日","07月10日",""
"2026-05-25","14870","上場インデックスファンド米国債券（為替ヘッジあり）","上場米債ヘッジあり","Listed Index Fund US Bond (Currency Hedge)","国内","","ETF","その他","","1","2016-08-31","","","","01月10日","07月10日",""
"2026-05-25","14880","ｉＦｒｅｅＥＴＦ　東証ＲＥＩＴ指数","ｉＦＪリート","iFreeETF Tokyo Stock Exchange REIT Index","国内","","ETF","その他","","1","2016-10-25","","","","03月04日","09月04日",""
"2026-05-25","14890","ＮＥＸＴ　ＦＵＮＤＳ　日経平均高配当株５０指数連動型上場投信","ＮＦ日経高配当５０","NEXT FUNDS Nikkei 225 High Dividend Yield Stock 50 Index Exchange Traded Fund","国内","","ETF","その他","","1","2017-02-13","","","","01月07日","07月07日",""
"2026-05-25","14900","上場インデックスファンドＭＳＣＩ日本株高配当低ボラティリティ（βヘッジ）","上場ベータヘッジ","Listed Index Fund MSCI Japan Equity High Dividend Low Volatility (Beta Hedged)","国内","","ETF","その他","","1","2017-03-13","","","","01月08日","07月08日",""
"2026-05-25","14910","中外鉱業","中外鉱","Chugai Mining Co.,Ltd.","国内","","株式","スタンダード","非鉄金属","100","1949-05-16","","1932-05-02","東京都","03月31日","09月30日",""
"2026-05-25","14930","Ｏｎｅ　ＥＴＦ　ＪＰＸ日経中小型","Ｏｎｅ・中小型","One ETF JPX-Nikkei Mid Small","国内","","ETF","その他","","1","2017-05-23","","","","01月08日","07月08日",""
"2026-05-25","14940","Ｏｎｅ　ＥＴＦ　高配当日本株","Ｏｎｅ・高配当日本株","One ETF High Dividend Japan Equity","国内","","ETF","その他","","1","2017-05-23","","","","04月08日","10月08日",""
"2026-05-25","14950","上場インデックスファンドアジアリート","上場アジアリート","Listed Index Fund Asian REIT","国内","","ETF","その他","","1","2017-06-29","","","","01月20日","07月20日",""
"2026-05-25","14960","ｉシェアーズ　米ドル建て投資適格社債　ＥＴＦ（為替ヘッジあり）","ｉＳ米＄ＩＧ社債ヘジ","iShares USD Investment Grade Corporate Bond JPY Hedged ETF","国内","","ETF","その他","","1","2017-08-25","","","","01月11日","07月11日",""
"2026-05-25","14970","ｉシェアーズ　米ドル建てハイイールド社債　ＥＴＦ（為替ヘッジあり）","ｉＳ米＄ＨＹ社債ヘジ","iShares USD High Yield Corporate Bond JPY Hedged ETF","国内","","ETF","その他","","1","2017-08-25","","","","01月11日","07月11日",""
"2026-05-25","14980","Ｏｎｅ　ＥＴＦ　ＥＳＧ","Ｏｎｅ・ＥＳＧ","One ETF ESG","国内","","ETF","その他","","1","2017-11-28","","","","01月08日","07月08日",""
"2026-05-25","14990","ＭＡＸＩＳ日本株高配当７０マーケットニュートラル上場投信","ＭＸＳ高配当７０ＭＮ","MAXIS Japan Equity High Dividend 70 Market Neutral ETF","国内","","ETF","その他","","1","2017-12-13","","","","01月10日","07月10日",""
"2026-05-25","15140","住石ホールディングス","住石ＨＤ","Sumiseki Holdings,Inc.","国内","","株式","スタンダード","鉱業","100","2008-10-01","","2008-10-01","東京都","03月31日","09月30日",""
"2026-05-25","15150","日鉄鉱業","日鉄鉱","Nittetsu Mining Co.,Ltd.","国内","","株式","プライム","鉱業","100","1954-03-03","","1939-05-20","東京都","03月31日","09月30日",""
"2026-05-25","15180","三井松島ホールディングス","三井松島ＨＤ","MITSUI MATSUSHIMA HOLDINGS CO.,LTD.","国内","","株式","プライム","その他製品","100","1961-10-02","","1913-01-25","福岡県","03月31日","09月30日",""
"2026-05-25","15400","純金上場信託（現物国内保管型）","純金信託","Japan Physical Gold ETF","国内","","ETF","その他","","1","2010-07-02","","","","01月20日","",""
"2026-05-25","15410","純プラチナ上場信託（現物国内保管型）","純プラ信","Japan Physical Platinum ETF","国内","","ETF","その他","","1","2010-07-02","","","","01月20日","",""
"2026-05-25","15420","純銀上場信託（現物国内保管型）","純銀信託","Japan Physical Silver ETF","国内","","ETF","その他","","1","2010-07-02","","","","01月20日","",""
"2026-05-25","15430","純パラジウム上場信託（現物国内保管型）","純パラ信","Japan Physical Palladium ETF","国内","","ETF","その他","","1","2010-07-02","","","","01月20日","",""
"2026-05-25","15450","ＮＥＸＴ　ＦＵＮＤＳ　ＮＡＳＤＡＱ－１００（為替ヘッジなし）連動型上場投信","ナスダックヘッジ無","NEXT FUNDS NASDAQ-100(R) (Unhedged) Exchange Traded Fund","国内","","ETF","その他","","10","2013-07-16","","","","08月10日","",""
"2026-05-25","15460","ＮＥＸＴ　ＦＵＮＤＳ　ダウ・ジョーンズ工業株３０種平均株価（為替ヘッジなし）連動型上場投信","ダウヘッジ無","NEXT FUNDS DJIA (Unhedged) Exchange Traded Fund","国内","","ETF","その他","","1","2013-07-16","","","","08月10日","",""
"2026-05-25","15470","上場インデックスファンド米国株式（Ｓ＆Ｐ５００）","上場米国","Listed Index Fund US Equity (S&P500)","国内","","ETF","その他","","1","2010-10-29","","","","01月20日","",""
"2026-05-25","15500","ＭＡＸＩＳ　海外株式（ＭＳＣＩコクサイ）上場投信","ＭＸＳ外株","MAXIS Global Equity (MSCI Kokusai) ETF","国内","","ETF","その他","","1","2010-11-25","","","","06月08日","12月08日",""
"2026-05-25","15510","東証スタンダードＴＯＰ２０ＥＴＦ","スタンダドＴＯＰ２０","TSE Standard Top 20 ETF","国内","","ETF","その他","","10","2013-07-16","","","","07月08日","",""
"2026-05-25","15540","上場インデックスファンド世界株式（ＭＳＣＩ　ＡＣＷＩ）除く日本","上場ＭＳ世","Listed Index Fund World Equity (MSCI ACWI) ex Japan","国内","","ETF","その他","","1","2011-03-08","","","","01月20日","",""
"2026-05-25","15550","上場インデックスファンド豪州リート（Ｓ＆Ｐ／ＡＳＸ２００　Ａ－ＲＥＩＴ）","上場Ａリート","Listed Index Fund Australian REIT (S&P/ASX200 A-REIT)","国内","","ETF","その他","","1","2011-03-09","","","","01月10日","07月10日",""
"2026-05-25","15570","Ｓｔａｔｅ　Ｓｔｒｅｅｔ　ＳＰＤＲ　Ｓ＆Ｐ　５００　ＥＴＦ","ＳＰＤＲ５００","State Street SPDR S&P 500 ETF Trust","国外","アメリカ合衆国","ETF","その他","","1","2011-03-24","","","","09月30日","03月31日",""
"2026-05-25","15590","ＮＥＸＴ　ＦＵＮＤＳ　タイ株式ＳＥＴ５０指数連動型上場投信","ＮＦタイ株","NEXT FUNDS Thai Stock SET50 Exchange Traded Fund","国内","","ETF","その他","","1","2011-05-12","","","","08月10日","",""
"2026-05-25","15600","ＮＥＸＴ　ＦＵＮＤＳ　ＦＴＳＥブルサ・マレーシアＫＬＣＩ連動型上場投信","ＮＦマレーシア株","NEXT FUNDS FTSE Bursa Malaysia KLCI Exchange Traded Fund","国内","","ETF","その他","","1","2011-05-12","","","","08月10日","",""
"2026-05-25","15630","東証グロース・コアＥＴＦ","東証グロース・コア","TSE Growth Core ETF","国内","","ETF","その他","","1","2011-11-29","","","","07月08日","",""
"2026-05-25","15660","上場インデックスファンド新興国債券","上場ＥＭ債","Listed Index Fund Emerging Bond","国内","","ETF","その他","","1","2012-03-30","","","","01月10日","07月10日",""
"2026-05-25","15680","ＴＯＰＩＸブル２倍上場投信","ＴＰレバレッジダブル","TOPIX Bull 2x ETF","国内","","ETF","その他","","10","2012-04-05","","","","02月20日","",""
"2026-05-25","15690","ＴＯＰＩＸベア上場投信","トピックスインバース","TOPIX Bear -1x ETF","国内","","ETF","その他","","10","2012-04-05","","","","02月20日","",""
"2026-05-25","15700","ＮＥＸＴ　ＦＵＮＤＳ　日経平均レバレッジ・インデックス連動型上場投信","ＮＦ日経レバ","NEXT FUNDS Nikkei 225 Leveraged Index Exchange Traded Fund","国内","","ETF","その他","","1","2013-07-16","","","","05月20日","",""
"2026-05-25","15710","ＮＥＸＴ　ＦＵＮＤＳ　日経平均インバース・インデックス連動型上場投信","ＮＦ日経インバ","NEXT FUNDS Nikkei 225 Inverse Index Exchange Traded Fund","国内","","ETF","その他","","1","2013-07-16","","","","05月20日","",""
"2026-05-25","15720","中国Ｈ株ブル２倍上場投信","Ｈ株レバレッジダブル","China Bull 2x HSCEI ETF","国内","","ETF","その他","","10","2012-12-06","","","","12月04日","",""
"2026-05-25","15730","中国Ｈ株ベア上場投信","Ｈ株インバース","China Bear -1x HSCEI ETF","国内","","ETF","その他","","10","2012-12-06","","","","12月04日","",""
"2026-05-25","15770","ＮＥＸＴ　ＦＵＮＤＳ　野村日本株高配当７０連動型上場投信","ＮＦ日本高配当７０","NEXT FUNDS Nomura Japan Equity High Dividend 70 Exchange Traded Fund","国内","","ETF","その他","","1","2013-03-07","","","","01月07日","07月07日",""
"2026-05-25","15780","上場インデックスファンド日経２２５（ミニ）","上場２２５Ｍ","Listed Index Fund Nikkei 225 (Mini)","国内","","ETF","その他","","1","2013-03-25","","","","01月08日","07月08日",""
"2026-05-25","15790","日経平均ブル２倍上場投信","日経レバレッジダブル","Nikkei 225 Bull 2x ETF","国内","","ETF","その他","","10","2013-05-09","","","","02月20日","",""
"2026-05-25","15800","日経平均ベア上場投信","２２５インバース","Nikkei 225 Bear -1x ETF","国内","","ETF","その他","","10","2013-05-09","","","","02月20日","",""
"2026-05-25","15850","ｉＦｒｅｅＥＴＦ　ＴＯＰＩＸ　Ｅｘ－Ｆｉｎａｎｃｉａｌｓ","ｉＦＥＸ－Ｆ","iFreeETF TOPIX Ex-Financials","国内","","ETF","その他","","10","2013-09-20","","","","01月10日","07月10日",""
"2026-05-25","15860","上場インデックスファンドＴＯＰＩＸ　Ｅｘ－Ｆｉｎａｎｃｉａｌｓ","上場ＴＰＸ除く金融","Listed Index Fund TOPIX Ex-Financials","国内","","ETF","その他","","1","2013-09-26","","","","01月08日","07月08日",""
"2026-05-25","15910","ＮＥＸＴ　ＦＵＮＤＳ　ＪＰＸ日経インデックス４００連動型上場投信","ＮＦＪＰＸ４００","NEXT FUNDS JPX-Nikkei Index 400 Exchange Traded Fund","国内","","ETF","その他","","1","2014-01-28","","","","04月07日","10月07日",""
"2026-05-25","15920","上場インデックスファンドＪＰＸ日経インデックス４００","上場ＪＰＸ日経４００","Listed Index Fund JPX-Nikkei Index 400","国内","","ETF","その他","","1","2014-01-28","","","","01月08日","07月08日",""
"2026-05-25","15930","ＭＡＸＩＳ　ＪＰＸ日経インデックス４００上場投信","ＭＸＳ４００","MAXIS JPX-Nikkei Index 400 ETF","国内","","ETF","その他","","1","2014-02-06","","","","01月16日","07月16日",""
"2026-05-25","15950","ＮＺＡＭ　上場投信　東証ＲＥＩＴ指数","ＮＺＡＭ　Ｊリート","NZAM ETF J-REIT Index","国内","","ETF","その他","","1","2014-03-07","","","","01月15日","07月15日",""
"2026-05-25","15960","ＮＺＡＭ　上場投信　ＴＯＰＩＸ　Ｅｘ－Ｆｉｎａｎｃｉａｌｓ","ＮＺＡＭ　Ｅｘ―Ｆ","NZAM ETF TOPIX Ex-Financials","国内","","ETF","その他","","1","2014-03-07","","","","01月15日","07月15日",""
"2026-05-25","15970","ＭＡＸＩＳ　Ｊリート上場投信","ＭＸＳ　Ｊリート","MAXIS J-REIT ETF","国内","","ETF","その他","","1","2014-02-25","","","","03月08日","09月08日",""
"2026-05-25","15990","ｉＦｒｅｅＥＴＦ　ＪＰＸ日経４００","ｉＦＪＰＸ日経４００","iFreeETF JPX-Nikkei400","国内","","ETF","その他","","1","2014-03-27","","","","01月10日","07月10日",""
"2026-05-25","16050","ＩＮＰＥＸ","ＩＮＰＥＸ","INPEX CORPORATION","国内","","株式","プライム","鉱業","100","2006-04-03","","2006-04-03","東京都","12月31日","06月30日",""
"2026-05-25","16150","ＮＥＸＴ　ＦＵＮＤＳ　東証銀行業株価指数連動型上場投信","ＮＦ銀行業","NEXT FUNDS TOPIX Banks Exchange Traded Fund","国内","","ETF","その他","","10","2002-04-03","","","","07月15日","",""
"2026-05-25","16170","ＮＥＸＴ　ＦＵＮＤＳ　食品（ＴＯＰＩＸ－１７）上場投信","ＮＦ食品Ｔ１７","NEXT FUNDS TOPIX-17 FOODS ETF","国内","","ETF","その他","","1","2008-03-25","","","","07月15日","",""
"2026-05-25","16180","ＮＥＸＴ　ＦＵＮＤＳ　エネルギー資源（ＴＯＰＩＸ－１７）上場投信","ＮＦエネ資源Ｔ１７","NEXT FUNDS TOPIX-17 ENERGY RESOURCES ETF","国内","","ETF","その他","","1","2008-03-25","","","","07月15日","",""
"2026-05-25","16190","ＮＥＸＴ　ＦＵＮＤＳ　建設・資材（ＴＯＰＩＸ－１７）上場投信","ＮＦ建設資材Ｔ１７","NEXT FUNDS TOPIX-17 CONSTRUCTION & MATERIALS ETF","国内","","ETF","その他","","1","2008-03-25","","","","07月15日","",""
"2026-05-25","16200","ＮＥＸＴ　ＦＵＮＤＳ　素材・化学（ＴＯＰＩＸ－１７）上場投信","ＮＦ素材化学Ｔ１７","NEXT FUNDS TOPIX-17 RAW MATERIALS & CHEMICALS ETF","国内","","ETF","その他","","1","2008-03-25","","","","07月15日","",""
"2026-05-25","16210","ＮＥＸＴ　ＦＵＮＤＳ　医薬品（ＴＯＰＩＸ－１７）上場投信","ＮＦ医薬品Ｔ１７","NEXT FUNDS TOPIX-17 PHARMACEUTICAL ETF","国内","","ETF","その他","","1","2008-03-25","","","","07月15日","",""
"2026-05-25","16220","ＮＥＸＴ　ＦＵＮＤＳ　自動車・輸送機（ＴＯＰＩＸ－１７）上場投信","ＮＦ自動車Ｔ１７","NEXT FUNDS TOPIX-17 AUTOMOBILES TRANSPORTATION EQUIPMENT ETF","国内","","ETF","その他","","1","2008-03-25","","","","07月15日","",""
"2026-05-25","16230","ＮＥＸＴ　ＦＵＮＤＳ　鉄鋼・非鉄（ＴＯＰＩＸ－１７）上場投信","ＮＦ鉄鋼非鉄Ｔ１７","NEXT FUNDS TOPIX-17 STEEL & NONFERROUS ETF","国内","","ETF","その他","","1","2008-03-25","","","","07月15日","",""
"2026-05-25","16240","ＮＥＸＴ　ＦＵＮＤＳ　機械（ＴＯＰＩＸ－１７）上場投信","ＮＦ機械Ｔ１７","NEXT FUNDS TOPIX-17 MACHINERY ETF","国内","","ETF","その他","","1","2008-03-25","","","","07月15日","",""
"2026-05-25","16250","ＮＥＸＴ　ＦＵＮＤＳ　電機・精密（ＴＯＰＩＸ－１７）上場投信","ＮＦ電機精密Ｔ１７","NEXT FUNDS TOPIX-17 ELECTRIC & PRECISION INSTRUMENTS ETF","国内","","ETF","その他","","1","2008-03-25","","","","07月15日","",""
"2026-05-25","16260","ＮＥＸＴ　ＦＵＮＤＳ　情報通信・サービスその他（ＴＯＰＩＸ－１７）上場投信","ＮＦ情通・他Ｔ１７","NEXT FUNDS TOPIX-17 IT & SERVICES,OTHERS ETF","国内","","ETF","その他","","1","2008-03-25","","","","07月15日","",""
"2026-05-25","16270","ＮＥＸＴ　ＦＵＮＤＳ　電力・ガス（ＴＯＰＩＸ－１７）上場投信","ＮＦ電力ガスＴ１７","NEXT FUNDS TOPIX-17 ELECTRIC POWER & GAS ETF","国内","","ETF","その他","","1","2008-03-25","","","","07月15日","",""
"2026-05-25","16280","ＮＥＸＴ　ＦＵＮＤＳ　運輸・物流（ＴＯＰＩＸ－１７）上場投信","ＮＦ運輸物流Ｔ１７","NEXT FUNDS TOPIX-17 TRANSPORTATION & LOGISTICS ETF","国内","","ETF","その他","","1","2008-03-25","","","","07月15日","",""
"2026-05-25","16290","ＮＥＸＴ　ＦＵＮＤＳ　商社・卸売（ＴＯＰＩＸ－１７）上場投信","ＮＦ商社卸売Ｔ１７","NEXT FUNDS TOPIX-17 COMMERCIAL & WHOLESALE TRADE ETF","国内","","ETF","その他","","10","2008-03-25","","","","07月15日","",""
"2026-05-25","16300","ＮＥＸＴ　ＦＵＮＤＳ　小売（ＴＯＰＩＸ－１７）上場投信","ＮＦ小売Ｔ１７","NEXT FUNDS TOPIX-17 RETAIL TRADE ETF","国内","","ETF","その他","","1","2008-03-25","","","","07月15日","",""
"2026-05-25","16310","ＮＥＸＴ　ＦＵＮＤＳ　銀行（ＴＯＰＩＸ－１７）上場投信","ＮＦ銀行Ｔ１７","NEXT FUNDS TOPIX-17 BANKS ETF","国内","","ETF","その他","","1","2008-03-25","","","","07月15日","",""
"2026-05-25","16320","ＮＥＸＴ　ＦＵＮＤＳ　金融（除く銀行）（ＴＯＰＩＸ－１７）上場投信","ＮＦ金融Ｔ１７","NEXT FUNDS TOPIX-17 FINANCIALS (EX BANKS) ETF","国内","","ETF","その他","","1","2008-03-25","","","","07月15日","",""
"2026-05-25","16330","ＮＥＸＴ　ＦＵＮＤＳ　不動産（ＴＯＰＩＸ－１７）上場投信","ＮＦ不動産Ｔ１７","NEXT FUNDS TOPIX-17 REAL ESTATE ETF","国内","","ETF","その他","","1","2008-03-25","","","","07月15日","",""
"2026-05-25","16510","ｉＦｒｅｅＥＴＦ　ＴＯＰＩＸ高配当４０指数","ｉＦ高配当４０","iFreeETF TOPIX High Dividend Yield 40 Index","国内","","ETF","その他","","1","2017-09-26","","","","02月10日","08月10日",""
"2026-05-25","16520","ｉＦｒｅｅＥＴＦ　ＭＳＣＩ日本株女性活躍指数（ＷＩＮ）","ｉＦ女性活躍ＷＩＮ","iFreeETF MSCI Japan Empowering Women Index (WIN)","国内","","ETF","その他","","10","2017-09-26","","","","01月10日","07月10日",""
"2026-05-25","16530","ｉＦｒｅｅＥＴＦ　ＭＳＣＩジャパンＥＳＧセレクト・リーダーズ指数","ｉＦＥＳＧセレクト","iFreeETF MSCI Japan ESG Select Leaders Index","国内","","ETF","その他","","10","2017-09-26","","","","01月10日","07月10日",""
"2026-05-25","16540","ｉＦｒｅｅＥＴＦ　ＦＴＳＥ　ＪＰＸ　Ｂｌｏｓｓｏｍ　Ｊａｐａｎ　Ｉｎｄｅｘ","ｉＦブロッサム","iFreeETF FTSE JPX Blossom Japan Index","国内","","ETF","その他","","10","2017-09-26","","","","01月10日","07月10日",""
"2026-05-25","16550","ｉシェアーズ　Ｓ＆Ｐ　５００　米国株　ＥＴＦ","ｉＳＳＰ５００米国株","iShares S&P 500 ETF","国内","","ETF","その他","","10","2017-09-28","","","","02月09日","08月09日",""
"2026-05-25","16560","ｉシェアーズ・コア　米国債７－１０年　ＥＴＦ","ｉＳ米国債七十","iShares Core 7-10 Year US Treasury Bond ETF","国内","","ETF","その他","","10","2017-09-28","","","","01月11日","07月11日",""
"2026-05-25","16570","ｉシェアーズ・コア　ＭＳＣＩ　先進国株（除く日本）ＥＴＦ","ｉＳＭＳＣＩ先進国株","iShares Core MSCI Kokusai ETF","国内","","ETF","その他","","1","2017-09-28","","","","02月09日","08月09日",""
"2026-05-25","16580","ｉシェアーズ・コア　ＭＳＣＩ　新興国株　ＥＴＦ","ｉＳＭＳＣＩ新興国株","iShares Core MSCI Emerging Markets IMI ETF","国内","","ETF","その他","","1","2017-09-28","","","","02月09日","08月09日",""
"2026-05-25","16590","ｉシェアーズ　米国リート　ＥＴＦ","ｉＳ米国リート","iShares US REIT ETF","国内","","ETF","その他","","1","2017-09-28","","","","02月09日","08月09日",""
"2026-05-25","16600","ＭＡＸＩＳ高利回りＪリート上場投信","ＭＸＳ高利Ｊリート","MAXIS High Yield J-REIT ETF","国内","","ETF","その他","","1","2017-10-11","","","","01月10日","07月10日",""
"2026-05-25","16620","石油資源開発","石油資源","Japan Petroleum Exploration Co.,Ltd.","国内","","株式","プライム","鉱業","100","2003-12-10","","1970-04-01","東京都","03月31日","09月30日",""
"2026-05-25","16630","Ｋ＆Ｏエナジーグループ","Ｋ＆Ｏエナジー","K&O Energy Group Inc.","国内","","株式","プライム","鉱業","100","2014-01-06","","2014-01-06","千葉県","12月31日","06月30日",""
"2026-05-25","16710","ＷＴＩ原油価格連動型上場投信","ＷＴＩ原油ＥＴＦ","Simplex WTI ETF","国内","","ETF","その他","","1","2013-07-16","","","","01月15日","07月15日",""
"2026-05-25","16720","ＷｉｓｄｏｍＴｒｅｅ　金上場投資信託","金ＥＴＦ","WisdomTree Physical Gold Individual Securities","国外","ジャージー島","ETF","その他","","1","2009-08-24","","","","12月31日","",""
"2026-05-25","16730","ＷｉｓｄｏｍＴｒｅｅ　銀上場投資信託","銀ＥＴＦ","WisdomTree Physical Silver Individual Securities","国外","ジャージー島","ETF","その他","","10","2009-08-24","","","","12月31日","",""
"2026-05-25","16740","ＷｉｓｄｏｍＴｒｅｅ　白金上場投資信託","プラチナＥＴＦ","WisdomTree Physical Platinum Individual Securities","国外","ジャージー島","ETF","その他","","1","2009-08-24","","","","12月31日","",""
"2026-05-25","16750","ＷｉｓｄｏｍＴｒｅｅ　パラジウム上場投資信託","パラジＥＴＦ","WisdomTree Physical Palladium Individual Securities","国外","ジャージー島","ETF","その他","","1","2009-08-24","","","","12月31日","",""
"2026-05-25","16760","ＷｉｓｄｏｍＴｒｅｅ　貴金属バスケット上場投資信託","キンゾクＥＴＦ","WisdomTree Physical Precious Metals Basket Securities","国外","ジャージー島","ETF","その他","","1","2009-08-24","","","","12月31日","",""
"2026-05-25","16770","上場インデックスファンド海外債券（ＦＴＳＥ　ＷＧＢＩ）毎月分配型","上場外債","Listed Index Fund International Bond (FTSE WGBI) Monthly Dividend Payment Type","国内","","ETF","その他","","10","2009-09-30","","","","01月10日","07月10日",""
"2026-05-25","16780","ＮＥＸＴ　ＦＵＮＤＳ　インド株式指数・Ｎｉｆｔｙ　５０　連動型上場投信","ＮＦインド株","NEXT FUNDS Nifty 50 Linked Exchange Traded Fund","国内","","ETF","その他","","10","2009-11-26","","","","08月10日","",""
"2026-05-25","16790","Ｓｉｍｐｌｅ－Ｘ　ＮＹ　ダウ・ジョーンズ・インデックス上場投信","ＮＹダウ","Simple-X NY Dow Jones Index ETF","国内","","ETF","その他","","10","2009-12-10","","","","12月06日","",""
"2026-05-25","16800","上場インデックスファンド海外先進国株式（ＭＳＣＩ－ＫＯＫＵＳＡＩ）","上場ＭＳコク","Listed Index Fund International Developed Countries Equity (MSCI-KOKUSAI)","国内","","ETF","その他","","1","2010-01-29","","","","01月20日","",""
"2026-05-25","16810","上場インデックスファンド海外新興国株式（ＭＳＣＩ　エマージング）","上場ＭＳエマ","Listed Index Fund International Emerging Countries Equity (MSCI EMERGING)","国内","","ETF","その他","","1","2010-02-24","","","","01月20日","",""
"2026-05-25","16840","ＷｉｓｄｏｍＴｒｅｅ　ブロード上場投資信託","商品ＥＴＦ","WisdomTree Broad Commodities","国外","ジャージー島","ETF","その他","","10","2010-03-19","","","","12月31日","",""
"2026-05-25","16850","ＷｉｓｄｏｍＴｒｅｅ　エネルギー上場投資信託","エナジーＥＴＦ","WisdomTree Energy","国外","ジャージー島","ETF","その他","","10","2010-03-19","","","","12月31日","",""
"2026-05-25","16860","ＷｉｓｄｏｍＴｒｅｅ　産業用金属上場投資信託","メタルＥＴＦ","WisdomTree Industrial Metals","国外","ジャージー島","ETF","その他","","10","2010-03-19","","","","12月31日","",""
"2026-05-25","16870","ＷｉｓｄｏｍＴｒｅｅ　農産物上場投資信託","アグリＥＴＦ","WisdomTree Agriculture","国外","ジャージー島","ETF","その他","","10","2010-03-19","","","","12月31日","",""
"2026-05-25","16880","ＷｉｓｄｏｍＴｒｅｅ　穀物上場投資信託","穀物ＥＴＦ","WisdomTree Grains","国外","ジャージー島","ETF","その他","","10","2010-03-19","","","","12月31日","",""
"2026-05-25","16890","ＷｉｓｄｏｍＴｒｅｅ　天然ガス上場投資信託","ガスＥＴＦ","WisdomTree Natural Gas","国外","ジャージー島","ETF","その他","","1","2010-03-19","","","","12月31日","",""
"2026-05-25","16900","ＷｉｓｄｏｍＴｒｅｅ　ＷＴＩ　原油上場投資信託","原油ＥＴＦ","WisdomTree WTI Crude Oil","国外","ジャージー島","ETF","その他","","10","2010-03-19","","","","12月31日","",""
"2026-05-25","16910","ＷｉｓｄｏｍＴｒｅｅ　ガソリン上場投資信託","ガソリンＥＴＦ","WisdomTree Gasoline","国外","ジャージー島","ETF","その他","","1","2010-03-19","","","","12月31日","",""
"2026-05-25","16920","ＷｉｓｄｏｍＴｒｅｅ　アルミニウム上場投資信託","アルミＥＴＦ","WisdomTree Aluminium","国外","ジャージー島","ETF","その他","","100","2010-03-19","","","","12月31日","",""
"2026-05-25","16930","ＷｉｓｄｏｍＴｒｅｅ　銅上場投資信託","銅ＥＴＦ","WisdomTree Copper","国外","ジャージー島","ETF","その他","","10","2010-03-19","","","","12月31日","",""
"2026-05-25","16940","ＷｉｓｄｏｍＴｒｅｅ　ニッケル上場投資信託","ニッケルＥＴＦ","WisdomTree Nickel","国外","ジャージー島","ETF","その他","","10","2010-03-19","","","","12月31日","",""
"2026-05-25","16950","ＷｉｓｄｏｍＴｒｅｅ　小麦上場投資信託","小麦ＥＴＦ","WisdomTree Wheat","国外","ジャージー島","ETF","その他","","1","2010-03-19","","","","12月31日","",""
"2026-05-25","16960","ＷｉｓｄｏｍＴｒｅｅ　とうもろこし上場投資信託","コーンＥＴＦ","WisdomTree Corn","国外","ジャージー島","ETF","その他","","1","2010-03-19","","","","12月31日","",""
"2026-05-25","16970","ＷｉｓｄｏｍＴｒｅｅ　大豆上場投資信託","大豆ＥＴＦ","WisdomTree Soybeans","国外","ジャージー島","ETF","その他","","10","2010-03-19","","","","12月31日","",""
"2026-05-25","16980","上場インデックスファンド日本高配当（東証配当フォーカス１００）","上場配当","Listed Index Fund Japan High Dividend (TSE Dividend Focus 100)","国内","","ETF","その他","","1","2010-05-14","","","","01月08日","",""
"2026-05-25","16990","ＮＥＸＴ　ＦＵＮＤＳ　ＮＯＭＵＲＡ　原油インデックス連動型上場投信","ＮＦ原油先物","NEXT FUNDS NOMURA Crude Oil Long Index Linked Exchange Traded Fund","国内","","ETF","その他","","10","2010-05-17","","","","02月10日","",""
"2026-05-25","17110","ＳＤＳホールディングス","ＳＤＳＨＤ","SDS HOLDINGS Co.,Ltd.","国内","","株式","スタンダード","建設業","100","2004-12-16","","1986-06-09","東京都","03月31日","09月30日",""
"2026-05-25","17120","ダイセキ環境ソリューション","ダイセキＳ","Daiseki Eco.Solution Co.,Ltd.","国内","","株式","上場廃止","建設業","100","2004-12-08","2025-12-19","1996-11-01","愛知県","02月末日","08月31日",""
"2026-05-25","17160","第一カッター興業","第一カッター","DAI-ICHI CUTTER KOGYO K.K.","国内","","株式","スタンダード","建設業","100","2013-07-16","","1967-08-09","神奈川県","06月30日","12月31日",""
"2026-05-25","17170","明豊ファシリティワークス","明豊ファシリティ","Meiho Facility Works Ltd.","国内","","株式","スタンダード","サービス業","100","2013-07-16","","1980-09-12","東京都","03月31日","09月30日",""
"2026-05-25","17180","美樹工業","美樹工業","MIKIKOGYO CO.,LTD.","国内","","株式","スタンダード","建設業","100","2013-07-16","","1962-01-23","兵庫県","12月31日","06月30日",""
"2026-05-25","17190","安藤・間","安藤ハザマ","HAZAMA ANDO CORPORATION","国内","","株式","プライム","建設業","100","2003-10-01","","2003-10-01","東京都","03月31日","09月30日",""
"2026-05-25","17200","東急建設","東急建設","TOKYU CONSTRUCTION CO., LTD.","国内","","株式","プライム","建設業","100","2003-10-01","","2003-04-10","東京都","03月31日","09月30日",""
"2026-05-25","17210","コムシスホールディングス","コムシスＨＤ","COMSYS Holdings Corporation","国内","","株式","プライム","建設業","100","2003-09-29","","2003-09-29","東京都","03月31日","09月30日",""
"2026-05-25","17230","日本電技","日本電技","NIHON DENGI CO.,LTD.","国内","","株式","スタンダード","建設業","100","2013-07-16","","1959-09-26","東京都","03月31日","09月30日",""
"2026-05-25","17240","シンクレイヤ","シンクレイヤ","SYNCLAYER INC.","国内","","株式","スタンダード","建設業","100","2013-07-16","","1962-05-02","愛知県","12月31日","06月30日",""
"2026-05-25","17260","ビーアールホールディングス","Ｂｒ．ＨＤ","Br.Holdings Corporation","国内","","株式","プライム","建設業","100","2002-09-26","","2002-09-27","広島県","03月31日","09月30日",""
"2026-05-25","17360","オーテック","オーテック","OTEC CORPORATION","国内","","株式","スタンダード","建設業","100","2013-07-16","","1948-07-16","東京都","03月31日","09月30日",""
"2026-05-25","17430","コーアツ工業","コーアツ工業","KOATSU KOGYO CO.,LTD.","国内","","株式","上場廃止","建設業","100","2013-07-16","2025-11-28","1959-11-10","鹿児島県","09月30日","03月31日",""
"2026-05-25","17570","創建エース","創建エース","Souken Ace Co.,Ltd.","国内","","株式","上場廃止","建設業","100","2013-07-16","2025-09-19","1965-02-19","東京都","03月31日","09月30日",""
"2026-05-25","17580","太洋基礎工業","太洋基礎","Taiyo Kisokogyo Co.,Ltd.","国内","","株式","スタンダード","建設業","100","2013-07-16","","1967-05-01","愛知県","01月31日","07月31日",""
"2026-05-25","17620","高松コンストラクショングループ","高松Ｇ","TAKAMATSU CONSTRUCTION GROUP CO.,LTD.","国内","","株式","プライム","建設業","100","2000-01-31","","1965-06-07","大阪府","03月31日","09月30日",""
"2026-05-25","17640","工藤建設","工藤建設","KUDO CORPORATION","国内","","株式","スタンダード","建設業","100","1997-04-11","","1971-07-01","神奈川県","06月30日","12月31日",""
"2026-05-25","17660","東建コーポレーション","東建コーポ","TOKEN CORPORATION","国内","","株式","プライム","建設業","100","2002-03-20","","1976-07-17","愛知県","04月30日","10月31日",""
"2026-05-25","17680","ソネック","ソネック","SONEC CORPORATION","国内","","株式","スタンダード","建設業","100","2013-07-16","","1944-03-14","兵庫県","03月31日","09月30日",""
"2026-05-25","17700","藤田エンジニアリング","藤田エンジ","FUJITA ENGINEERING CO.,LTD.","国内","","株式","スタンダード","建設業","100","2013-07-16","","1964-10-28","群馬県","03月31日","09月30日",""
"2026-05-25","17730","ワイ・ティー・エル・コーポレーション・バーハッド","ＹＴＬ","YTL Corporation Berhad","国外","マレーシア","株式","プライム","建設業","1000","1996-02-29","","","","06月30日","12月31日",""
"2026-05-25","17760","三井住建道路","三住道路","SUMIKEN MITSUI ROAD CO., LTD.","国内","","株式","スタンダード","建設業","100","1996-02-15","","1948-02-24","東京都","03月31日","09月30日",""
"2026-05-25","17800","ヤマウラ","ヤマウラ","YAMAURA CORPORATION","国内","","株式","プライム","建設業","100","1997-08-26","","1960-08-30","長野県","03月31日","09月30日",""
"2026-05-25","17830","ｆａｎｔａｓｉｓｔａ","ｆａｎｔａｓｉｓｔａ","Fantasista Co.,Ltd.","国内","","株式","スタンダード","不動産業","100","2013-07-16","","1950-08-01","東京都","09月30日","03月31日",""
"2026-05-25","17860","オリエンタル白石","オリエンタル白石","Oriental Shiraishi Corporation","国内","","株式","プライム","建設業","100","2021-04-01","","1952-10-21","東京都","03月31日","09月30日",""
"2026-05-25","17870","ナカボーテック","ナカボーテック","Nakabohtec Corrosion Protecting Co.,Ltd.","国内","","株式","スタンダード","建設業","100","2013-07-16","","1951-08-27","東京都","03月31日","09月30日",""
"2026-05-25","17880","三東工業社","三東工業","SANTO CORPORATION","国内","","株式","スタンダード","建設業","100","2013-07-16","","1954-07-21","滋賀県","06月30日","12月31日",""
"2026-05-25","17930","大本組","大本組","OHMOTO GUMI CO.,LTD.","国内","","株式","スタンダード","建設業","100","2013-07-16","","1937-12-19","岡山県","03月31日","09月30日",""
"2026-05-25","17950","マサル","マサル","MASARU CORPORATION","国内","","株式","スタンダード","建設業","100","2013-07-16","","1957-09-30","東京都","09月30日","03月31日",""
"2026-05-25","17980","守谷商会","守谷商会","MORIYA CORPORATION","国内","","株式","スタンダード","建設業","100","2013-07-16","","1955-08-02","長野県","03月31日","09月30日",""
"2026-05-25","17990","第一建設工業","第一建設","DAIICHI KENSETSU CORPORATION","国内","","株式","スタンダード","建設業","100","2013-07-16","","1942-09-23","新潟県","03月31日","09月30日",""
"2026-05-25","18010","大成建設","大成建","TAISEI CORPORATION","国内","","株式","プライム","建設業","100","1957-09-09","","1917-12-28","東京都","03月31日","09月30日",""
"2026-05-25","18020","大林組","大林組","OBAYASHI CORPORATION","国内","","株式","プライム","建設業","100","1960-11-01","","1936-12-19","東京都","03月31日","09月30日",""
"2026-05-25","18030","清水建設","清水建","SHIMIZU CORPORATION","国内","","株式","プライム","建設業","100","1961-10-02","","1937-08-24","東京都","03月31日","09月30日",""
"2026-05-25","18070","佐藤渡辺","佐藤渡辺","WATANABE SATO CO.,LTD.","国内","","株式","スタンダード","建設業","100","2013-07-16","","1938-12-20","東京都","03月31日","09月30日",""
"2026-05-25","18080","長谷工コーポレーション","長谷工","HASEKO Corporation","国内","","株式","プライム","建設業","100","1962-03-05","","1946-08-22","東京都","03月31日","09月30日",""
"2026-05-25","18100","松井建設","松井建","MATSUI CONSTRUCTION CO.,LTD.","国内","","株式","スタンダード","建設業","100","1961-10-02","","1939-01-20","東京都","03月31日","09月30日",""
"2026-05-25","18110","錢高組","銭高組","THE ZENITAKA CORPORATION","国内","","株式","スタンダード","建設業","100","2013-07-16","","1931-04-10","大阪府","03月31日","09月30日",""
"2026-05-25","18120","鹿島建設","鹿島","KAJIMA CORPORATION","国内","","株式","プライム","建設業","100","1961-10-02","","1930-02-22","東京都","03月31日","09月30日",""
"2026-05-25","18130","不動テトラ","不動テトラ","Fudo Tetra Corporation","国内","","株式","プライム","建設業","100","1962-05-01","","1947-01-28","東京都","03月31日","09月30日",""
"2026-05-25","18140","大末建設","大末建","DAISUE CONSTRUCTION CO.,LTD.","国内","","株式","プライム","建設業","100","1963-07-04","","1947-03-20","大阪府","03月31日","09月30日",""
"2026-05-25","18150","鉄建建設","鉄建建設","TEKKEN CORPORATION","国内","","株式","プライム","建設業","100","1961-10-02","","1944-02-01","東京都","03月31日","09月30日",""
"2026-05-25","18200","西松建設","西松建","Nishimatsu Construction Co.,Ltd.","国内","","株式","プライム","建設業","100","1961-11-16","","1937-09-20","東京都","03月31日","09月30日",""
"2026-05-25","18210","三井住友建設","三住建設","Sumitomo Mitsui Construction Co., Ltd.","国内","","株式","上場廃止","建設業","100","1962-02-05","2025-12-19","1941-10-14","東京都","03月31日","09月30日",""
"2026-05-25","18220","大豊建設","大豊建","DAIHO CORPORATION","国内","","株式","スタンダード","建設業","100","1962-02-01","","1949-03-31","東京都","03月31日","09月30日",""
"2026-05-25","18260","佐田建設","佐田建","Sata Construction Co.,Ltd.","国内","","株式","スタンダード","建設業","100","1962-08-15","","1949-10-03","群馬県","03月31日","09月30日",""
"2026-05-25","18270","ナカノフドー建設","ナカノフドー","NAKANO CORPORATION","国内","","株式","スタンダード","建設業","100","1962-09-11","","1942-12-19","東京都","03月31日","09月30日",""
"2026-05-25","18280","田辺工業","田辺工業","TANABE ENGINEERING CORPORATION","国内","","株式","スタンダード","建設業","100","2007-03-22","","1969-02-01","新潟県","03月31日","09月30日",""
"2026-05-25","18330","奥村組","奥村組","OKUMURA CORPORATION","国内","","株式","プライム","建設業","100","1963-08-20","","1938-03-03","大阪府","03月31日","09月30日",""
"2026-05-25","18350","東鉄工業","東鉄工","TOTETSU KOGYO CO.,LTD.","国内","","株式","プライム","建設業","100","1962-11-19","","1943-07-07","東京都","03月31日","09月30日",""
"2026-05-25","18400","土屋ホールディングス","土屋ＨＤ","TSUCHIYA HOLDINGS CO.,LTD.","国内","","株式","スタンダード","建設業","100","1996-08-19","","1976-09-21","北海道","10月31日","04月30日",""
"2026-05-25","18410","サンユー建設","サンユー建設","SANYU CONSTRUCTION CO.,LTD.","国内","","株式","上場廃止","建設業","100","2013-07-16","2026-03-27","1950-07-11","東京都","03月31日","09月30日",""
"2026-05-25","18440","大盛工業","大盛工","OHMORI CO.,LTD.","国内","","株式","スタンダード","建設業","100","1996-04-16","","1967-06-13","東京都","07月31日","01月31日",""
"2026-05-25","18470","イチケン","イチケン","ICHIKEN Co.,Ltd.","国内","","株式","スタンダード","建設業","100","1963-06-01","","1930-06-15","東京都","03月31日","09月30日",""
"2026-05-25","18480","富士ピー・エス","富士ピー・エス","FUJI P.S CORPORATION","国内","","株式","スタンダード","建設業","100","2013-07-16","","1954-03-19","福岡県","03月31日","09月30日",""
"2026-05-25","18500","南海辰村建設","南海辰村建設","Nankai Tatsumura Construction Co.,Ltd.","国内","","株式","スタンダード","建設業","100","2013-07-16","","1944-06-30","大阪府","03月31日","09月30日",""
"2026-05-25","18520","淺沼組","浅沼組","ASANUMA CORPORATION","国内","","株式","プライム","建設業","100","1969-05-07","","1937-06-15","大阪府","03月31日","09月30日",""
"2026-05-25","18530","森組","森組","Mori-Gumi Co.,Ltd.","国内","","株式","スタンダード","建設業","100","2013-07-16","","1934-02-03","大阪府","03月31日","09月30日",""
"2026-05-25","18600","戸田建設","戸田建","TODA CORPORATION","国内","","株式","プライム","建設業","100","1969-04-01","","1936-07-10","東京都","03月31日","09月30日",""
"2026-05-25","18610","熊谷組","熊谷組","Kumagai Gumi Co.,Ltd.","国内","","株式","プライム","建設業","100","1970-04-01","","1938-01-06","東京都","03月31日","09月30日",""
"2026-05-25","18660","北野建設","北野建","KITANO CONSTRUCTION CORP.","国内","","株式","スタンダード","建設業","100","1973-09-14","","1946-08-31","長野県","03月31日","09月30日",""
"2026-05-25","18670","植木組","植木組","UEKI CORPORATION","国内","","株式","スタンダード","建設業","100","1982-07-15","","1948-07-26","新潟県","03月31日","09月30日",""
"2026-05-25","18700","矢作建設工業","矢作建","YAHAGI CONSTRUCTION CO.,LTD.","国内","","株式","プライム","建設業","100","1995-12-25","","1949-05-14","愛知県","03月31日","09月30日",""
"2026-05-25","18710","ピーエス・コンストラクション","ピーエス","PS Construction Co.,Ltd.","国内","","株式","プライム","建設業","100","1962-06-01","","1952-03-01","東京都","03月31日","09月30日",""
"2026-05-25","18730","日本ハウスホールディングス","日本ハウスＨＤ","NIHON HOUSE HOLDINGS CO.,LTD.","国内","","株式","プライム","建設業","100","2013-07-16","","1950-03-29","東京都","04月30日","10月31日",""
"2026-05-25","18780","大東建託","大東建","DAITO TRUST CONSTRUCTION CO.,LTD.","国内","","株式","プライム","不動産業","100","1992-02-05","","1974-06-20","東京都","03月31日","09月30日",""
"2026-05-25","18790","新日本建設","新日本建","SHINNIHON CORPORATION","国内","","株式","プライム","建設業","100","1994-10-07","","1964-10-16","千葉県","03月31日","09月30日",""
"2026-05-25","18820","東亜道路工業","東亜道","TOA ROAD CORPORATION","国内","","株式","プライム","建設業","100","1961-10-02","","1930-11-28","東京都","03月31日","09月30日",""
"2026-05-25","18840","日本道路","日道路","THE NIPPON ROAD CO.,LTD.","国内","","株式","上場廃止","建設業","100","1961-10-02","2025-10-10","1929-03-10","東京都","03月31日","09月30日",""
"2026-05-25","18850","東亜建設工業","東亜建","TOA CORPORATION","国内","","株式","プライム","建設業","100","1961-09-04","","1920-01-23","東京都","03月31日","09月30日",""
"2026-05-25","18870","日本国土開発","日本国土開発","JDC CORPORATION","国内","","株式","プライム","建設業","100","2019-03-05","","1951-04-10","東京都","05月31日","11月30日",""
"2026-05-25","18880","若築建設","若築建","WAKACHIKU CONSTRUCTION CO.,LTD.","国内","","株式","プライム","建設業","100","1961-10-02","","1890-05-23","東京都","03月31日","09月30日",""
"2026-05-25","18900","東洋建設","東洋建","TOYO CONSTRUCTION CO.,LTD.","国内","","株式","上場廃止","建設業","100","1962-10-15","2025-12-16","1929-07-03","東京都","03月31日","09月30日",""
"2026-05-25","18930","五洋建設","五洋建","PENTA-OCEAN CONSTRUCTION CO.,LTD.","国内","","株式","プライム","建設業","100","1963-08-06","","1950-04-28","東京都","03月31日","09月30日",""
"2026-05-25","18970","金下建設","金下建設","The Kaneshita Construction Co.,Ltd.","国内","","株式","スタンダード","建設業","100","2013-07-16","","1951-04-10","京都府","12月31日","06月30日",""
"2026-05-25","18980","世紀東急工業","世紀東急","SEIKITOKYU KOGYO CO.,LTD.","国内","","株式","プライム","建設業","100","1973-09-07","","1950-01-16","東京都","03月31日","09月30日",""
"2026-05-25","18990","福田組","福田組","FUKUDA CORPORATION","国内","","株式","プライム","建設業","100","1975-12-19","","1927-12-29","新潟県","12月31日","06月30日",""
"2026-05-25","19040","大成温調","大成温調","TAISEI ONCHO CO.,LTD.","国内","","株式","スタンダード","建設業","100","2013-07-16","","1952-12-22","東京都","03月31日","09月30日",""
"2026-05-25","19050","テノックス","テノックス","TENOX CORPORATION","国内","","株式","スタンダード","建設業","100","2013-07-16","","1970-07-08","東京都","03月31日","09月30日",""
"2026-05-25","19090","日本ドライケミカル","日本ドライケミカル","Nippon Dry-Chemical CO.,LTD.","国内","","株式","スタンダード","機械","100","2011-06-29","","1955-04-23","東京都","03月31日","09月30日",""
"2026-05-25","19110","住友林業","住友林","Sumitomo Forestry Co.,Ltd.","国内","","株式","プライム","建設業","100","1990-11-30","","1948-02-20","東京都","12月31日","06月30日",""
"2026-05-25","19140","日本基礎技術","日基礎","JAPAN FOUNDATION ENGINEERING CO.,LTD.","国内","","株式","スタンダード","建設業","100","1993-10-07","","1935-12-27","大阪府","03月31日","09月30日",""
"2026-05-25","19210","巴コーポレーション","巴","TOMOE CORPORATION","国内","","株式","スタンダード","建設業","100","1963-10-04","","1934-06-26","東京都","03月31日","09月30日",""
"2026-05-25","19250","大和ハウス工業","大和ハウス","DAIWA HOUSE INDUSTRY CO.,LTD.","国内","","株式","プライム","建設業","100","1963-01-23","","1947-03-04","大阪府","03月31日","09月30日",""
"2026-05-25","19260","ライト工業","ライト工","RAITO KOGYO CO.,LTD.","国内","","株式","プライム","建設業","100","1961-10-02","","1948-09-28","東京都","03月31日","09月30日",""
"2026-05-25","19280","積水ハウス","積水ハウス","Sekisui House,Ltd.","国内","","株式","プライム","建設業","100","1970-08-01","","1929-05-01","大阪府","01月31日","07月31日",""
"2026-05-25","19290","日特建設","日特建","NITTOC CONSTRUCTION CO.,LTD.","国内","","株式","プライム","建設業","100","1983-12-19","","1947-12-17","東京都","03月31日","09月30日",""
"2026-05-25","19300","北陸電気工事","北陸電工","HOKURIKU ELECTRICAL CONSTRUCTION CO.,LTD.","国内","","株式","プライム","建設業","100","1990-12-12","","1944-10-01","富山県","03月31日","09月30日",""
"2026-05-25","19340","ユアテック","ユアテック","YURTEC CORPORATION","国内","","株式","プライム","建設業","100","1977-12-14","","1944-10-10","宮城県","03月31日","09月30日",""
"2026-05-25","19380","日本リーテック","日リーテック","NIPPON RIETEC CO.,LTD.","国内","","株式","プライム","建設業","100","1974-01-17","","1945-12-28","東京都","03月31日","09月30日",""
"2026-05-25","19390","四電工","四電工","YONDENKO CORPORATION","国内","","株式","プライム","建設業","100","1979-11-01","","1948-12-22","香川県","03月31日","09月30日",""
"2026-05-25","19410","中電工","中電工","CHUDENKO CORPORATION","国内","","株式","プライム","建設業","100","1970-11-02","","1944-09-29","広島県","03月31日","09月30日",""
"2026-05-25","19420","関電工","関電工","KANDENKO CO.,LTD.","国内","","株式","プライム","建設業","100","1961-10-02","","1944-09-01","東京都","03月31日","09月30日",""
"2026-05-25","19440","きんでん","きんでん","KINDEN CORPORATION","国内","","株式","プライム","建設業","100","1970-03-16","","1944-08-26","大阪府","03月31日","09月30日",""
"2026-05-25","19450","東京エネシス","東京エネシス","TOKYO ENERGY & SYSTEMS INC.","国内","","株式","プライム","建設業","100","1961-11-02","","1947-08-14","東京都","03月31日","09月30日",""
"2026-05-25","19460","トーエネック","トーエネック","TOENEC CORPORATION","国内","","株式","プライム","建設業","100","1971-10-21","","1944-10-01","愛知県","03月31日","09月30日",""
"2026-05-25","19480","弘電社","弘電社","The Kodensha,Co.,Ltd.","国内","","株式","スタンダード","建設業","100","1962-07-02","","1917-06-25","東京都","03月31日","09月30日",""
"2026-05-25","19490","住友電設","住友電設","SUMITOMO DENSETSU CO.,LTD.","国内","","株式","上場廃止","建設業","100","1972-11-01","2026-03-03","1950-04-20","大阪府","03月31日","09月30日",""
"2026-05-25","19500","日本電設工業","日本電設","NIPPON DENSETSU KOGYO CO.,LTD.","国内","","株式","プライム","建設業","100","1962-12-01","","1942-12-15","東京都","03月31日","09月30日",""
"2026-05-25","19510","エクシオグループ","エクシオグループ","EXEO Group,Inc.","国内","","株式","プライム","建設業","100","1973-03-01","","1946-12-28","東京都","03月31日","09月30日",""
"2026-05-25","19520","新日本空調","新日空調","Shin Nippon Air Technologies Co.,Ltd.","国内","","株式","プライム","建設業","100","1990-11-27","","1969-10-01","東京都","03月31日","09月30日",""
"2026-05-25","19590","クラフティア","クラフティア","KRAFTIA CORPORATION","国内","","株式","プライム","建設業","100","1971-11-01","","1944-12-01","福岡県","03月31日","09月30日",""
"2026-05-25","19600","サンテック","サンテック","Sanyo Engineering & Construction Inc.","国内","","株式","スタンダード","建設業","100","1973-05-01","","1948-10-28","東京都","03月31日","09月30日",""
"2026-05-25","19610","三機工業","三機工","SANKI ENGINEERING CO.,LTD.","国内","","株式","プライム","建設業","100","1950-09-05","","1949-08-01","東京都","03月31日","09月30日",""
"2026-05-25","19630","日揮ホールディングス","日揮ＨＤ","JGC HOLDINGS CORPORATION","国内","","株式","プライム","建設業","100","1962-05-17","","1928-10-25","神奈川県","03月31日","09月30日",""
"2026-05-25","19640","中外炉工業","中外炉","Chugai Ro Co.,Ltd.","国内","","株式","プライム","建設業","100","1970-03-20","","1945-04-25","大阪府","03月31日","09月30日",""
"2026-05-25","19650","テクノ菱和","テクノ菱和","TECHNO RYOWA LTD.","国内","","株式","スタンダード","建設業","100","1996-12-26","","1949-12-23","東京都","03月31日","09月30日",""
"2026-05-25","19660","高田工業所","高田工業所","TAKADA CORPORATION","国内","","株式","スタンダード","建設業","100","2013-07-16","","1948-06-30","福岡県","03月31日","09月30日",""
"2026-05-25","19670","ヤマト","ヤマト","YAMATO CORPORATION","国内","","株式","スタンダード","建設業","100","1964-10-15","","1946-07-12","群馬県","03月20日","09月20日",""
"2026-05-25","19680","太平電業","太平電","TAIHEI DENGYO KAISHA,LTD.","国内","","株式","プライム","建設業","100","1968-12-23","","1947-03-25","東京都","03月31日","09月30日",""
"2026-05-25","19690","高砂熱学工業","高砂熱","Takasago Thermal Engineering Co.,Ltd.","国内","","株式","プライム","建設業","100","1969-11-14","","1923-11-16","東京都","03月31日","09月30日",""
"2026-05-25","19720","三晃金属工業","三晃金","SANKO METAL INDUSTRIAL CO.,LTD.","国内","","株式","スタンダード","建設業","100","1962-09-03","","1949-06-16","東京都","03月31日","09月30日",""
"2026-05-25","19750","朝日工業社","朝日工","ASAHI KOGYOSHA CO.,LTD.","国内","","株式","プライム","建設業","100","1971-04-01","","1940-08-08","東京都","03月31日","09月30日",""
"2026-05-25","19760","明星工業","明星工業","MEISEI INDUSTRIAL Co.,Ltd.","国内","","株式","プライム","建設業","100","2013-07-16","","1947-07-02","大阪府","03月31日","09月30日",""
"2026-05-25","19790","大氣社","大気社","Taikisha Ltd.","国内","","株式","プライム","建設業","100","1974-10-21","","1949-07-07","東京都","03月31日","09月30日",""
"2026-05-25","19800","ダイダン","ダイダン","DAI-DAN CO.,LTD.","国内","","株式","プライム","建設業","100","1993-08-11","","1933-10-10","大阪府","03月31日","09月30日",""
"2026-05-25","19810","協和日成","協和日成","KYOWANISSEI CO.,LTD.","国内","","株式","スタンダード","建設業","100","2013-07-16","","1948-09-15","東京都","03月31日","09月30日",""
"2026-05-25","19820","日比谷総合設備","日比谷設","Hibiya Engineering,Ltd.","国内","","株式","プライム","建設業","100","1977-11-02","","1966-03-09","東京都","03月31日","09月30日",""
"2026-05-25","19920","神田通信機","神田通機","KANDA TSUSHINKI CO.,LTD.","国内","","株式","スタンダード","建設業","100","2013-07-16","","1947-09-26","東京都","03月31日","09月30日",""
"2026-05-25","19940","高橋カーテンウォール工業","高橋ウォール","TAKAHASHI CURTAIN WALL CORPORATION","国内","","株式","スタンダード","建設業","100","2013-07-16","","1965-01-08","東京都","12月31日","06月30日",""
"2026-05-25","19970","暁飯島工業","暁飯島","AKATSUKI EAZIMA CO.,LTD.","国内","","株式","スタンダード","建設業","100","2013-07-16","","1953-09-16","茨城県","08月31日","02月末日",""
"2026-05-25","20010","ニップン","ニップン","NIPPN CORPORATION","国内","","株式","プライム","食料品","100","1949-05-16","","1896-12-31","東京都","03月31日","09月30日",""
"2026-05-25","20020","日清製粉グループ本社","日清粉Ｇ","NISSHIN SEIFUN GROUP INC.","国内","","株式","プライム","食料品","100","1949-05-16","","1907-03-12","東京都","03月31日","09月30日",""
"2026-05-25","20030","日東富士製粉","日東富士","NITTO FUJI FLOUR MILLING CO.,LTD.","国内","","株式","スタンダード","食料品","100","1949-05-16","","1914-03-20","東京都","03月31日","09月30日",""
"2026-05-25","20040","昭和産業","昭和産","Showa Sangyo Co.,Ltd.","国内","","株式","プライム","食料品","100","1949-05-16","","1936-02-18","東京都","03月31日","09月30日",""
"2026-05-25","20090","鳥越製粉","鳥越粉","THE TORIGOE CO.,LTD.","国内","","株式","スタンダード","食料品","100","1962-09-03","","1935-12-15","福岡県","12月31日","06月30日",""
"2026-05-25","20110","ＳＭＤＡＭ　Ａｃｔｉｖｅ　ＥＴＦ　日本高配当株式","ＳＭＤＡＭ日本高配当","SMDAM Active ETF Japan High Dividend Equity","国内","","ETF","その他","","10","2023-11-29","","","","05月20日","11月20日",""
"2026-05-25","20310","ＮＥＸＴ　ＮＯＴＥＳ　香港ハンセン・ダブル・ブル　ＥＴＮ","ハンセンブル","NEXT NOTES HSI Leveraged ETN","国外","オランダ王国","ETN","その他","","1","2013-02-18","","","","04月30日","",""
"2026-05-25","20320","ＮＥＸＴ　ＮＯＴＥＳ　香港ハンセン・ベア　ＥＴＮ","ハンセンベア","NEXT NOTES HSI Short ETN","国外","オランダ王国","ETN","その他","","1","2013-02-18","","","","04月30日","",""
"2026-05-25","20330","ＮＥＸＴ　ＮＯＴＥＳ　韓国ＫＯＳＰＩ・ダブル・ブル　ＥＴＮ","ＫＯＳＰＩブル","NEXT NOTES KOSPI200 Leverage ETN","国外","オランダ王国","ETN","その他","","1","2013-02-18","","","","04月30日","",""
"2026-05-25","20340","ＮＥＸＴ　ＮＯＴＥＳ　韓国ＫＯＳＰＩ・ベア　ＥＴＮ","ＫＯＳＰＩベア","NEXT NOTES F-KOSPI200 Inverse ETN","国外","オランダ王国","ETN","その他","","1","2013-02-18","","","","04月30日","",""
"2026-05-25","20360","ＮＥＸＴ　ＮＯＴＥＳ　金先物　ダブル・ブル　ＥＴＮ","金先物ダブルブル","NEXT NOTES Gold Futures Double Bull ETN","国外","オランダ王国","ETN","その他","","1","2013-04-19","","","","04月30日","",""
"2026-05-25","20370","ＮＥＸＴ　ＮＯＴＥＳ　金先物　ベア　ＥＴＮ","金先物ベア","NEXT NOTES Gold Futures Bear ETN","国外","オランダ王国","ETN","その他","","1","2013-04-19","","","","04月30日","",""
"2026-05-25","20380","ＮＥＸＴ　ＮＯＴＥＳ　ドバイ原油先物　ダブル・ブル　ＥＴＮ","ドバイ原油先物ブル","NEXT NOTES Dubai Crude Oil Futures Double Bull ETN","国外","オランダ王国","ETN","その他","","1","2013-04-19","","","","04月30日","",""
"2026-05-25","20390","ＮＥＸＴ　ＮＯＴＥＳ　ドバイ原油先物　ベア　ＥＴＮ","ドバイ原油先物ベア","NEXT NOTES Dubai Crude Oil Futures Bear ETN","国外","オランダ王国","ETN","その他","","1","2013-04-19","","","","04月30日","",""
"2026-05-25","20400","ＮＥＸＴ　ＮＯＴＥＳ　ＮＹダウ・ダブル・ブル・ドルヘッジ　ＥＴＮ","ＮＹダウブルＥＴＮ","NEXT NOTES DJIA PR JPY-Monthly Hedged Leveraged (x2) ETN","国外","オランダ王国","ETN","その他","","1","2013-10-28","","","","04月30日","",""
"2026-05-25","20410","ＮＥＸＴ　ＮＯＴＥＳ　ＮＹダウ・ベア・ドルヘッジ　ＥＴＮ","ＮＹダウベアＥＴＮ","NEXT NOTES DJIA TR JPY-Monthly Hedged Inverse (x1) ETN","国外","オランダ王国","ETN","その他","","1","2013-10-28","","","","04月30日","",""
"2026-05-25","20420","ＮＥＸＴ　ＮＯＴＥＳ　東証グロース市場２５０　ＥＴＮ","グロース２５０ＥＴＮ","NEXT NOTES Tokyo Stock Exchange Growth Market 250 Index ETN","国外","オランダ王国","ETN","その他","","1","2013-10-28","","","","04月30日","",""
"2026-05-25","20430","ＮＥＸＴ　ＮＯＴＥＳ　ＳＴＯＸＸ　アセアン好配当５０（円、ネットリターン）ＥＴＮ","アセアン５０ＥＴＮ","NEXT NOTES STOXX ASEAN-Five Select Dividend 50(NR-JPY) ETN","国外","オランダ王国","ETN","その他","","1","2014-03-12","","","","04月30日","",""
"2026-05-25","20440","ＮＥＸＴ　ＮＯＴＥＳ　Ｓ＆Ｐ５００　配当貴族（ネットリターン）　ＥＴＮ","米国配当貴族ＥＴＮ","NEXT NOTES S&P 500 Dividend Aristocrats Net Total Return Index ETN","国外","オランダ王国","ETN","その他","","1","2014-11-18","","","","04月30日","",""
"2026-05-25","20450","ＮＥＸＴ　ＮＯＴＥＳ　Ｓ＆Ｐ　シンガポール　リート（ネットリターン）　ＥＴＮ","シンガポールリート","NEXT NOTES S&P Singapore REIT Net Total Return Index ETN","国外","オランダ王国","ETN","その他","","1","2014-11-18","","","","04月30日","",""
"2026-05-25","20460","ＮＥＸＴ　ＮＯＴＥＳ　インドＮｉｆｔｙ・ダブル・ブル　ＥＴＮ","インドブルＥＴＮ","NEXT NOTES Nifty PR 2x Leverage Index ETN","国外","オランダ王国","ETN","その他","","1","2014-11-18","","","","04月30日","",""
"2026-05-25","20470","ＮＥＸＴ　ＮＯＴＥＳ　インドＮｉｆｔｙ・ベア　ＥＴＮ","インドベアＥＴＮ","NEXT NOTES Nifty Total Returns(TR) Daily Inverse Index ETN","国外","オランダ王国","ETN","その他","","1","2014-11-18","","","","04月30日","",""
"2026-05-25","20480","ＮＥＸＴ　ＮＯＴＥＳ　野村日本株高配当７０（ドルヘッジ、ネットリターン）ＥＴＮ","高配株＄ヘッジＥＴＮ","NEXT NOTES Nomura Japan Equity High Dividend 70,Net Total Return US Dollar Hedged Index ETN","国外","オランダ王国","ETN","その他","","1","2015-03-16","","","","04月30日","",""
"2026-05-25","20500","ＮＥＸＴ　ＮＯＴＥＳ　ニッチトップ　中小型日本株（ネットリターン）ＥＴＮ","ニッチトップ中小型","NEXT NOTES Niche Top Mid Small Cap Japan Equity, Net Total Return ETN","国外","オランダ王国","ETN","その他","","1","2019-07-10","","","","04月30日","",""
"2026-05-25","20530","中部飼料","中部飼料","CHUBU SHIRYO CO.,LTD.","国内","","株式","プライム","食料品","100","1961-10-02","","1949-03-24","愛知県","03月31日","09月30日",""
"2026-05-25","20550","日和産業","日和産業","NICHIWA SANGYO CO.,LTD.","国内","","株式","スタンダード","食料品","100","2013-07-16","","1924-08-05","兵庫県","03月31日","09月30日",""
"2026-05-25","20600","フィード・ワン","フィード・ワン","FEED ONE CO.,LTD.","国内","","株式","プライム","食料品","100","2014-10-01","","2014-10-01","神奈川県","03月31日","09月30日",""
"2026-05-25","20650","ＮＥＸＴ　ＮＯＴＥＳ　日本株配当貴族（ドルヘッジ、ネットリターン）ＥＴＮ","日本株配当貴族ＥＴＮ","NEXT NOTES S&P/JPX Dividend Aristocrats Index USD Hedged NTR ETN","国外","オランダ王国","ETN","その他","","1","2016-12-01","","","","04月30日","",""
"2026-05-25","20660","ＮＥＸＴ　ＮＯＴＥＳ　東証ＲＥＩＴ（ドルヘッジ、ネットリターン）ＥＴＮ","東証リートＥＴＮ","NEXT NOTES Tokyo Stock Exchange REIT Net Total Return US Dollar Hedged Index ETN","国外","オランダ王国","ETN","その他","","1","2016-12-01","","","","04月30日","",""
"2026-05-25","20670","ＮＥＸＴ　ＮＯＴＥＳ　野村ＡＩビジネス７０（ネットリターン）ＥＴＮ","野村ＡＩ７０ＥＴＮ","NEXT NOTES AI Companies 70,Net Total Return ETN","国外","オランダ王国","ETN","その他","","1","2017-03-01","","","","04月30日","",""
"2026-05-25","20680","ＮＥＸＴ　ＮＯＴＥＳ　高ベータ３０（ネットリターン）ＥＴＮ","高ベータ３０ＥＴＮ","NEXT NOTES Japan Equity High Beta Select 30,Net Total Return ETN","国外","オランダ王国","ETN","その他","","1","2017-03-01","","","","04月30日","",""
"2026-05-25","20690","ＮＥＸＴ　ＮＯＴＥＳ　低ベータ５０（ネットリターン）ＥＴＮ","低ベータ５０ＥＴＮ","NEXT NOTES Japan Equity Low Beta Select 50,Net Total Return ETN","国外","オランダ王国","ETN","その他","","1","2017-03-01","","","","04月30日","",""
"2026-05-25","20700","スマートＥＳＧ３０女性活躍（ネットリターン）ＥＴＮ","ＥＳＧ女性活躍ＥＴＮ","Smart ESG 30 Empowering Women Net Return ETN","国外","グレートブリテンおよび北部アイルランド連合王国","ETN","その他","","1","2020-11-26","","","","10月31日","",""
"2026-05-25","20710","スマートＥＳＧ３０総合（ネットリターン）ＥＴＮ","ＥＳＧ総合ＥＴＮ","Smart ESG 30 Net Return ETN","国外","グレートブリテンおよび北部アイルランド連合王国","ETN","その他","","1","2020-11-26","","","","10月31日","",""
"2026-05-25","20720","トップシェアインデックス（ネットリターン）ＥＴＮ","トップシェアＥＴＮ","Market Share Leaders Net Return ETN","国外","グレートブリテンおよび北部アイルランド連合王国","ETN","その他","","1","2020-11-26","","","","10月31日","",""
"2026-05-25","20730","スマートＥＳＧ３０低カーボンリスク（ネットリターン）ＥＴＮ","ＥＳＧ低カーボン","Smart ESG 30 Low Carbon Risk Net Return ETN","国外","グレートブリテンおよび北部アイルランド連合王国","ETN","その他","","1","2022-03-22","","","","10月31日","",""
"2026-05-25","20800","ＰＢＲ１倍割れ解消推進ＥＴＦ","ＰＢＲ１倍割れ解消","PBR Improvement over 1x ETF","国内","","ETF","その他","","1","2023-09-07","","","","09月10日","",""
"2026-05-25","20810","政策保有解消推進ＥＴＦ","政策保有解消","Strategic Shareholding Disposal Promotion ETF","国内","","ETF","その他","","1","2023-09-07","","","","09月10日","",""
"2026-05-25","20820","投資家経営者一心同体ＥＴＦ","投資家経営者一心同体","Investor-Management Unite as One ETF","国内","","ETF","その他","","1","2023-09-07","","","","09月10日","",""
"2026-05-25","20830","ＮＥＸＴ　ＦＵＮＤＳ　日本成長株アクティブ上場投信","日本成長株アクティブ","NEXT FUNDS Japan Growth Equity Active Exchange Traded Fund","国内","","ETF","その他","","1","2023-09-07","","","","01月07日","07月07日",""
"2026-05-25","20840","ＮＥＸＴ　ＦＵＮＤＳ　日本高配当株アクティブ上場投信","日本高配当アクティブ","NEXT FUNDS Japan High Dividend Equity Active Exchange Traded Fund","国内","","ETF","その他","","1","2023-09-07","","","","01月07日","07月07日",""
"2026-05-25","20850","ＭＡＸＩＳ高配当日本株アクティブ上場投信","ＭＸ高配日株ア","MAXIS High Dividend Japan Equity Actively Managed ETF","国内","","ETF","その他","","10","2023-09-07","","","","01月10日","07月10日",""
"2026-05-25","20860","ＮＺＡＭ　上場投信　Ｓ＆Ｐ５００（為替ヘッジあり）","ＮＺＡＭ　ＳＰ５Ｈ","NZAM ETF S&P500 (JPY Hedged)","国内","","ETF","その他","","1","2023-09-22","","","","04月15日","10月15日",""
"2026-05-25","20870","ＮＺＡＭ　上場投信　ＮＡＳＤＡＱ１００（為替ヘッジあり）","ＮＺＡＭ　ＮＱ１Ｈ","NZAM ETF NASDAQ100 (JPY Hedged)","国内","","ETF","その他","","1","2023-09-22","","","","04月15日","10月15日",""
"2026-05-25","20880","ＮＺＡＭ　上場投信　ＮＹダウ３０（為替ヘッジあり）","ＮＺＡＭ　ＤｏｗＨ","NZAM ETF NY Dow30 (JPY Hedged)","国内","","ETF","その他","","1","2023-09-22","","","","04月15日","10月15日",""
"2026-05-25","20890","ＮＺＡＭ　上場投信　ＤＡＸ（為替ヘッジあり）","ＮＺＡＭ　ＤＡＸＨ","NZAM ETF DAX (JPY Hedged)","国内","","ETF","その他","","1","2023-09-22","","","","11月15日","",""
"2026-05-25","20900","ＮＺＡＭ　上場投信　米国国債７－１０年（為替ヘッジあり）","ＮＺＡＭ　米７１０Ｈ","NZAM ETF US Treasury 7-10Y (JPY Hedged)","国内","","ETF","その他","","1","2023-09-22","","","","05月15日","11月15日",""
"2026-05-25","20910","ＮＺＡＭ　上場投信　ドイツ国債７－１０年（為替ヘッジあり）","ＮＺＡＭ　独７１０Ｈ","NZAM ETF German Government Bond 7-10Y (JPY Hedged)","国内","","ETF","その他","","1","2023-09-22","","","","05月15日","11月15日",""
"2026-05-25","20920","ＮＺＡＭ　上場投信　フランス国債７－１０年（為替ヘッジあり）","ＮＺＡＭ　仏７１０Ｈ","NZAM ETF France Government Bond 7-10Y (JPY Hedged)","国内","","ETF","その他","","1","2023-09-22","","","","05月15日","11月15日",""
"2026-05-25","20930","上場Ｔｒａｃｅｒｓ　米国債０－２年ラダー（為替ヘッジなし）","上場Ｔｒ米債０２ラダ","Listed Tracers US Government Bond 0-2years Ladder (No Currency Hedge)","国内","","ETF","その他","","1","2023-10-05","","","","02月10日","08月10日",""
"2026-05-25","20940","東証ＲＥＩＴインバースＥＴＦ","ＲＥＩＴインバース","TSE REIT Inverse ETF","国内","","ETF","その他","","1","2023-10-06","","","","10月12日","",""
"2026-05-25","20950","グローバルＸ　Ｓ＆Ｐ５００配当貴族　ＥＴＦ（為替ヘッジあり）","ＧＸＵＳ配当貴族ヘ","Global X S&P 500 Dividend Aristocrats ETF (JPY Hedged)","国内","","ETF","その他","","1","2023-10-26","","","","01月24日","07月24日",""
"2026-05-25","20960","グローバルＸ　オフィス・Ｊ－ＲＥＩＴ　ＥＴＦ","ＧＸオフィスＪリート","Global X Office J-REIT ETF","国内","","ETF","その他","","1","2023-10-26","","","","02月24日","08月24日",""
"2026-05-25","20970","グローバルＸ　レジデンシャル・Ｊ－ＲＥＩＴ　ＥＴＦ","ＧＸ住宅Ｊリート","Global X Residential J-REIT ETF","国内","","ETF","その他","","1","2023-10-26","","","","02月24日","08月24日",""
"2026-05-25","20980","グローバルＸ　ホテル＆リテール・Ｊ－ＲＥＩＴ　ＥＴＦ","ＧＸホテリテＪリート","Global X Hotel & Retail J-REIT ETF","国内","","ETF","その他","","1","2023-10-26","","","","02月24日","08月24日",""
"2026-05-25","21070","東洋精糖","洋糖","Toyo Sugar Refining Co.,Ltd.","国内","","株式","上場廃止","食料品","100","1953-03-25","2025-06-02","1949-11-29","東京都","03月31日","09月30日",""
"2026-05-25","21080","日本甜菜製糖","甜菜糖","Nippon Beet Sugar Manufacturing Co.,Ltd.","国内","","株式","プライム","食料品","100","1949-05-16","","1919-06-11","東京都","03月31日","09月30日",""
"2026-05-25","21090","ＤＭ三井製糖","ＤＭ三井製糖","Mitsui DM Sugar Co.,Ltd.","国内","","株式","プライム","食料品","100","1953-12-04","","1947-09-04","東京都","03月31日","09月30日",""
"2026-05-25","21120","塩水港精糖","塩水糖","Ensuiko Sugar Refining Co.,Ltd.","国内","","株式","スタンダード","食料品","100","1961-10-02","","1950-07-01","東京都","03月31日","09月30日",""
"2026-05-25","21140","フジ日本","フジ日本","Fuji Nihon Corporation","国内","","株式","スタンダード","食料品","100","1961-10-02","","1949-07-19","東京都","03月31日","09月30日",""
"2026-05-25","21170","ウェルネオシュガー","ウェルネオシュガー","WELLNEO SUGAR Co.,Ltd.","国内","","株式","プライム","食料品","100","2011-10-03","","2011-10-03","東京都","03月31日","09月30日",""
"2026-05-25","21200","ＬＩＦＵＬＬ","ＬＩＦＵＬＬ","LIFULL Co.,Ltd.","国内","","株式","プライム","サービス業","100","2006-10-31","","1997-03-12","東京都","09月30日","03月31日",""
"2026-05-25","21210","ＭＩＸＩ","ＭＩＸＩ","MIXI,Inc.","国内","","株式","プライム","情報・通信業","100","2006-09-14","","1999-06-03","東京都","03月31日","09月30日",""
"2026-05-25","21220","インタースペース","Ｉスペース","Interspace Co.,Ltd.","国内","","株式","スタンダード","サービス業","100","2006-09-19","","1999-11-08","東京都","09月30日","03月31日",""
"2026-05-25","21240","ジェイエイシーリクルートメント","ＪＡＣ","JAC Recruitment Co.,Ltd.","国内","","株式","プライム","サービス業","100","2013-07-16","","1988-03-07","東京都","12月31日","06月30日",""
"2026-05-25","21270","日本Ｍ＆Ａセンターホールディングス","日本Ｍ＆Ａ","Nihon M&A Center Holdings Inc.","国内","","株式","プライム","サービス業","100","2006-10-10","","1991-04-25","東京都","03月31日","09月30日",""
"2026-05-25","21300","メンバーズ","メンバーズ","Members Co.,Ltd.","国内","","株式","プライム","サービス業","100","2016-04-21","","1995-06-26","東京都","03月31日","09月30日",""
"2026-05-25","21340","北浜キャピタルパートナーズ","キタハマキャピタル","Kitahama Capital Partners Co.,Ltd.","国内","","株式","スタンダード","サービス業","100","2013-07-16","","1997-05-31","大阪府","03月31日","09月30日",""
"2026-05-25","21360","ヒップ","ヒップ","HIP CORPORATION","国内","","株式","スタンダード","サービス業","100","2013-07-16","","1995-09-13","神奈川県","03月31日","09月30日",""
"2026-05-25","21380","クルーズ","クルーズ","CROOZ,Inc.","国内","","株式","スタンダード","情報・通信業","100","2013-07-16","","2001-05-24","東京都","03月31日","09月30日",""
"2026-05-25","21390","中広","中広","CHUCO CO.,LTD.","国内","","株式","スタンダード","サービス業","100","2014-12-22","","1978-05-01","岐阜県","03月31日","09月30日",""
"2026-05-25","21460","ＵＴグループ","ＵＴグループ","UT Group Co.,Ltd.","国内","","株式","プライム","サービス業","100","2013-07-16","","2007-04-02","東京都","03月31日","09月30日",""
"2026-05-25","21480","アイティメディア","ＩＴＭ","ITmedia Inc.","国内","","株式","プライム","サービス業","100","2007-04-19","","1999-12-28","東京都","03月31日","09月30日",""
"2026-05-25","21500","ケアネット","ケアネット","CareNet,Inc.","国内","","株式","上場廃止","サービス業","100","2007-04-20","2025-12-23","1996-07-01","東京都","12月31日","06月30日",""
"2026-05-25","21520","幼児活動研究会","幼児活動研究会","Youji Corporation","国内","","株式","スタンダード","サービス業","100","2013-07-16","","1972-09-14","東京都","03月31日","09月30日",""
"2026-05-25","21530","Ｅ・Ｊホールディングス","イージェイＨＤ","E・J Holdings Inc.","国内","","株式","プライム","サービス業","100","2007-06-01","","2007-06-01","岡山県","05月31日","11月30日",""
"2026-05-25","21540","オープンアップグループ","オープンアップＧ","Open Up Group Inc.","国内","","株式","プライム","サービス業","100","2013-07-16","","1997-08-06","東京都","06月30日","12月31日",""
"2026-05-25","21560","セーラー広告","セーラー広告","SAYLOR ADVERTISING INC.","国内","","株式","スタンダード","サービス業","100","2013-07-16","","1951-03-30","香川県","03月31日","09月30日",""
"2026-05-25","21570","コシダカホールディングス","コシダカＨＤ","KOSHIDAKA HOLDINGS Co.,LTD.","国内","","株式","プライム","サービス業","100","2013-07-16","","1967-03-31","東京都","08月31日","02月末日",""
"2026-05-25","21580","ＦＲＯＮＴＥＯ","Ｇ－ＦＲＯＮＴＥＯ","FRONTEO,Inc.","国内","","株式","グロース","サービス業","100","2007-06-26","","2003-08-08","東京都","03月31日","09月30日",""
"2026-05-25","21600","ジーエヌアイグループ","Ｇ－ＧＮＩ","GNI Group Ltd.","国内","","株式","グロース","医薬品","100","2007-08-31","","2001-11-20","東京都","12月31日","06月30日",""
"2026-05-25","21620","ｎｍｓ　ホールディングス","ｎｍｓ　ＨＤ","nms Holdings Corporation","国内","","株式","スタンダード","サービス業","100","2013-07-16","","2003-12-18","東京都","03月31日","09月30日",""
"2026-05-25","21630","アルトナー","アルトナー","ARTNER CO.,LTD.","国内","","株式","プライム","サービス業","100","2013-07-16","","1962-09-18","神奈川県","01月31日","07月31日",""
"2026-05-25","21640","地域新聞社","地域新聞社","CHIIKISHINBUNSHA CO.,LTD.","国内","","株式","スタンダード","サービス業","100","2013-07-16","","1987-05-26","千葉県","08月31日","02月末日",""
"2026-05-25","21680","パソナグループ","パソナグループ","Pasona Group Inc.","国内","","株式","プライム","サービス業","100","2007-12-03","","2007-12-03","東京都","05月31日","11月30日",""
"2026-05-25","21690","ＣＤＳ","ＣＤＳ","CDS Co.,Ltd.","国内","","株式","スタンダード","サービス業","100","2012-09-12","","1980-02-01","愛知県","12月31日","06月30日",""
"2026-05-25","21700","リンクアンドモチベーション","ＬＩＮＫ＆Ｍ","Link and Motivation Inc.","国内","","株式","プライム","サービス業","100","2007-12-17","","2000-03-27","東京都","12月31日","06月30日",""
"2026-05-25","21730","博展","Ｇ－博展","Hakuten Corporation","国内","","株式","グロース","サービス業","100","2013-07-16","","1970-03-02","東京都","12月31日","06月30日",""
"2026-05-25","21750","エス・エム・エス","ＳＭＳ","SMS CO.,LTD.","国内","","株式","プライム","サービス業","100","2008-03-13","","2003-04-04","東京都","03月31日","09月30日",""
"2026-05-25","21790","成学社","成学社","SEIGAKUSHA CO.,LTD.","国内","","株式","スタンダード","サービス業","100","2013-07-16","","1987-01-30","大阪府","03月31日","09月30日",""
"2026-05-25","21800","サニーサイドアップグループ","サニーサイドアップ","SUNNY SIDE UP GROUP Inc.","国内","","株式","スタンダード","サービス業","100","2013-07-16","","1985-07-01","東京都","06月30日","12月31日",""
"2026-05-25","21810","パーソルホールディングス","パーソルＨＤ","PERSOL HOLDINGS CO.,LTD.","国内","","株式","プライム","サービス業","100","2008-10-01","","2008-10-01","東京都","03月31日","09月30日",""
"2026-05-25","21830","リニカル","リニカル","Linical Co.,Ltd.","国内","","株式","スタンダード","サービス業","100","2008-10-27","","2005-06-07","大阪府","03月31日","09月30日",""
"2026-05-25","21850","シイエム・シイ","シイエム・シイ","CMC CORPORATION","国内","","株式","スタンダード","サービス業","100","2013-07-16","","1962-05-25","愛知県","09月30日","03月31日",""
"2026-05-25","21860","ソーバル","ソーバル","Sobal Corporation","国内","","株式","スタンダード","サービス業","100","2013-07-16","","1983-01-21","東京都","02月末日","08月31日",""
"2026-05-25","21930","クックパッド","ＣＯＯＫＰＡＤ","Cookpad Inc.","国内","","株式","スタンダード","サービス業","100","2009-07-17","","1997-10-01","東京都","12月31日","06月30日",""
"2026-05-25","21950","アミタホールディングス","Ｇ－アミタＨＤ","AMITA HOLDINGS CO.,LTD.","国内","","株式","グロース","サービス業","100","2013-07-16","","2010-01-04","京都府","12月31日","06月30日",""
"2026-05-25","21960","エスクリ","エスクリ","ESCRIT INC.","国内","","株式","上場廃止","サービス業","100","2010-03-05","2026-03-30","2003-06-19","東京都","03月31日","09月30日",""
"2026-05-25","21980","アイ・ケイ・ケイホールディングス","アイ・ケイ・ケイＨＤ","IKK Holdings Inc.","国内","","株式","プライム","サービス業","100","2012-01-20","","1995-11-01","福岡県","10月31日","04月30日",""
"2026-05-25","22010","森永製菓","森永菓","Morinaga & Co.,Ltd.","国内","","株式","プライム","食料品","100","1949-05-16","","1910-02-23","東京都","03月31日","09月30日",""
"2026-05-25","22040","中村屋","中村屋","NAKAMURAYA CO.,LTD.","国内","","株式","スタンダード","食料品","100","1957-03-14","","1923-04-01","東京都","03月31日","09月30日",""
"2026-05-25","22060","江崎グリコ","グリコ","Ezaki Glico Co.,Ltd.","国内","","株式","プライム","食料品","100","1961-05-18","","1929-02-11","大阪府","12月31日","06月30日",""
"2026-05-25","22070","ｍｅｉｔｏ","ｍｅｉｔｏ","MEITO CO.,LTD.","国内","","株式","プライム","食料品","100","1961-10-02","","1945-02-08","愛知県","03月31日","09月30日",""
"2026-05-25","22080","ブルボン","ブルボン","BOURBON CORPORATION","国内","","株式","スタンダード","食料品","100","2000-03-01","","1924-11-20","新潟県","03月31日","09月30日",""
"2026-05-25","22090","井村屋グループ","井村屋Ｇ","IMURAYA GROUP CO.,LTD.","国内","","株式","プライム","食料品","100","1997-11-11","","1947-04-08","三重県","03月31日","09月30日",""
"2026-05-25","22110","不二家","不二家","Fujiya Co.,Ltd.","国内","","株式","プライム","食料品","100","1962-06-11","","1938-06-30","東京都","12月31日","06月30日",""
"2026-05-25","22120","山崎製パン","山崎パン","YAMAZAKI BAKING CO.,LTD.","国内","","株式","プライム","食料品","100","1962-07-20","","1948-06-21","東京都","12月31日","06月30日",""
"2026-05-25","22150","第一屋製パン","第一パン","FIRST BAKING CO.,LTD.","国内","","株式","スタンダード","食料品","100","1962-09-21","","1947-05-16","東京都","12月31日","06月30日",""
"2026-05-25","22160","カンロ","カンロ","Kanro Inc.","国内","","株式","スタンダード","食料品","100","1962-09-28","","1950-05-06","東京都","12月31日","06月30日",""
"2026-05-25","22170","モロゾフ","モロゾフ","Morozoff Limited","国内","","株式","プライム","食料品","100","1983-08-08","","1931-07-30","兵庫県","01月31日","07月31日",""
"2026-05-25","22200","亀田製菓","亀田菓","KAMEDA SEIKA CO.,LTD.","国内","","株式","プライム","食料品","100","2000-03-01","","1957-08-26","新潟県","03月31日","09月30日",""
"2026-05-25","22210","岩塚製菓","岩塚製菓","IWATSUKA CONFECTIONERY CO.,LTD.","国内","","株式","スタンダード","食料品","100","2013-07-16","","1954-04-27","新潟県","03月31日","09月30日",""
"2026-05-25","22220","寿スピリッツ","寿スピリッツ","Kotobuki Spirits Co.,Ltd.","国内","","株式","プライム","食料品","100","2013-04-03","","1952-04-25","鳥取県","03月31日","09月30日",""
"2026-05-25","22240","コモ","コモ","COMO CO.,LTD.","国内","","株式","スタンダード","食料品","100","2013-07-16","","1947-06-28","愛知県","03月31日","09月30日",""
"2026-05-25","22260","湖池屋","湖池屋","KOIKE-YA Inc.","国内","","株式","スタンダード","食料品","100","2013-07-16","","1977-01-13","東京都","03月31日","09月30日",""
"2026-05-25","22290","カルビー","カルビー","CALBEE,Inc.","国内","","株式","プライム","食料品","100","2011-03-11","","1949-04-30","東京都","03月31日","09月30日",""
"2026-05-25","22350","上場インデックスファンド米国株式（ダウ平均）為替ヘッジなし","上場ダウヘッジなし","Listed Index Fund US Equity (Dow Average) No Currency Hedge","国内","","ETF","その他","","1","2022-12-16","","","","01月08日","07月08日",""
"2026-05-25","22360","グローバルＸ　Ｓ＆Ｐ５００配当貴族ＥＴＦ","ＧＸＵＳ配当貴族","Global X S&P 500 Dividend Aristocrats ETF","国内","","ETF","その他","","1","2023-01-13","","","","01月24日","07月24日",""
"2026-05-25","22370","ｉＦｒｅｅＥＴＦ　Ｓ＆Ｐ５００レバレッジ","ｉＦＳＰ５００ダブル","iFreeETF S&P500 Leveraged (2x)","国内","","ETF","その他","","1","2023-02-01","","","","03月10日","09月10日",""
"2026-05-25","22380","ｉＦｒｅｅＥＴＦ　Ｓ＆Ｐ５００インバース","ｉＦＳＰ５００ベア","iFreeETF S&P500 Inverse","国内","","ETF","その他","","1","2023-02-01","","","","03月10日","09月10日",""
"2026-05-25","22390","上場インデックスファンドＳ＆Ｐ５００先物レバレッジ２倍","上場Ｓ＆Ｐレバ２倍","Listed Index Fund S&P500 Futures Leveraged Two Times","国内","","ETF","その他","","1","2023-03-17","","","","01月20日","",""
"2026-05-25","22400","上場インデックスファンドＳ＆Ｐ５００先物インバース","上場Ｓ＆Ｐインバース","Listed Index Fund S&P500 Futures Inverse","国内","","ETF","その他","","1","2023-03-17","","","","01月20日","",""
"2026-05-25","22410","ＭＡＸＩＳ　ＮＹダウ上場投信","ＭＸＳダウ","MAXIS NY Dow Industrial Average ETF","国内","","ETF","その他","","10","2023-03-10","","","","05月26日","11月26日",""
"2026-05-25","22420","ＭＡＸＩＳ　ＮＹダウ上場投信（為替ヘッジあり）","ＭＸＳダウヘ有","MAXIS NY Dow Industrial Average ETF (JPY Hedged)","国内","","ETF","その他","","10","2023-03-10","","","","05月26日","11月26日",""
"2026-05-25","22430","グローバルＸ　半導体　ＥＴＦ","ＧＸ半導体","Global X Semiconductor ETF","国内","","ETF","その他","","1","2023-04-13","","","","03月24日","09月24日",""
"2026-05-25","22440","グローバルＸ　ＵＳ　テック・トップ２０　ＥＴＦ","ＧＸＵＳテック２０","Global X US Tech Top 20 ETF","国内","","ETF","その他","","1","2023-04-13","","","","03月24日","09月24日",""
"2026-05-25","22450","ＮＥＸＴ　ＦＵＮＤＳ　ブルームバーグ・ドイツ国債（７－１０年）インデックス（為替ヘッジあり）連動型上場投信","独債７－１０ヘッジ有","NEXT FUNDS Bloomberg Germany Treasury Bond (7-10 year) Index (Yen-Hedged) Exchange Traded Fund","国内","","ETF","その他","","10","2023-04-26","","","","03月07日","09月07日",""
"2026-05-25","22460","ＮＥＸＴ　ＦＵＮＤＳ　ブルームバーグ・フランス国債（７－１０年）インデックス（為替ヘッジあり）連動型上場投信","仏債７－１０ヘッジ有","NEXT FUNDS Bloomberg France Treasury Bond (7-10 year) Index (Yen-Hedged) Exchange Traded Fund","国内","","ETF","その他","","10","2023-04-26","","","","03月07日","09月07日",""
"2026-05-25","22470","ｉＦｒｅｅＥＴＦ　Ｓ＆Ｐ５００（為替ヘッジなし）","ｉＦＳＰ５００Ｈ無","iFreeETF S&P500 (NON HEDGED)","国内","","ETF","その他","","1","2023-05-12","","","","03月10日","09月10日",""
"2026-05-25","22480","ｉＦｒｅｅＥＴＦ　Ｓ＆Ｐ５００（為替ヘッジあり）","ｉＦＳＰ５００Ｈ有","iFreeETF S&P500 (JPY HEDGED)","国内","","ETF","その他","","1","2023-05-12","","","","03月10日","09月10日",""
"2026-05-25","22490","ｉＦｒｅｅＥＴＦ　Ｓ＆Ｐ５００ダブルインバース","ｉＦＳＰ５００Ｗベア","iFreeETF S&P500 Double Inverse (-2x)","国内","","ETF","その他","","1","2023-05-12","","","","03月10日","09月10日",""
"2026-05-25","22500","ｉシェアーズ　ＭＳＣＩ　ジャパン気候変動アクション　ＥＴＦ","ｉＳＭＳＣＩ日株気候","iShares MSCI Japan Climate Action ETF","国内","","ETF","その他","","10","2023-06-08","","","","02月09日","08月09日",""
"2026-05-25","22510","ＮＥＸＴ　ＦＵＮＤＳ　ＪＰＸ国債先物ダブルインバース指数連動型上場投信","ＪＧＢダブルインバ","NEXT FUNDS JPX JGB Futures Double Inverse Index Exchange Traded Fund","国内","","ETF","その他","","10","2023-06-23","","","","10月20日","",""
"2026-05-25","22520","グローバルＸ　Ｍｏｒｎｉｎｇｓｔａｒ　米国中小型　Ｍｏａｔ　ＥＴＦ","ＧＸＵＳ中小モート","Global X Morningstar US Small Mid Moat ETF","国内","","ETF","その他","","1","2023-07-13","","","","03月24日","09月24日",""
"2026-05-25","22530","グローバルＸ　スーパーディビィデンド－ＵＳ　ＥＴＦ","ＧＸＵＳスーパーＤ","Global X SuperDividend U.S. ETF","国内","","ETF","その他","","1","2023-07-13","","","","01月24日","07月24日",""
"2026-05-25","22540","グローバルＸ　チャイナＥＶ＆バッテリー　ＥＴＦ","ＧＸ中国ＥＶバッテリ","Global X China Electric Vehicle and Battery ETF","国内","","ETF","その他","","1","2023-07-13","","","","03月24日","09月24日",""
"2026-05-25","22550","ｉシェアーズ　米国債２０年超　ＥＴＦ","ｉＳ米国債二十","iShares 20+ Year US Treasury Bond ETF","国内","","ETF","その他","","10","2023-11-28","","","","01月11日","07月11日",""
"2026-05-25","22560","ｉシェアーズ　米国総合債券　ＥＴＦ","ｉＳ米国総合債券","iShares US Aggregate Bond ETF","国内","","ETF","その他","","10","2023-11-28","","","","01月11日","07月11日",""
"2026-05-25","22570","ｉシェアーズ　米ドル建て投資適格社債　ＥＴＦ","ｉＳ＄ＩＧ社債","iShares USD Investment Grade Corporate Bond ETF","国内","","ETF","その他","","10","2023-11-28","","","","01月11日","07月11日",""
"2026-05-25","22580","ｉシェアーズ　米ドル建てハイイールド社債　ＥＴＦ","ｉＳ＄ＨＹ社債","iShares USD High Yield Corporate Bond ETF","国内","","ETF","その他","","10","2023-11-28","","","","01月11日","07月11日",""
"2026-05-25","22590","ｉシェアーズ　フランス国債７－１０年　ＥＴＦ（為替ヘッジあり）","ｉＳフランス国債ヘジ","iShares 7-10 Year France Government Bond JPY Hedged ETF","国内","","ETF","その他","","10","2023-11-28","","","","01月11日","07月11日",""
"2026-05-25","22640","森永乳業","森永乳","MORINAGA MILK INDUSTRY CO.,LTD.","国内","","株式","プライム","食料品","100","1954-09-01","","1949-04-13","東京都","03月31日","09月30日",""
"2026-05-25","22660","六甲バター","六甲バター","ROKKO BUTTER CO.,LTD.","国内","","株式","プライム","食料品","100","2013-07-16","","1948-12-13","兵庫県","12月31日","06月30日",""
"2026-05-25","22670","ヤクルト本社","ヤクルト","YAKULT HONSHA CO.,LTD.","国内","","株式","プライム","食料品","100","1980-01-23","","1949-01-29","東京都","03月31日","09月30日",""
"2026-05-25","22680","Ｂ－Ｒ　サーティワン　アイスクリーム","サーティワン","B-R 31 ICE CREAM CO.,LTD.","国内","","株式","スタンダード","食料品","100","2013-07-16","","1973-12-19","東京都","12月31日","06月30日",""
"2026-05-25","22690","明治ホールディングス","明治ＨＤ","Meiji Holdings Co.,Ltd.","国内","","株式","プライム","食料品","100","2009-04-01","","2009-04-01","東京都","03月31日","09月30日",""
"2026-05-25","22700","雪印メグミルク","雪印メグ","MEGMILK SNOW BRAND Co.,Ltd.","国内","","株式","プライム","食料品","100","2009-10-01","","2009-10-01","北海道","03月31日","09月30日",""
"2026-05-25","22810","プリマハム","プリマハム","Prima Meat Packers,Ltd.","国内","","株式","プライム","食料品","100","1961-10-02","","1948-07-09","東京都","03月31日","09月30日",""
"2026-05-25","22820","日本ハム","日ハム","NH Foods Ltd.","国内","","株式","プライム","食料品","100","1963-02-11","","1949-05-30","大阪府","03月31日","09月30日",""
"2026-05-25","22860","林兼産業","林兼産","Hayashikane Sangyo Co.,Ltd.","国内","","株式","スタンダード","食料品","100","1962-05-15","","1941-01-15","山口県","03月31日","09月30日",""
"2026-05-25","22880","丸大食品","丸大食","MARUDAI FOOD CO.,LTD.","国内","","株式","プライム","食料品","100","1968-09-02","","1950-02-08","大阪府","03月31日","09月30日",""
"2026-05-25","22910","福留ハム","福留ハム","FUKUTOME MEAT PACKERS,LTD.","国内","","株式","スタンダード","食料品","100","2000-03-01","","1958-03-22","広島県","03月31日","09月30日",""
"2026-05-25","22920","Ｓ　Ｆｏｏｄｓ","Ｓ　ＦＯＯＤＳ","S Foods Inc.","国内","","株式","プライム","食料品","100","1999-12-03","","1967-05-22","兵庫県","02月末日","08月31日",""
"2026-05-25","22930","滝沢ハム","滝沢ハム","TAKIZAWA HAM CO.,LTD.","国内","","株式","スタンダード","食料品","100","2013-07-16","","1950-12-20","栃木県","03月31日","09月30日",""
"2026-05-25","22940","柿安本店","柿安本店","Kakiyasu Honten Co.,Ltd.","国内","","株式","プライム","食料品","100","2013-07-16","","1968-11-19","三重県","04月30日","10月31日",""
"2026-05-25","22960","伊藤ハム米久ホールディングス","伊藤ハム米久ＨＤ","ITOHAM YONEKYU HOLDINGS INC.","国内","","株式","プライム","食料品","100","2016-04-01","","2016-04-01","東京都","03月31日","09月30日",""
"2026-05-25","23000","きょくとう","きょくと","Kyokuto Co.,Ltd.","国内","","株式","スタンダード","サービス業","100","2013-07-16","","1980-07-22","福岡県","02月末日","08月31日",""
"2026-05-25","23010","学情","学情","GAKUJO CO.,Ltd.","国内","","株式","プライム","サービス業","100","2005-09-16","","1977-11-07","東京都","10月31日","04月30日",""
"2026-05-25","23030","ドーン","ドーン","Dawn Corporation","国内","","株式","スタンダード","情報・通信業","100","2013-07-16","","1997-03-24","兵庫県","05月31日","11月30日",""
"2026-05-25","23040","ＣＳＳホールディングス","ＣＳＳＨＤ","CSS HOLDINGS,LTD.","国内","","株式","スタンダード","サービス業","100","2013-07-16","","1984-12-19","東京都","09月30日","03月31日",""
"2026-05-25","23050","スタジオアリス","スタジオアリス","STUDIO ALICE Co.,Ltd.","国内","","株式","スタンダード","サービス業","100","2003-07-30","","1974-05-10","大阪府","02月末日","08月31日",""
"2026-05-25","23070","クロスキャット","クロスキャット","CROSS CAT CO.,LTD.","国内","","株式","プライム","情報・通信業","100","2013-07-16","","1973-06-01","東京都","03月31日","09月30日",""
"2026-05-25","23110","エプコ","エプコ","EPCO Co.,Ltd.","国内","","株式","スタンダード","サービス業","100","2013-07-16","","1992-06-01","東京都","12月31日","06月30日",""
"2026-05-25","23150","ＣＡＩＣＡ　ＤＩＧＩＴＡＬ","ＣＡＩＣＡ　Ｄ","CAICA DIGITAL Inc.","国内","","株式","スタンダード","情報・通信業","100","2013-07-16","","1989-07-14","東京都","10月31日","04月30日",""
"2026-05-25","23170","システナ","システナ","Systena Corporation","国内","","株式","プライム","情報・通信業","100","2004-11-15","","1983-03-24","東京都","03月31日","09月30日",""
"2026-05-25","23210","ソフトフロントホールディングス","Ｇ－ソフトフロントＨ","Softfront Holdings","国内","","株式","グロース","情報・通信業","100","2013-07-16","","1997-04-18","東京都","03月31日","09月30日",""
"2026-05-25","23230","ｆｏｎｆｕｎ","ｆｏｎｆｕｎ","fonfun corporation","国内","","株式","スタンダード","情報・通信業","100","2013-07-16","","1997-03-03","東京都","03月31日","09月30日",""
"2026-05-25","23250","ＮＪＳ","ＮＪＳ","NJS Co.,Ltd.","国内","","株式","プライム","サービス業","100","2002-09-26","","1951-09-03","東京都","12月31日","06月30日",""
"2026-05-25","23260","デジタルアーツ","デジアーツ","Digital Arts Inc.","国内","","株式","プライム","情報・通信業","100","2012-02-28","","1995-06-21","東京都","03月31日","09月30日",""
"2026-05-25","23270","日鉄ソリューションズ","ＮＳＳＯＬ","NS Solutions Corporation","国内","","株式","プライム","情報・通信業","100","2002-10-11","","1980-10-01","東京都","03月31日","09月30日",""
"2026-05-25","23290","東北新社","東北新社","TOHOKUSHINSHA FILM CORPORATION","国内","","株式","スタンダード","情報・通信業","100","2013-07-16","","1972-07-25","東京都","03月31日","09月30日",""
"2026-05-25","23300","フォーサイド","フォーサイド","Forside Co.,Ltd.","国内","","株式","スタンダード","情報・通信業","100","2013-07-16","","2000-03-31","東京都","12月31日","06月30日",""
"2026-05-25","23310","ＡＬＳＯＫ","ＡＬＳＯＫ","ALSOK CO.,LTD.","国内","","株式","プライム","サービス業","100","2002-10-25","","1965-07-16","東京都","03月31日","09月30日",""
"2026-05-25","23320","クエスト","クエスト","Quest Co.,Ltd.","国内","","株式","スタンダード","情報・通信業","100","2013-07-16","","1965-05-14","東京都","03月31日","09月30日",""
"2026-05-25","23340","イオレ","Ｇ－イオレ","eole Inc.","国内","","株式","グロース","サービス業","100","2017-12-15","","2001-04-25","東京都","03月31日","09月30日",""
"2026-05-25","23350","キューブシステム","キューブシステム","CUBE SYSTEM INC.","国内","","株式","プライム","情報・通信業","100","2006-11-22","","1972-07-05","東京都","03月31日","09月30日",""
"2026-05-25","23370","いちご","いちご","Ichigo Inc.","国内","","株式","プライム","不動産業","100","2013-07-16","","2000-03-17","東京都","02月末日","08月31日",""
"2026-05-25","23380","クオンタムソリューションズ","クオンタムＳ","Quantum Solutions Co.,Ltd.","国内","","株式","スタンダード","情報・通信業","100","2002-11-19","","1999-05-27","東京都","02月末日","08月31日",""
"2026-05-25","23400","極楽湯ホールディングス","極楽湯ＨＤ","GOKURAKUYU HOLDINGS CO.,LTD.","国内","","株式","スタンダード","サービス業","100","2013-07-16","","1980-04-10","東京都","03月31日","09月30日",""
"2026-05-25","23410","アルバイトタイムス","アルバイトタイ","ARBEIT-TIMES CO.,LTD.","国内","","株式","スタンダード","サービス業","100","2013-07-16","","1973-10-29","東京都","02月末日","08月31日",""
"2026-05-25","23420","トランスジェニックグループ","トランスジェニックＧ","TRANSGENIC GROUP INC.","国内","","株式","スタンダード","サービス業","100","2002-12-10","","1998-04-21","福岡県","03月31日","09月30日",""
"2026-05-25","23440","平安レイサービス","平安レイ","HEIAN CEREMONY SERVICE CO.,LTD.","国内","","株式","上場廃止","サービス業","100","2013-07-16","2026-05-08","1969-09-17","神奈川県","03月31日","09月30日",""
"2026-05-25","23450","ＨＯＤＬ１","ＨＯＤＬ１","HODL1,inc.","国内","","株式","スタンダード","情報・通信業","100","2002-12-13","","1997-06-12","東京都","10月31日","04月30日",""
"2026-05-25","23490","エヌアイデイ","エヌアイデイ","Nippon Information Development Co.,Ltd.","国内","","株式","スタンダード","情報・通信業","100","2013-07-16","","1967-05-30","東京都","03月31日","09月30日",""
"2026-05-25","23510","ＡＳＪ","ＡＳＪ","ASJ INC.","国内","","株式","スタンダード","情報・通信業","100","2003-01-30","","1984-02-15","埼玉県","03月31日","09月30日",""
"2026-05-25","23530","日本駐車場開発","日駐","NIPPON PARKING DEVELOPMENT Co.,Ltd.","国内","","株式","プライム","不動産業","100","2004-02-25","","1991-12-24","大阪府","07月31日","01月31日",""
"2026-05-25","23540","ＹＥ　ＤＩＧＩＴＡＬ","ＹＥ　ＤＩＧＩＴＡＬ","YE DIGITAL Corporation","国内","","株式","スタンダード","情報・通信業","100","2003-02-21","","1978-02-01","福岡県","02月末日","08月31日",""
"2026-05-25","23590","コア","コア","CORE CORPORATION","国内","","株式","プライム","情報・通信業","100","2003-03-20","","1969-12-11","東京都","03月31日","09月30日",""
"2026-05-25","23700","メディネット","Ｇ－ＭＤＮＴ","MEDINET Co.,Ltd.","国内","","株式","グロース","サービス業","100","2003-10-08","","1995-10-17","東京都","09月30日","03月31日",""
"2026-05-25","23710","カカクコム","カカクコム","Kakaku.com,Inc.","国内","","株式","プライム","サービス業","100","2003-10-09","","1997-12-11","東京都","03月31日","09月30日",""
"2026-05-25","23730","ケア２１","ケア２１","CARE TWENTYONE CORPORATION","国内","","株式","スタンダード","サービス業","100","2013-07-16","","1993-11-01","大阪府","10月31日","04月30日",""
"2026-05-25","23740","セントケア・ホールディング","セントケアＨＤ","SAINT-CARE HOLDING CORPORATION","国内","","株式","上場廃止","サービス業","100","2013-07-16","2026-03-13","1983-03-24","東京都","03月31日","09月30日",""
"2026-05-25","23750","ギグワークス","ギグワークス","GiG Works Inc.","国内","","株式","スタンダード","サービス業","100","2003-11-05","","1977-01-20","東京都","10月31日","04月30日",""
"2026-05-25","23760","サイネックス","サイネックス","SCINEX CORPORATION","国内","","株式","スタンダード","サービス業","100","2013-07-16","","1966-02-25","大阪府","03月31日","09月30日",""
"2026-05-25","23780","ルネサンス","ルネサンス","RENAISSANCE,INCORPORATED","国内","","株式","プライム","サービス業","100","2004-12-16","","1982-08-13","東京都","03月31日","09月30日",""
"2026-05-25","23790","ディップ","ディップ","dip Corporation","国内","","株式","プライム","サービス業","100","2004-05-27","","1997-03-14","東京都","02月末日","08月31日",""
"2026-05-25","23840","ＳＢＳホールディングス","ＳＢＳＨＤ","SBS Holdings,Inc.","国内","","株式","プライム","陸運業","100","2012-12-14","","1987-12-16","東京都","12月31日","06月30日",""
"2026-05-25","23850","総医研ホールディングス","Ｇ－総医研","Soiken Holdings Inc.","国内","","株式","グロース","サービス業","100","2003-12-18","","1994-07-26","大阪府","06月30日","12月31日",""
"2026-05-25","23880","ウェッジホールディングス","Ｇ－ウェッジＨＤ","Wedge Holdings CO.,LTD.","国内","","株式","グロース","その他金融業","100","2013-07-16","","2001-10-31","東京都","09月30日","03月31日",""
"2026-05-25","23890","デジタルホールディングス","デジタルＨＤ","DIGITAL HOLDINGS,INC.","国内","","株式","上場廃止","サービス業","100","2013-07-16","2026-03-19","1995-04-20","東京都","12月31日","06月30日",""
"2026-05-25","23910","プラネット","プラネット","PLANET,INC.","国内","","株式","スタンダード","サービス業","100","2013-07-16","","1985-08-01","東京都","07月31日","01月31日",""
"2026-05-25","23930","日本ケアサプライ","日本ケア","Nippon Care Supply Co.,Ltd.","国内","","株式","スタンダード","サービス業","100","2004-02-27","","1998-03-26","東京都","03月31日","09月30日",""
"2026-05-25","23950","新日本科学","新日科学","SHIN NIPPON BIOMEDICAL LABORATORIES,LTD.","国内","","株式","プライム","サービス業","100","2004-03-08","","1973-05-18","東京都","03月31日","09月30日",""
"2026-05-25","23970","ＤＮＡチップ研究所","ＤＮＡチップ研","DNA Chip Research Inc.","国内","","株式","上場廃止","サービス業","100","2004-03-18","2025-06-19","1999-04-01","東京都","03月31日","09月30日",""
"2026-05-25","24040","鉄人化ホールディングス","鉄人化ＨＤ","TETSUJIN Holdings,Inc.","国内","","株式","スタンダード","サービス業","100","2004-07-09","","1999-12-14","東京都","08月31日","02月末日",""
"2026-05-25","24080","ＫＧ情報","ＫＧ情報","KG Intelligence CO.,LTD.","国内","","株式","スタンダード","サービス業","100","2013-07-16","","1950-11-30","岡山県","12月20日","06月20日",""
"2026-05-25","24100","キャリアデザインセンター","キャリアＤＣ","CAREER DESIGN CENTER CO.,LTD.","国内","","株式","プライム","サービス業","100","2006-09-25","","1993-07-08","東京都","09月30日","03月31日",""
"2026-05-25","24110","ゲンダイエージェンシー","ゲンダイＡＧ","GENDAI AGENCY INC.","国内","","株式","スタンダード","情報・通信業","100","2013-07-16","","1995-04-20","東京都","03月31日","09月30日",""
"2026-05-25","24130","エムスリー","エムスリー","M3,Inc.","国内","","株式","プライム","サービス業","100","2004-09-16","","2000-09-29","東京都","03月31日","09月30日",""
"2026-05-25","24150","ヒューマンホールディングス","ヒューマンＨＤ","Human Holdings Co.,Ltd.","国内","","株式","スタンダード","サービス業","100","2013-07-16","","2002-08-01","東京都","03月31日","09月30日",""
"2026-05-25","24180","ツカダ・グローバルホールディング","ツカダグローバルＨＤ","TSUKADA GLOBAL HOLDINGS Inc.","国内","","株式","スタンダード","サービス業","100","2004-10-28","","1995-10-06","東京都","12月31日","06月30日",""
"2026-05-25","24240","ブラス","ブラス","Brass Corporation","国内","","株式","スタンダード","サービス業","100","2016-03-09","","1998-04-03","愛知県","07月31日","01月31日",""
"2026-05-25","24250","ケアサービス","ケアサービス","Care Service Co.,Ltd.","国内","","株式","スタンダード","サービス業","100","2013-07-16","","1991-05-24","東京都","03月31日","09月30日",""
"2026-05-25","24280","ウェルネット","ウェルネット","WELLNET CORPORATION","国内","","株式","スタンダード","サービス業","100","2013-07-16","","1983-04-01","北海道","06月30日","12月31日",""
"2026-05-25","24290","ワールドホールディングス","ワールドＨＤ","WORLD HOLDINGS CO.,LTD.","国内","","株式","プライム","サービス業","100","2013-07-16","","1993-02-12","福岡県","12月31日","06月30日",""
"2026-05-25","24320","ディー・エヌ・エー","ディーエヌエー","DeNA Co.,Ltd.","国内","","株式","プライム","情報・通信業","100","2005-02-16","","1999-03-04","東京都","03月31日","09月30日",""
"2026-05-25","24330","博報堂ＤＹホールディングス","博報堂ＤＹ","HAKUHODO DY HOLDINGS INCORPORATED","国内","","株式","プライム","サービス業","100","2005-02-16","","2003-10-01","東京都","03月31日","09月30日",""
"2026-05-25","24350","シダー","シダー","CEDAR.Co.,Ltd","国内","","株式","スタンダード","サービス業","100","2013-07-16","","1981-04-25","福岡県","03月31日","09月30日",""
"2026-05-25","24360","共同ピーアール","共同ＰＲ","KYODO PUBLIC RELATIONS CO.,LTD.","国内","","株式","スタンダード","サービス業","100","2013-07-16","","1964-11-14","東京都","12月31日","06月30日",""
"2026-05-25","24370","Ｓｈｉｎｗａ　Ｗｉｓｅ　Ｈｏｌｄｉｎｇｓ","シンワワイズ","SHINWA WISE HOLDINGS CO.,LTD.","国内","","株式","スタンダード","サービス業","100","2013-07-16","","1989-06-15","東京都","05月31日","11月30日",""
"2026-05-25","24380","アスカネット","Ｇ－アスカネット","Asukanet Company,Limited","国内","","株式","グロース","サービス業","100","2005-04-14","","1995-07-06","広島県","04月30日","10月31日",""
"2026-05-25","24400","ぐるなび","ぐるなび","Gurunavi,Inc.","国内","","株式","スタンダード","サービス業","100","2008-12-12","","1989-10-02","東京都","03月31日","09月30日",""
"2026-05-25","24450","タカミヤ","タカミヤ","Takamiya Co.,Ltd.","国内","","株式","スタンダード","サービス業","100","2007-12-17","","1969-06-21","大阪府","03月31日","09月30日",""
"2026-05-25","24490","プラップジャパン","プラップＪ","PRAP Japan,Inc.","国内","","株式","スタンダード","サービス業","100","2013-07-16","","1970-09-09","東京都","08月31日","02月末日",""
"2026-05-25","24520","コンピュータマインド","Ｐ－ＣＭＩＮＤ","Computer Mind Co.,Ltd.","国内","","株式","TOKYO PRO Market","情報・通信業","100","2016-06-23","","1978-03-30","神奈川県","03月31日","09月30日",""
"2026-05-25","24540","オールアバウト","オールアバウト","All About,Inc.","国内","","株式","スタンダード","サービス業","100","2013-07-16","","1993-03-25","東京都","03月31日","09月30日",""
"2026-05-25","24590","アウンコンサルティング","アウン","AUN CONSULTING,Inc.","国内","","株式","スタンダード","サービス業","100","2005-11-09","","1998-06-08","東京都","05月31日","11月30日",""
"2026-05-25","24610","ファンコミュニケーションズ","ファンコミ","FAN Communications,Inc.","国内","","株式","プライム","サービス業","100","2013-07-16","","1999-10-01","東京都","12月31日","06月30日",""
"2026-05-25","24620","ライク","ライク","LIKE,Inc.","国内","","株式","プライム","サービス業","100","2005-12-08","","1993-09-22","大阪府","05月31日","11月30日",""
"2026-05-25","24640","Ａｏｂａ‐ＢＢＴ","Ａｏｂａ‐ＢＢＴ","Aoba-BBT,Inc.","国内","","株式","スタンダード","サービス業","100","2005-12-13","","1998-04-08","東京都","03月31日","09月30日",""
"2026-05-25","24690","ヒビノ","ヒビノ","Hibino Corporation","国内","","株式","スタンダード","サービス業","100","2013-07-16","","1964-11-13","東京都","03月31日","09月30日",""
"2026-05-25","24710","エスプール","エスプール","S-Pool,Inc.","国内","","株式","プライム","サービス業","100","2013-07-16","","1999-12-01","東京都","11月30日","05月31日",""
"2026-05-25","24750","ＷＤＢホールディングス","ＷＤＢ","WDB HOLDINGS CO.,LTD.","国内","","株式","プライム","サービス業","100","2008-03-18","","1985-07-06","兵庫県","03月31日","09月30日",""
"2026-05-25","24770","手間いらず","手間いらず","Temairazu,Inc.","国内","","株式","スタンダード","情報・通信業","100","2006-03-15","","2003-08-04","東京都","06月30日","12月31日",""
"2026-05-25","24790","ジェイテック","ジェイテック","JTEC CORPORATION","国内","","株式","スタンダード","サービス業","100","2013-07-16","","1996-08-16","東京都","03月31日","09月30日",""
"2026-05-25","24800","システム・ロケーション","シスロケ","System Location Co.,Ltd.","国内","","株式","スタンダード","情報・通信業","100","2013-07-16","","1968-04-01","東京都","03月31日","09月30日",""
"2026-05-25","24810","タウンニュース社","タウンニュース","TOWNNEWS-SHA CO.,LTD.","国内","","株式","スタンダード","サービス業","100","2013-07-16","","1980-08-01","神奈川県","06月30日","12月31日",""
"2026-05-25","24830","翻訳センター","翻訳センター","HONYAKU Center Inc.","国内","","株式","スタンダード","サービス業","100","2013-07-16","","1986-04-01","大阪府","03月31日","09月30日",""
"2026-05-25","24840","出前館","出前館","DEMAE-CAN CO.,LTD","国内","","株式","スタンダード","情報・通信業","100","2013-07-16","","1999-09-09","東京都","08月31日","02月末日",""
"2026-05-25","24850","ティア","ティア","TEAR Corporation","国内","","株式","スタンダード","サービス業","100","2013-06-21","","1997-07-07","愛知県","09月30日","03月31日",""
"2026-05-25","24880","ＪＴＰ","ＪＴＰ","JTP CO.,LTD.","国内","","株式","スタンダード","サービス業","100","2013-07-16","","1987-10-31","東京都","03月31日","09月30日",""
"2026-05-25","24890","アドウェイズ","ＡＤＷＡＹＳ","Adways Inc.","国内","","株式","スタンダード","サービス業","100","2006-06-20","","2001-02-28","東京都","12月31日","06月30日",""
"2026-05-25","24910","バリューコマース","Ｖコマース","ValueCommerce Co.,Ltd.","国内","","株式","プライム","サービス業","100","2006-07-31","","1996-03-12","東京都","12月31日","06月30日",""
"2026-05-25","24920","インフォマート","インフォマート","Infomart Corporation","国内","","株式","プライム","サービス業","100","2006-08-08","","1998-02-13","東京都","12月31日","06月30日",""
"2026-05-25","24930","イーサポートリンク","イーサポート","E-SUPPORTLINK,Ltd.","国内","","株式","スタンダード","サービス業","100","2013-07-16","","1998-10-06","東京都","11月30日","05月31日",""
"2026-05-25","24970","ユナイテッド","Ｇ－ＵＮＩＴＥＤ","UNITED,Inc.","国内","","株式","グロース","サービス業","100","2006-08-30","","1998-02-20","東京都","03月31日","09月30日",""
"2026-05-25","24980","オリエンタルコンサルタンツホールディングス","オリコンＨＤ","Oriental Consultants Holdings Company Limited","国内","","株式","スタンダード","サービス業","100","2013-07-16","","2006-08-28","東京都","09月30日","03月31日",""
"2026-05-25","24990","日本和装ホールディングス","日本和装","NIHONWASOU HOLDINGS,INC.","国内","","株式","スタンダード","サービス業","100","2012-02-27","","1986-07-15","東京都","12月31日","06月30日",""
"2026-05-25","25010","サッポロホールディングス","サッポロＨＤ","SAPPORO HOLDINGS LIMITED","国内","","株式","プライム","食料品","100","1949-10-31","","1949-09-01","東京都","12月31日","06月30日",""
"2026-05-25","25020","アサヒグループホールディングス","アサヒ","Asahi Group Holdings,Ltd.","国内","","株式","プライム","食料品","100","1949-10-31","","1949-09-01","東京都","12月31日","06月30日",""
"2026-05-25","25030","キリンホールディングス","キリンＨＤ","Kirin Holdings Company,Limited","国内","","株式","プライム","食料品","100","1949-05-16","","1907-02-23","東京都","12月31日","06月30日",""
"2026-05-25","25100","ＮＥＸＴ　ＦＵＮＤＳ　国内債券・ＮＯＭＵＲＡ－ＢＰＩ総合連動型上場投信","ＮＦ国内債券","NEXT FUNDS Japan Bond NOMURA-BPI Exchange Traded Fund","国内","","ETF","その他","","10","2017-12-11","","","","03月07日","09月07日",""
"2026-05-25","25110","ＮＥＸＴ　ＦＵＮＤＳ　外国債券・ＦＴＳＥ世界国債インデックス（除く日本・為替ヘッジなし）連動型上場投信","ＮＦ外債ヘッジ無","NEXT FUNDS International Bond FTSE World Government Bond Index (ex Japan Unhedged) Exchange Traded Fund","国内","","ETF","その他","","10","2017-12-11","","","","03月07日","09月07日",""
"2026-05-25","25120","ＮＥＸＴ　ＦＵＮＤＳ　外国債券・ＦＴＳＥ世界国債インデックス（除く日本・為替ヘッジあり）連動型上場投信","ＮＦ外債ヘッジ有","NEXT FUNDS International Bond FTSE World Government Bond Index (ex Japan Yen-Hedged) Exchange Traded Fund","国内","","ETF","その他","","10","2017-12-11","","","","03月07日","09月07日",""
"2026-05-25","25130","ＮＥＸＴ　ＦＵＮＤＳ　外国株式・ＭＳＣＩ－ＫＯＫＵＳＡＩ指数（為替ヘッジなし）連動型上場投信","ＮＦ外株ヘッジ無","NEXT FUNDS International Equity MSCI-KOKUSAI (Unhedged) Exchange Traded Fund","国内","","ETF","その他","","1","2017-12-11","","","","03月07日","09月07日",""
"2026-05-25","25140","ＮＥＸＴ　ＦＵＮＤＳ　外国株式・ＭＳＣＩ－ＫＯＫＵＳＡＩ指数（為替ヘッジあり）連動型上場投信","ＮＦ外株ヘッジ有","NEXT FUNDS International Equity MSCI-KOKUSAI (Yen-Hedged) Exchange Traded Fund","国内","","ETF","その他","","1","2017-12-11","","","","03月07日","09月07日",""
"2026-05-25","25150","ＮＥＸＴ　ＦＵＮＤＳ　外国ＲＥＩＴ・Ｓ＆Ｐ先進国ＲＥＩＴ指数（除く日本・為替ヘッジなし）連動型上場投信","ＮＦ外ＲＥＩＴヘ無","NEXT FUNDS International REIT S&P Developed REIT Index (ex Japan Unhedged) Exchange Traded Fund","国内","","ETF","その他","","1","2017-12-11","","","","03月07日","09月07日",""
"2026-05-25","25160","東証グロース２５０ＥＴＦ","東証グロース２５０","TSE Growth 250 ETF","国内","","ETF","その他","","10","2018-02-01","","","","07月08日","",""
"2026-05-25","25170","ＭＡＸＩＳ　Ｊリート・コア上場投信","ＭＸＳＪリートコア","MAXIS J-REIT Core ETF","国内","","ETF","その他","","10","2018-04-17","","","","02月10日","08月10日",""
"2026-05-25","25180","ＮＥＸＴ　ＦＵＮＤＳ　ＭＳＣＩ日本株女性活躍指数（セレクト）連動型上場投信","ＮＦ日本株女性活躍","NEXT FUNDS MSCI Japan Empowering Women Select Index Exchange Traded Fund","国内","","ETF","その他","","1","2018-05-15","","","","04月20日","10月20日",""
"2026-05-25","25190","ＮＥＸＴ　ＦＵＮＤＳ　新興国債券・Ｊ．Ｐ．モルガン・エマージング・マーケット・ボンド・インデックス・プラス（為替ヘッジなし）連動型上場投信","ＮＦ新興国債券ヘ無","NEXT FUNDS Emerging Market Bond J.P. Morgan EMBI Plus (Unhedged) Exchange Traded Fund","国内","","ETF","その他","","10","2018-07-10","","","","03月07日","09月07日",""
"2026-05-25","25200","ＮＥＸＴ　ＦＵＮＤＳ　新興国株式・ＭＳＣＩエマージング・マーケット・インデックス（為替ヘッジなし）連動型上場投信","ＮＦ新興国株式ヘ無","NEXT FUNDS Emerging Market Equity MSCI-EM (Unhedged) Exchange Traded Fund","国内","","ETF","その他","","1","2018-07-10","","","","03月07日","09月07日",""
"2026-05-25","25210","上場インデックスファンド米国株式（Ｓ＆Ｐ５００）為替ヘッジあり","上場米国ヘッジあり","Listed Index Fund US Equity (S&P500) Currency Hedge","国内","","ETF","その他","","1","2018-08-03","","","","01月20日","",""
"2026-05-25","25220","ｉシェアーズ　オートメーション　＆　ロボット　ＥＴＦ","ｉＳロボット","iShares Automation & Robot ETF","国内","","ETF","その他","","1","2018-11-15","","","","02月09日","08月09日",""
"2026-05-25","25230","ＭＡＸＩＳトピックス（除く金融）上場投信","ＭＸＳトピ除く金融","MAXIS TOPIX Ex-Financials ETF","国内","","ETF","その他","","10","2019-01-11","","","","01月16日","07月16日",""
"2026-05-25","25240","ＮＺＡＭ　上場投信　ＴＯＰＩＸ","ＮＺＡＭ　ＴＰＸ","NZAM ETF TOPIX","国内","","ETF","その他","","1","2019-02-06","","","","02月15日","08月15日",""
"2026-05-25","25250","ＮＺＡＭ　上場投信　日経２２５","ＮＺＡＭ　２２５","NZAM ETF Nikkei 225","国内","","ETF","その他","","1","2019-02-06","","","","02月15日","08月15日",""
"2026-05-25","25260","ＮＺＡＭ　上場投信　ＪＰＸ日経４００","ＮＺＡＭ　４００","NZAM ETF JPX-Nikkei400","国内","","ETF","その他","","1","2019-02-06","","","","02月15日","08月15日",""
"2026-05-25","25270","ＮＺＡＭ　上場投信　東証ＲＥＩＴ　Ｃｏｒｅ指数","ＮＺＡＭＪリートコア","NZAM ETF J-REIT Core Index","国内","","ETF","その他","","1","2019-02-06","","","","01月15日","07月15日",""
"2026-05-25","25280","ｉＦｒｅｅＥＴＦ　東証ＲＥＩＴ　Ｃｏｒｅ指数","ｉＦＪリートコア","iFreeETF Tokyo Stock Exchange REIT Core Index","国内","","ETF","その他","","1","2019-02-08","","","","03月10日","09月10日",""
"2026-05-25","25290","ＮＥＸＴ　ＦＵＮＤＳ　野村株主還元７０連動型上場投信","ＮＦ株主還元７０","NEXT FUNDS Nomura Shareholder Yield 70 Exchange Traded Fund","国内","","ETF","その他","","1","2019-04-19","","","","01月07日","07月07日",""
"2026-05-25","25300","ＭＡＸＩＳ　ＨｕａＡｎ中国株式（上海１８０Ａ株）上場投信","ＭＸＳ中国Ａ株１８０","MAXIS HuaAn China Equity (SSE 180 index) ETF","国内","","ETF","その他","","1","2019-06-25","","","","06月08日","12月08日",""
"2026-05-25","25310","宝ホールディングス","宝ＨＬＤ","TAKARA HOLDINGS INC.","国内","","株式","プライム","食料品","100","1949-05-16","","1925-09-06","京都府","03月31日","09月30日",""
"2026-05-25","25330","オエノンホールディングス","オエノンＨＤ","Oenon Holdings,Inc.","国内","","株式","プライム","食料品","100","1949-05-16","","1920-02-14","東京都","12月31日","06月30日",""
"2026-05-25","25400","養命酒製造","養命酒","YOMEISHU SEIZO CO.,LTD.","国内","","株式","プライム","食料品","100","1955-10-26","","1923-06-20","東京都","03月31日","09月30日",""
"2026-05-25","25520","上場インデックスファンドＪリート（東証ＲＥＩＴ指数）隔月分配型（ミニ）","上場ＪリートＭ","Listed Index Fund J-REIT (Tokyo Stock Exchange REIT Index) Bi-Monthly Dividend Payment Type (Mini)","国内","","ETF","その他","","1","2019-06-04","","","","02月08日","08月08日",""
"2026-05-25","25530","Ｏｎｅ　ＥＴＦ　南方　中国Ａ株　ＣＳＩ５００","Ｏｎｅ・ＣＳＩ５００","One ETF Southern China A-Share CSI 500","国内","","ETF","その他","","10","2019-06-25","","","","07月08日","",""
"2026-05-25","25540","ＮＥＸＴ　ＦＵＮＤＳ　ブルームバーグ米国投資適格社債（１－１０年）インデックス（為替ヘッジあり）連動型上場投信","ＮＦ米社債ヘ有","NEXT FUNDS Bloomberg US Intermediate Corporate Index (JPY Hedged) Exchange Traded Fund","国内","","ETF","その他","","10","2019-06-28","","","","03月07日","09月07日",""
"2026-05-25","25550","東証ＲＥＩＴ　ＥＴＦ","東証ＲＥＩＴ－ＥＴＦ","TSE REIT ETF","国内","","ETF","その他","","10","2019-07-16","","","","01月12日","07月12日",""
"2026-05-25","25560","Ｏｎｅ　ＥＴＦ　東証ＲＥＩＴ指数","Ｏｎｅ・Ｊリート","One ETF Tokyo Stock Exchange REIT Index","国内","","ETF","その他","","10","2019-08-15","","","","01月08日","07月08日",""
"2026-05-25","25570","ＳＭＤＡＭ　トピックス上場投信","ＳＭＤＡＭトピックス","SMDAM TOPIX ETF","国内","","ETF","その他","","10","2019-12-16","","","","04月08日","10月08日",""
"2026-05-25","25580","ＭＡＸＩＳ米国株式（Ｓ＆Ｐ５００）上場投信","ＭＸＳ米株ＳＰ５００","MAXIS S&P500 US Equity ETF","国内","","ETF","その他","","1","2020-01-09","","","","06月08日","12月08日",""
"2026-05-25","25590","ＭＡＸＩＳ全世界株式（オール・カントリー）上場投信","ＭＸＳ全世界株式","MAXIS World Equity (MSCI ACWI) ETF","国内","","ETF","その他","","1","2020-01-09","","","","06月08日","12月08日",""
"2026-05-25","25600","ＭＡＸＩＳカーボン・エフィシェント日本株上場投信","ＭＸＳカーボン日本株","MAXIS Carbon Efficient Japan Equity ETF","国内","","ETF","その他","","1","2020-02-06","","","","05月10日","11月10日",""
"2026-05-25","25610","ｉシェアーズ・コア　日本国債　ＥＴＦ","ｉＳ日本国債","iShares Core Japan Government Bond ETF","国内","","ETF","その他","","1","2020-02-26","","","","01月11日","07月11日",""
"2026-05-25","25620","上場インデックスファンド米国株式（ダウ平均）為替ヘッジあり","上場ダウヘッジあり","Listed Index Fund US Equity (Dow Average) Currency Hedge","国内","","ETF","その他","","1","2020-03-18","","","","01月08日","07月08日",""
"2026-05-25","25630","ｉシェアーズ　Ｓ＆Ｐ　５００　米国株　ＥＴＦ（為替ヘッジあり）","ｉＳＳＰ５百米株ヘジ","iShares S&P 500 JPY Hedged ETF","国内","","ETF","その他","","10","2020-06-19","","","","02月09日","08月09日",""
"2026-05-25","25640","グローバルＸ　ＭＳＣＩスーパーディビィデンド－日本株式　ＥＴＦ","ＧＸスーパーディビ","Global X MSCI SuperDividend Japan ETF","国内","","ETF","その他","","1","2020-08-26","","","","01月24日","07月24日",""
"2026-05-25","25650","グローバルＸ　ロジスティクス・Ｊ－ＲＥＩＴ　ＥＴＦ","ＧＸロジＪリート","Global X Logistics J-REIT ETF","国内","","ETF","その他","","1","2020-08-26","","","","02月24日","08月24日",""
"2026-05-25","25660","上場インデックスファンド日経ＥＳＧリート","上場ＥＳＧリート","Listed Index Fund Nikkei ESG REIT","国内","","ETF","その他","","1","2020-09-07","","","","01月08日","07月08日",""
"2026-05-25","25670","ＮＺＡＭ　上場投信　Ｓ＆Ｐ／ＪＰＸカーボン・エフィシェント指数","ＮＺＡＭ　カーボン","NZAM ETF S&P/JPX Carbon Efficient Index","国内","","ETF","その他","","10","2020-09-11","","","","02月15日","08月15日",""
"2026-05-25","25680","上場インデックスファンド米国株式（ＮＡＳＤＡＱ１００）為替ヘッジなし","上場ＮＳＱ１００ヘ無","Listed Index Fund US Equity (NASDAQ100) No Currency Hedge","国内","","ETF","その他","","1","2020-09-24","","","","01月08日","07月08日",""
"2026-05-25","25690","上場インデックスファンド米国株式（ＮＡＳＤＡＱ１００）為替ヘッジあり","上場ＮＳＱ１００ヘ有","Listed Index Fund US Equity (NASDAQ100) Currency Hedge","国内","","ETF","その他","","1","2020-09-24","","","","01月08日","07月08日",""
"2026-05-25","25730","北海道コカ・コーラボトリング","北海コカ","HOKKAIDO COCA-COLA BOTTLING CO.,LTD.","国内","","株式","スタンダード","食料品","100","1973-08-21","","1940-08-01","北海道","12月31日","06月30日",""
"2026-05-25","25790","コカ・コーラ　ボトラーズジャパンホールディングス","コカ・コーラＢＪＨ","Coca-Cola Bottlers Japan Holdings Inc.","国内","","株式","プライム","食料品","100","1996-11-07","","1960-12-20","東京都","12月31日","06月30日",""
"2026-05-25","25850","ライフドリンク　カンパニー","ライフドリンクＣ","LIFEDRINK COMPANY,INC.","国内","","株式","プライム","食料品","100","2021-12-21","","1972-03-28","大阪府","03月31日","09月30日",""
"2026-05-25","25860","フルッタフルッタ","Ｇ－フルッタフルッタ","FRUTA FRUTA INC.","国内","","株式","グロース","食料品","100","2014-12-17","","2002-11-21","東京都","03月31日","09月30日",""
"2026-05-25","25870","サントリービバレッジ＆フード","サントリーＢＦ","Suntory Beverage & Food Limited","国内","","株式","プライム","食料品","100","2013-07-03","","2009-01-23","東京都","12月31日","06月30日",""
"2026-05-25","25880","プレミアムウォーターホールディングス","プレミアムウォーター","Premium Water Holdings,Inc.","国内","","株式","スタンダード","食料品","100","2013-03-15","","2006-10-13","東京都","03月31日","09月30日",""
"2026-05-25","25900","ダイドーグループホールディングス","ＤｙＤｏ","DyDo GROUP HOLDINGS,INC.","国内","","株式","プライム","食料品","100","2001-08-09","","1979-09-20","大阪府","01月20日","07月20日",""
"2026-05-25","25930","伊藤園","伊藤園","ITO EN,LTD.","国内","","株式","プライム","食料品","100","1996-09-30","","1966-08-22","東京都","04月30日","10月31日",""
"2026-05-25","25940","キーコーヒー","キーコーヒー","KEY COFFEE INC","国内","","株式","プライム","食料品","100","1996-01-26","","1952-10-16","東京都","03月31日","09月30日",""
"2026-05-25","25970","ユニカフェ","ユニカフェ","UNICAFE INC.","国内","","株式","スタンダード","食料品","100","2000-08-18","","1972-11-07","東京都","12月31日","06月30日",""
"2026-05-25","26020","日清オイリオグループ","日清オイリオ","The Nisshin OilliO Group,Ltd.","国内","","株式","プライム","食料品","100","1949-06-10","","1907-02-22","東京都","03月31日","09月30日",""
"2026-05-25","26070","不二製油","不二製油","FUJI OIL CO.,LTD.","国内","","株式","プライム","食料品","100","1978-10-02","","1950-10-09","大阪府","03月31日","09月30日",""
"2026-05-25","26120","かどや製油","かどや製油","KADOYA SESAME MILLS INCORPORATED","国内","","株式","スタンダード","食料品","100","2012-03-29","","1957-05-02","東京都","03月31日","09月30日",""
"2026-05-25","26130","Ｊ－オイルミルズ","Ｊオイル","J-OIL MILLS, INC.","国内","","株式","プライム","食料品","100","2002-03-31","","2002-04-01","東京都","03月31日","09月30日",""
"2026-05-25","26200","ｉシェアーズ　米国債１－３年　ＥＴＦ","ｉＳ米国債一三","iShares 1-3 Year US Treasury Bond ETF","国内","","ETF","その他","","10","2020-10-15","","","","01月11日","07月11日",""
"2026-05-25","26210","ｉシェアーズ　米国債２０年超　ＥＴＦ（為替ヘッジあり）","ｉＳ米国債二十へジ","iShares 20+ Year US Treasury Bond JPY Hedged ETF","国内","","ETF","その他","","1","2020-10-15","","","","01月11日","07月11日",""
"2026-05-25","26220","ｉシェアーズ　米ドル建て新興国債券　ＥＴＦ（為替ヘッジあり）","ｉＳ新興国債券へジ","iShares USD Emerging Markets Bond JPY Hedged ETF","国内","","ETF","その他","","1","2020-10-15","","","","01月11日","07月11日",""
"2026-05-25","26230","ｉシェアーズ　ユーロ建て投資適格社債　ＥＴＦ（為替ヘッジあり）","ｉＳユロＩＧ社債ヘジ","iShares Euro Investment Grade Corporate Bond JPY Hedged ETF","国内","","ETF","その他","","1","2020-10-15","","","","04月11日","10月11日",""
"2026-05-25","26240","ｉＦｒｅｅＥＴＦ　日経２２５（年４回決算型）","ｉＦ２２５年４","iFreeETF Nikkei225 (Quarterly Dividend Type)","国内","","ETF","その他","","1","2020-11-10","","","","01月10日","07月10日",""
"2026-05-25","26250","ｉＦｒｅｅＥＴＦ　ＴＯＰＩＸ（年４回決算型）","ｉＦＴＰＸ年４","iFreeETF TOPIX (Quarterly Dividend Type)","国内","","ETF","その他","","1","2020-11-10","","","","01月10日","07月10日",""
"2026-05-25","26260","グローバルＸ　デジタル・イノベーション－日本株式　ＥＴＦ","ＧＸデジタル日株","Global X Digital Innovation Japan ETF","国内","","ETF","その他","","1","2021-01-27","","","","01月24日","07月24日",""
"2026-05-25","26270","グローバルＸ　ｅコマース－日本株式　ＥＴＦ","ＧＸｅコマース日株","Global X E-Commerce Japan ETF","国内","","ETF","その他","","1","2021-01-27","","","","01月24日","07月24日",""
"2026-05-25","26280","ｉＦｒｅｅＥＴＦ　中国科創板５０（ＳＴＡＲ５０）","ｉＦ中国科創板５０","iFreeETF China STAR50","国内","","ETF","その他","","1","2021-04-08","","","","02月10日","",""
"2026-05-25","26290","ｉＦｒｅｅＥＴＦ　中国グレーターベイエリア・イノベーション１００（ＧＢＡ１００）","ｉＦ中国ＧＢＡ１００","iFreeETF China GBA100","国内","","ETF","その他","","1","2021-04-08","","","","02月10日","",""
"2026-05-25","26300","ＭＡＸＩＳ米国株式（Ｓ＆Ｐ５００）上場投信（為替ヘッジあり）","ＭＸＳ米株ＳＰ５ヘ有","MAXIS S&P500 US Equity ETF (JPY Hedged)","国内","","ETF","その他","","1","2021-02-25","","","","06月08日","12月08日",""
"2026-05-25","26310","ＭＡＸＩＳナスダック１００上場投信","ＭＸＳナス１００","MAXIS NASDAQ100 ETF","国内","","ETF","その他","","1","2021-02-25","","","","06月08日","12月08日",""
"2026-05-25","26320","ＭＡＸＩＳナスダック１００上場投信（為替ヘッジあり）","ＭＸＳナス１００ヘ有","MAXIS NASDAQ100 ETF (JPY Hedged)","国内","","ETF","その他","","1","2021-02-25","","","","06月08日","12月08日",""
"2026-05-25","26330","ＮＥＸＴ　ＦＵＮＤＳ　Ｓ＆Ｐ　５００　指数（為替ヘッジなし）連動型上場投信","Ｓ＆Ｐ５００ヘッジ無","NEXT FUNDS S&P 500 (Unhedged) Exchange Traded Fund","国内","","ETF","その他","","10","2021-03-31","","","","03月10日","09月10日",""
"2026-05-25","26340","ＮＥＸＴ　ＦＵＮＤＳ　Ｓ＆Ｐ　５００　指数（為替ヘッジあり）連動型上場投信","Ｓ＆Ｐ５００ヘッジ有","NEXT FUNDS S&P 500 (Yen-Hedged) Exchange Traded Fund","国内","","ETF","その他","","1","2021-03-31","","","","03月10日","09月10日",""
"2026-05-25","26350","ＮＥＸＴ　ＦＵＮＤＳ　Ｓ＆Ｐ　５００スコアリング＆スクリーニング指数連動型上場投信","Ｓ＆Ｐ５００スコア","NEXT FUNDS S&P 500 Scored & Screened Index Exchange Traded Fund","国内","","ETF","上場廃止","","10","2021-03-31","2025-11-07","","","03月10日","09月10日",""
"2026-05-25","26360","グローバルＸ　ＭＳＣＩ　ガバナンス・クオリティ－日本株式　ＥＴＦ","ＧＸガバナンス日株","Global X MSCI Governance-Quality Japan ETF","国内","","ETF","その他","","1","2021-03-31","","","","03月24日","09月24日",""
"2026-05-25","26370","グローバルＸ　クリーンテック－日本株式　ＥＴＦ","ＧＸクリーン日株","Global X CleanTech Japan ETF","国内","","ETF","その他","","1","2021-03-31","","","","03月24日","09月24日",""
"2026-05-25","26380","グローバルＸ　ロボティクス＆ＡＩ－日本株式　ＥＴＦ","ＧＸロボ＆ＡＩ日株","Global X Japan Robotics & AI ETF","国内","","ETF","その他","","1","2021-06-23","","","","06月24日","12月24日",""
"2026-05-25","26390","グローバルＸ　バイオ＆メドテック－日本株式　ＥＴＦ","ＧＸバイオ＆メド日株","Global X Japan Bio & Med Tech ETF","国内","","ETF","その他","","1","2021-06-23","","","","06月24日","12月24日",""
"2026-05-25","26400","グローバルＸ　ゲーム＆アニメ－日本株式　ＥＴＦ","ＧＸゲームアニメ日株","Global X Japan Games & Animation ETF","国内","","ETF","その他","","1","2021-06-23","","","","06月24日","12月24日",""
"2026-05-25","26410","グローバルＸ　グローバルリーダーズ－日本株式　ＥＴＦ","ＧＸＧリーダーズ日株","Global X Japan Global Leaders ETF","国内","","ETF","その他","","1","2021-06-23","","","","06月24日","12月24日",""
"2026-05-25","26420","ＳＭＴ　ＥＴＦカーボン・エフィシェント日本株","ＳＭＴ低炭素日本株","SMT ETF Carbon Efficient Index Japan Equity","国内","","ETF","その他","","1","2021-06-23","","","","01月11日","07月11日",""
"2026-05-25","26430","ＮＥＸＴ　ＦＵＮＤＳ　ＭＳＣＩジャパンカントリー指数（セレクト）連動型上場投信","日本株セレクトＥＴＦ","NEXT FUNDS MSCI Japan Country Selection Index Exchange Traded Fund","国内","","ETF","その他","","1","2021-07-16","","","","04月20日","10月20日",""
"2026-05-25","26440","グローバルＸ　半導体関連－日本株式　ＥＴＦ","ＧＸ半導体日株","Global X Japan Semiconductor ETF","国内","","ETF","その他","","1","2021-09-28","","","","04月24日","10月24日",""
"2026-05-25","26450","グローバルＸ　レジャー＆エンターテインメント－日本株式　ＥＴＦ","ＧＸレジ＆エンタ日株","Global X Japan Leisure & Entertainment ETF","国内","","ETF","その他","","1","2021-09-28","","","","04月24日","10月24日",""
"2026-05-25","26460","グローバルＸ　メタルビジネス－日本株式　ＥＴＦ","ＧＸメタルビジ日株","Global X Japan Metal Business ETF","国内","","ETF","その他","","1","2021-09-28","","","","04月24日","10月24日",""
"2026-05-25","26470","ＮＥＸＴ　ＦＵＮＤＳ　ブルームバーグ米国国債（７－１０年）インデックス（為替ヘッジなし）連動型上場投信","米債７－１０ヘッジ無","NEXT FUNDS Bloomberg US Treasury Bond (7-10 year) Index (Unhedged) Exchange Traded Fund","国内","","ETF","その他","","1","2021-10-29","","","","03月07日","09月07日",""
"2026-05-25","26480","ＮＥＸＴ　ＦＵＮＤＳ　ブルームバーグ米国国債（７－１０年）インデックス（為替ヘッジあり）連動型上場投信","米債７－１０ヘッジ有","NEXT FUNDS Bloomberg US Treasury Bond (7-10 year) Index (Yen-Hedged) Exchange Traded Fund","国内","","ETF","その他","","1","2021-10-29","","","","03月07日","09月07日",""
"2026-05-25","26490","ｉシェアーズ　米国政府系機関ジニーメイＭＢＳ　ＥＴＦ（為替ヘッジあり）","ｉＳＧＮＭＡ債ヘジ","iShares Ginnie Mae MBS JPY Hedged ETF","国内","","ETF","その他","","10","2022-01-14","","","","01月11日","07月11日",""
"2026-05-25","26520","まんだらけ","まんだらけ","MANDARAKE INC.","国内","","株式","スタンダード","小売業","100","2000-07-26","","1987-02-20","東京都","09月30日","03月31日",""
"2026-05-25","26530","イオン九州","イオン九州","AEON KYUSHU CO.,LTD.","国内","","株式","スタンダード","小売業","100","2013-07-16","","1972-06-29","福岡県","02月末日","08月31日",""
"2026-05-25","26540","アスモ","アスモ","ASMO CORPORATION","国内","","株式","スタンダード","小売業","100","2013-07-16","","1975-04-26","東京都","03月31日","09月30日",""
"2026-05-25","26560","ベクターホールディングス","ベクターＨＤ","Vector HOLDINGS Inc.","国内","","株式","スタンダード","小売業","100","2013-07-16","","1996-11-07","東京都","03月31日","09月30日",""
"2026-05-25","26590","サンエー","サンエー","SAN-A CO.,LTD.","国内","","株式","プライム","小売業","100","2005-02-04","","1970-05-28","沖縄県","02月末日","08月31日",""
"2026-05-25","26640","カワチ薬品","カワチ薬品","CAWACHI LIMITED","国内","","株式","プライム","小売業","100","2002-12-04","","1980-07-04","栃木県","03月15日","09月15日",""
"2026-05-25","26660","オートウェーブ","オートウェーブ","AUTOWAVE Co.,Ltd.","国内","","株式","スタンダード","小売業","100","2013-07-16","","1960-02-10","千葉県","03月31日","09月30日",""
"2026-05-25","26670","イメージ　ワン","イメージワン","ImageONE Co.,Ltd.","国内","","株式","スタンダード","卸売業","100","2013-07-16","","1984-04-11","東京都","09月30日","03月31日",""
"2026-05-25","26680","タビオ","タビオ","Tabio Corporation","国内","","株式","スタンダード","卸売業","100","2013-07-16","","1977-03-02","大阪府","02月末日","08月31日",""
"2026-05-25","26690","カネ美食品","カネ美食品","Kanemi Co.,Ltd.","国内","","株式","スタンダード","小売業","100","2013-07-16","","1971-03-29","愛知県","02月末日","08月31日",""
"2026-05-25","26700","エービーシー・マート","ＡＢＣマート","ABC-MART,INC.","国内","","株式","プライム","小売業","100","2002-11-22","","1976-05-22","東京都","02月末日","08月31日",""
"2026-05-25","26730","夢みつけ隊","夢みつけ隊","YUMEMITSUKETAI Co.,Ltd.","国内","","株式","スタンダード","小売業","100","2013-07-16","","1980-10-16","東京都","03月31日","09月30日",""
"2026-05-25","26740","ハードオフコーポレーション","ハードオフ","HARD OFF CORPORATION Co.,Ltd.","国内","","株式","プライム","小売業","100","2004-02-10","","1972-07-25","新潟県","03月31日","09月30日",""
"2026-05-25","26760","高千穂交易","高千穂交","TAKACHIHO KOHEKI CO.,LTD.","国内","","株式","プライム","卸売業","100","2004-03-18","","1952-03-13","東京都","03月31日","09月30日",""
"2026-05-25","26780","アスクル","アスクル","ASKUL Corporation","国内","","株式","プライム","小売業","100","2004-04-27","","1963-11-02","東京都","05月20日","11月20日",""
"2026-05-25","26810","ゲオホールディングス","ゲオＨＤ","GEO HOLDINGS CORPORATION","国内","","株式","プライム","小売業","100","2004-01-13","","1989-01-10","愛知県","03月31日","09月30日",""
"2026-05-25","26830","魚喜","魚喜","UOKI CO.,LTD.","国内","","株式","スタンダード","小売業","100","2002-04-15","","1968-10-22","神奈川県","02月末日","08月31日",""
"2026-05-25","26850","アンドエスティＨＤ","アンドエスティＨＤ","and ST HD Co.,Ltd.","国内","","株式","プライム","小売業","100","2002-12-12","","1953-10-22","東京都","02月末日","08月31日",""
"2026-05-25","26860","ジーフット","ジーフット","GFOOT CO.,LTD.","国内","","株式","スタンダード","小売業","100","2015-11-10","","1971-10-18","東京都","02月末日","08月31日",""
"2026-05-25","26870","シー・ヴイ・エス・ベイエリア","ＣＶＳベイ","CVS Bay Area Inc.","国内","","株式","スタンダード","サービス業","100","2002-10-02","","1951-01-11","千葉県","02月末日","08月31日",""
"2026-05-25","26890","オルバヘルスケアホールディングス","オルバヘルスケアＨＤ","OLBA HEALTHCARE HOLDINGS,Inc.","国内","","株式","スタンダード","卸売業","100","2000-12-21","","1967-10-02","岡山県","06月30日","12月31日",""
"2026-05-25","26920","伊藤忠食品","伊藤忠食","ITOCHU-SHOKUHIN Co.,Ltd.","国内","","株式","上場廃止","卸売業","100","2001-03-13","2026-05-19","1918-11-29","大阪府","03月31日","09月30日",""
"2026-05-25","26930","ＹＫＴ","ＹＫＴ","YKT CORPORATION","国内","","株式","スタンダード","卸売業","100","2013-07-16","","1977-10-01","東京都","12月31日","06月30日",""
"2026-05-25","26940","焼肉坂井ホールディングス","焼肉坂井ＨＤ","Yakiniku Sakai Holdings Inc.","国内","","株式","スタンダード","小売業","100","2013-07-16","","1959-11-25","愛知県","03月31日","09月30日",""
"2026-05-25","26950","くら寿司","くら寿司","Kura Sushi,Inc.","国内","","株式","プライム","小売業","100","2004-10-04","","1995-11-01","大阪府","10月31日","04月30日",""
"2026-05-25","26980","キャンドゥ","キャンドゥ","CAN DO CO.,LTD.","国内","","株式","スタンダード","小売業","100","2003-12-03","","1993-12-03","東京都","02月末日","08月31日",""
"2026-05-25","27000","木徳神糧","木徳神糧","KITOKU SHINRYO CO.,LTD.","国内","","株式","スタンダード","卸売業","100","2013-07-16","","1950-03-22","東京都","12月31日","06月30日",""
"2026-05-25","27020","日本マクドナルドホールディングス","マクドナルド","McDonald's Holdings Company(Japan),Ltd.","国内","","株式","スタンダード","小売業","100","2013-07-16","","1977-01-19","東京都","12月31日","06月30日",""
"2026-05-25","27050","大戸屋ホールディングス","大戸屋ＨＤ","OOTOYA Holdings Co.,Ltd.","国内","","株式","スタンダード","小売業","100","2013-07-16","","1977-04-22","神奈川県","03月31日","09月30日",""
"2026-05-25","27080","久世","久世","KUZE CO.,LTD.","国内","","株式","スタンダード","卸売業","100","2013-07-16","","1950-01-23","東京都","03月31日","09月30日",""
"2026-05-25","27210","ジェイホールディングス","ＪＨＤ","J-Holdings Corp.","国内","","株式","スタンダード","卸売業","100","2013-07-16","","1993-01-25","東京都","12月31日","06月30日",""
"2026-05-25","27220","ＩＫホールディングス","ＩＫホールディングス","IK HOLDINGS Co.,Ltd.","国内","","株式","スタンダード","小売業","100","2013-07-16","","1990-04-21","愛知県","05月31日","11月30日",""
"2026-05-25","27260","パルグループホールディングス","パルグループＨＤ","PAL GROUP Holdings CO.,LTD","国内","","株式","プライム","小売業","100","2004-02-13","","1973-10-27","大阪府","02月末日","08月31日",""
"2026-05-25","27300","エディオン","エディオン","EDION Corporation","国内","","株式","プライム","小売業","100","2002-03-28","","2002-03-29","大阪府","03月31日","09月30日",""
"2026-05-25","27330","あらた","あらた","ARATA CORPORATION","国内","","株式","プライム","卸売業","100","2011-03-17","","2002-04-02","東京都","03月31日","09月30日",""
"2026-05-25","27340","サーラコーポレーション","サーラ","SALA CORPORATION","国内","","株式","プライム","小売業","100","2002-04-30","","2002-05-01","愛知県","11月30日","05月31日",""
"2026-05-25","27350","ワッツ","ワッツ","WATTS CO.,LTD.","国内","","株式","スタンダード","小売業","100","2013-07-16","","1995-02-22","大阪府","08月31日","02月末日",""
"2026-05-25","27360","フェスタリアホールディングス","フェスタリアＨＤ","Festaria Holdings Co.,Ltd.","国内","","株式","スタンダード","小売業","100","2013-07-16","","1974-07-10","東京都","08月31日","02月末日",""
"2026-05-25","27370","トーメンデバイス","トーメンデバ","TOMEN DEVICES CORPORATION","国内","","株式","プライム","卸売業","100","2004-03-25","","1945-12-12","東京都","03月31日","09月30日",""
"2026-05-25","27420","ハローズ","ハローズ","HALOWS CO.,LTD.","国内","","株式","プライム","小売業","100","2013-07-16","","1958-10-14","岡山県","02月末日","08月31日",""
"2026-05-25","27430","ピクセルカンパニーズ","ピクセル","PIXEL COMPANYZ INC.","国内","","株式","上場廃止","卸売業","100","2013-07-16","2026-01-16","1986-10-06","東京都","12月31日","06月30日",""
"2026-05-25","27470","北雄ラッキー","北雄ラッキー","Hokuyu Lucky Co.,Ltd.","国内","","株式","スタンダード","小売業","100","2013-07-16","","1971-04-03","北海道","02月末日","08月31日",""
"2026-05-25","27490","ＪＰホールディングス","ＪＰＨＤ","JP-HOLDINGS,INC.","国内","","株式","プライム","サービス業","100","2011-03-10","","1993-03-31","東京都","03月31日","09月30日",""
"2026-05-25","27500","石光商事","石光商事","S.ISHIMITSU&CO.,LTD.","国内","","株式","スタンダード","卸売業","100","2013-07-16","","1951-05-14","兵庫県","03月31日","09月30日",""
"2026-05-25","27510","テンポスホールディングス","テンポスＨＤ","TENPOS HOLDINGS Co.,Ltd.","国内","","株式","スタンダード","卸売業","100","2013-07-16","","1992-05-29","東京都","04月30日","10月31日",""
"2026-05-25","27520","フジオフードグループ本社","フジオフードＧ本社","FUJIO FOOD GROUP INC.","国内","","株式","プライム","小売業","100","2013-07-16","","1999-11-11","大阪府","12月31日","06月30日",""
"2026-05-25","27530","あみやき亭","あみやき","AMIYAKI TEI CO.,LTD.","国内","","株式","プライム","小売業","100","2002-12-18","","1995-06-22","愛知県","03月31日","09月30日",""
"2026-05-25","27600","東京エレクトロン　デバイス","東エレデバ","TOKYO ELECTRON DEVICE LIMITED","国内","","株式","プライム","卸売業","100","2003-03-07","","1986-03-03","東京都","03月31日","09月30日",""
"2026-05-25","27620","ＳＡＮＫＯ　ＭＡＲＫＥＴＩＮＧ　ＦＯＯＤＳ","ＳＡＮＫＯ　ＭＦ","SANKO MARKETING FOODS CO.,LTD.","国内","","株式","スタンダード","小売業","100","2004-09-15","","1977-04-16","東京都","06月30日","12月31日",""
"2026-05-25","27630","エフティグループ","エフティグループ","FTGroup CO.,LTD.","国内","","株式","スタンダード","卸売業","100","2013-07-16","","1985-08-01","東京都","03月31日","09月30日",""
"2026-05-25","27640","ひらまつ","ひらまつ","Hiramatsu Inc.","国内","","株式","スタンダード","小売業","100","2004-04-28","","1983-06-15","東京都","03月31日","09月30日",""
"2026-05-25","27670","円谷フィールズホールディングス","円谷フィールズＨＤ","TSUBURAYA FIELDS HOLDINGS INC.","国内","","株式","プライム","卸売業","100","2013-07-16","","1988-06-10","東京都","03月31日","09月30日",""
"2026-05-25","27680","双日","双日","Sojitz Corporation","国内","","株式","プライム","卸売業","100","2003-04-01","","2003-04-01","東京都","03月31日","09月30日",""
"2026-05-25","27690","ヴィレッジヴァンガードコーポレーション","ヴィレッジＶ","Village Vanguard CO.,LTD.","国内","","株式","スタンダード","小売業","100","2013-07-16","","1998-05-13","愛知県","05月31日","11月30日",""
"2026-05-25","27760","新都ホールディングス","新都ＨＤ","SHINTO Holdings,Inc.","国内","","株式","スタンダード","卸売業","100","2013-07-16","","1984-01-26","東京都","01月31日","07月31日",""
"2026-05-25","27780","パレモ・ホールディングス","パレモ・ＨＤ","PALEMO HOLDINGS CO.,LTD.","国内","","株式","スタンダード","小売業","100","2013-07-16","","1976-02-28","愛知県","02月20日","08月20日",""
"2026-05-25","27800","コメ兵ホールディングス","コメ兵ＨＤ","Komehyo Holdings Co.,Ltd.","国内","","株式","スタンダード","小売業","100","2004-12-21","","1979-05-04","愛知県","03月31日","09月30日",""
"2026-05-25","27820","セリア","セリア","Seria Co.,Ltd.","国内","","株式","スタンダード","小売業","100","2013-07-16","","1987-10-20","岐阜県","03月31日","09月30日",""
"2026-05-25","27840","アルフレッサ　ホールディングス","アルフレッサＨＤ","Alfresa Holdings Corporation","国内","","株式","プライム","卸売業","100","2003-09-29","","2003-09-29","東京都","03月31日","09月30日",""
"2026-05-25","27880","アップルインターナショナル","アップル","APPLE INTERNATIONAL CO.,LTD.","国内","","株式","スタンダード","卸売業","100","2003-12-01","","1996-01-12","三重県","12月31日","06月30日",""
"2026-05-25","27890","カルラ","カルラ","Karula Co.,LTD.","国内","","株式","スタンダード","小売業","100","2013-07-16","","1979-10-23","宮城県","02月末日","08月31日",""
"2026-05-25","27900","ナフコ","ナフコ","NAFCO Co.,Ltd.","国内","","株式","スタンダード","小売業","100","2013-07-16","","1970-08-19","福岡県","03月31日","09月30日",""
"2026-05-25","27910","大黒天物産","大黒天","DAIKOKUTENBUSSAN CO.,LTD.","国内","","株式","プライム","小売業","100","2006-05-24","","1986-05-22","岡山県","05月31日","11月30日",""
"2026-05-25","27920","ハニーズホールディングス","ハニーズＨＬＤ","HONEYS HOLDINGS CO.,LTD.","国内","","株式","プライム","小売業","100","2005-04-27","","1978-06-01","福島県","05月31日","11月30日",""
"2026-05-25","27950","日本プリメックス","プリメックス","NIPPON PRIMEX INC.","国内","","株式","スタンダード","卸売業","100","2013-07-16","","1979-04-05","東京都","03月31日","09月30日",""
"2026-05-25","27960","ファーマライズホールディングス","ファーマライズＨＤ","Pharmarise Holdings Corporation","国内","","株式","スタンダード","小売業","100","2013-07-16","","1984-06-28","東京都","05月31日","11月30日",""
"2026-05-25","27980","ワイズテーブルコーポレーション","Ｙ’ｓ","Y's table corporation","国内","","株式","スタンダード","小売業","100","2004-03-01","","1999-03-01","東京都","02月末日","08月31日",""
"2026-05-25","28010","キッコーマン","キッコマン","KIKKOMAN CORPORATION","国内","","株式","プライム","食料品","100","1949-05-16","","1924-12-11","千葉県","03月31日","09月30日",""
"2026-05-25","28020","味の素","味の素","Ajinomoto Co.,Inc.","国内","","株式","プライム","食料品","100","1949-05-16","","1925-12-19","東京都","03月31日","09月30日",""
"2026-05-25","28040","ブルドックソース","ブルドックソース","BULL-DOG SAUCE CO.,LTD.","国内","","株式","プライム","食料品","100","1973-05-16","","1926-09-21","東京都","03月31日","09月30日",""
"2026-05-25","28050","ヱスビー食品","エスビー食","S&B FOODS INC.","国内","","株式","スタンダード","食料品","100","1961-10-02","","1940-04-05","東京都","03月31日","09月30日",""
"2026-05-25","28060","ユタカフーズ","ユタカフーズ","YUTAKA FOODS CORPORATION","国内","","株式","スタンダード","食料品","100","2000-03-01","","1944-10-21","愛知県","03月31日","09月30日",""
"2026-05-25","28090","キユーピー","キユーピー","Kewpie Corporation","国内","","株式","プライム","食料品","100","1970-07-22","","1919-12-10","東京都","11月30日","05月31日",""
"2026-05-25","28100","ハウス食品グループ本社","ハウス食Ｇ","House Foods Group Inc.","国内","","株式","プライム","食料品","100","1971-07-01","","1947-06-07","大阪府","03月31日","09月30日",""
"2026-05-25","28110","カゴメ","カゴメ","KAGOME CO.,LTD.","国内","","株式","プライム","食料品","100","1978-11-01","","1949-08-01","愛知県","12月31日","06月30日",""
"2026-05-25","28130","和弘食品","和弘食品","Wakou Shokuhin Co.,Ltd.","国内","","株式","スタンダード","食料品","100","2013-07-16","","1964-03-30","北海道","03月31日","09月30日",""
"2026-05-25","28140","佐藤食品工業","佐藤食品","SATO FOODS INDUSTRIES CO.,LTD.","国内","","株式","スタンダード","食料品","100","2013-07-16","","1962-05-26","愛知県","03月31日","09月30日",""
"2026-05-25","28150","アリアケジャパン","アリアケ","ARIAKE JAPAN Co.,Ltd.","国内","","株式","プライム","食料品","100","1995-09-20","","1978-05-02","東京都","03月31日","09月30日",""
"2026-05-25","28160","ダイショー","ダイショー","DAISHO CO.,LTD.","国内","","株式","スタンダード","食料品","100","2000-11-09","","1966-12-19","東京都","03月31日","09月30日",""
"2026-05-25","28180","ピエトロ","ピエトロ","PIETRO Co.,Ltd.","国内","","株式","スタンダード","食料品","100","2002-04-16","","1979-12-19","福岡県","03月31日","09月30日",""
"2026-05-25","28190","エバラ食品工業","エバラ食品工業","EBARA Foods Industry,Inc.","国内","","株式","スタンダード","食料品","100","2013-07-16","","1967-07-26","神奈川県","03月31日","09月30日",""
"2026-05-25","28200","やまみ","やまみ","Yamami Company","国内","","株式","スタンダード","食料品","100","2016-06-17","","1975-01-29","広島県","06月30日","12月31日",""
"2026-05-25","28300","アヲハタ","アヲハタ","AOHATA Corporation","国内","","株式","上場廃止","食料品","100","2000-03-01","2025-10-30","1948-12-28","広島県","11月30日","05月31日",""
"2026-05-25","28310","はごろもフーズ","はごろも","HAGOROMO FOODS CORPORATION","国内","","株式","スタンダード","食料品","100","2000-02-09","","1947-07-28","静岡県","03月31日","09月30日",""
"2026-05-25","28360","グローバルＸ　フィンテック－日本株式　ＥＴＦ","ＧＸフィンテック日株","Global X Japan Fintech ETF","国内","","ETF","その他","","1","2021-12-08","","","","06月24日","12月24日",""
"2026-05-25","28370","グローバルＸ　中小型リーダーズ－日本株式　ＥＴＦ","ＧＸ中小リーダー日株","Global X Japan Mid & Small Cap Leaders ETF","国内","","ETF","その他","","1","2021-12-08","","","","06月24日","12月24日",""
"2026-05-25","28380","ＭＡＸＩＳ米国国債７－１０年上場投信（為替ヘッジなし）","ＭＸ米債７－１０ヘ無","MAXIS US Treasury Bond 7-10 Year ETF (Unhedged)","国内","","ETF","その他","","1","2021-12-10","","","","02月10日","08月10日",""
"2026-05-25","28390","ＭＡＸＩＳ米国国債７－１０年上場投信（為替ヘッジあり）","ＭＸ米債７－１０ヘ有","MAXIS US Treasury Bond 7-10 Year ETF (JPY Hedged)","国内","","ETF","その他","","1","2021-12-10","","","","02月10日","08月10日",""
"2026-05-25","28400","ｉＦｒｅｅＥＴＦ　ＮＡＳＤＡＱ１００（為替ヘッジなし）","ｉＦナス１００Ｈ無","iFreeETF NASDAQ100 (NON HEDGED)","国内","","ETF","その他","","1","2022-02-02","","","","03月10日","09月10日",""
"2026-05-25","28410","ｉＦｒｅｅＥＴＦ　ＮＡＳＤＡＱ１００（為替ヘッジあり）","ｉＦナス１００Ｈ有","iFreeETF NASDAQ100 (JPY HEDGED)","国内","","ETF","その他","","1","2022-02-02","","","","03月10日","09月10日",""
"2026-05-25","28420","ｉＦｒｅｅＥＴＦ　ＮＡＳＤＡＱ１００インバース","ｉＦナス１００ベア","iFreeETF NASDAQ100 Inverse","国内","","ETF","その他","","1","2022-02-02","","","","03月10日","09月10日",""
"2026-05-25","28430","上場インデックスファンド豪州国債（為替ヘッジあり）","上場豪債ヘッジあり","Listed Index Fund Australian Government Bond (Currency Hedge)","国内","","ETF","その他","","1","2022-02-17","","","","02月10日","08月10日",""
"2026-05-25","28440","上場インデックスファンド豪州国債（為替ヘッジなし）","上場豪債ヘッジなし","Listed Index Fund Australian Government Bond (No Currency Hedge)","国内","","ETF","その他","","1","2022-02-17","","","","02月10日","08月10日",""
"2026-05-25","28450","ＮＥＸＴ　ＦＵＮＤＳ　ＮＡＳＤＡＱ－１００（為替ヘッジあり）連動型上場投信","ナスダックヘッジ有","NEXT FUNDS NASDAQ-100(R) (Yen-Hedged) Exchange Traded Fund","国内","","ETF","その他","","1","2022-03-18","","","","02月10日","08月10日",""
"2026-05-25","28460","ＮＥＸＴ　ＦＵＮＤＳ　ダウ・ジョーンズ工業株３０種平均株価（為替ヘッジあり）連動型上場投信","ダウヘッジ有","NEXT FUNDS DJIA (Yen-Hedged) Exchange Traded Fund","国内","","ETF","その他","","1","2022-03-18","","","","02月10日","08月10日",""
"2026-05-25","28470","グローバルＸ　新成長インフラ－日本株式　ＥＴＦ","ＧＸ成長インフラ日株","Global X Japan New Growth Infrastructure ETF","国内","","ETF","その他","","1","2022-03-24","","","","04月24日","10月24日",""
"2026-05-25","28480","グローバルＸ　ＭＳＣＩ　気候変動対応－日本株式　ＥＴＦ","ＧＸ気候変動日株","Global X MSCI Japan Climate Change ETF","国内","","ETF","その他","","1","2022-03-24","","","","04月24日","10月24日",""
"2026-05-25","28490","グローバルＸ　Ｍｏｒｎｉｎｇｓｔａｒ　高配当　ＥＳＧ－日本株式　ＥＴＦ","ＧＸ高配当ＥＳＧ日株","Global X Morningstar Japan High Dividend ESG ETF","国内","","ETF","その他","","1","2022-03-24","","","","01月24日","07月24日",""
"2026-05-25","28500","ＮＥＸＴ　ＦＵＮＤＳ　ＳｏｌａｃｔｉｖｅジャパンＥＳＧコア指数連動型上場投信","ソラクティブ日ＥＳＧ","NEXT FUNDS Solactive Japan ESG Core Index Exchange Traded Fund","国内","","ETF","上場廃止","","10","2022-04-08","2025-06-09","","","01月08日","07月08日",""
"2026-05-25","28510","ｉシェアーズ　ＭＳＣＩ　ジャパンＳＲＩ　ＥＴＦ","ｉＳＭＳＣＩＪＳＲＩ","iShares MSCI Japan SRI ETF","国内","","ETF","その他","","10","2022-06-08","","","","02月09日","08月09日",""
"2026-05-25","28520","ｉシェアーズ　グリーンＪリート　ＥＴＦ","ｉＳグリーンＪリート","iShares Japan Green REIT ETF","国内","","ETF","その他","","10","2022-05-25","","","","02月09日","08月09日",""
"2026-05-25","28530","ｉシェアーズ　気候リスク調整世界国債　ＥＴＦ（除く日本・為替ヘッジあり）","ｉＳ気候外国債券ヘジ","iShares Climate Risk-Adjusted Global ex Japan Government Bond JPY Hedged ETF","国内","","ETF","その他","","10","2022-05-25","","","","01月11日","07月11日",""
"2026-05-25","28540","グローバルＸ　テック・トップ２０－日本株式　ＥＴＦ","ＧＸテック２０日株","Global X Japan Tech Top 20 ETF","国内","","ETF","その他","","1","2022-06-24","","","","04月24日","10月24日",""
"2026-05-25","28550","グローバルＸ　グリーン・Ｊ－ＲＥＩＴ　ＥＴＦ","ＧＸグリＪリート","Global X Green J-REIT ETF","国内","","ETF","その他","","1","2022-06-24","","","","02月24日","08月24日",""
"2026-05-25","28560","ｉシェアーズ　米国債３－７年　ＥＴＦ（為替ヘッジあり）","ｉＳ米国債三七ヘジ","iShares 3-7 Year US Treasury Bond JPY Hedged ETF","国内","","ETF","その他","","10","2022-07-27","","","","01月11日","07月11日",""
"2026-05-25","28570","ｉシェアーズ　ドイツ国債　ＥＴＦ（為替ヘッジあり）","ｉＳドイツ国債ヘジ","iShares Germany Government Bond JPY Hedged ETF","国内","","ETF","その他","","10","2022-07-27","","","","01月11日","07月11日",""
"2026-05-25","28580","グローバルＸ　日経２２５　カバード・コール　ＥＴＦ（プレミアム再投資型）","ＧＸ日経カバコ","Global X Nikkei 225 Covered Call ETF (option premium reinvestment type)","国内","","ETF","その他","","1","2022-07-29","","","","04月24日","10月24日",""
"2026-05-25","28590","ＮＥＸＴ　ＦＵＮＤＳ　ユーロ・ストックス５０指数（為替ヘッジあり）連動型上場投信","ＳＴＯＸＸヘッジ有","NEXT FUNDS EURO STOXX 50 (Yen-Hedged) Exchange Traded Fund","国内","","ETF","その他","","1","2022-09-02","","","","06月08日","12月08日",""
"2026-05-25","28600","ＮＥＸＴ　ＦＵＮＤＳ　ドイツ株式・ＤＡＸ（為替ヘッジあり）連動型上場投信","ＤＡＸヘッジ有","NEXT FUNDS German Equity DAX (Yen-Hedged) Exchange Traded Fund","国内","","ETF","その他","","1","2022-09-02","","","","06月08日","",""
"2026-05-25","28610","上場インデックスファンドフランス国債（為替ヘッジなし）","上場フランス国債Ｈ無","Listed Index Fund France Government Bond (No Currency Hedge)","国内","","ETF","その他","","1","2022-08-17","","","","02月10日","08月10日",""
"2026-05-25","28620","上場インデックスファンドフランス国債（為替ヘッジあり）","上場フランス国債Ｈ有","Listed Index Fund France Government Bond (Currency Hedge)","国内","","ETF","その他","","1","2022-08-17","","","","02月10日","08月10日",""
"2026-05-25","28630","ＮＥＸＴ　ＦＵＮＤＳ　Ｓ＆Ｐ米国株式・債券バランス保守型指数（為替ヘッジあり）連動型上場投信","米バラ保守ヘッジ有","NEXT FUNDS S&P US Equity and Bond Balance Conservative Index (Yen-Hedged) Exchange Traded Fund","国内","","ETF","上場廃止","","10","2022-09-16","2025-11-16","","","03月07日","09月07日",""
"2026-05-25","28640","グローバルＸ　ロジスティクス・ＲＥＩＴ　ＥＴＦ","ＧＸロジリート","Global X Logistics REIT ETF","国内","","ETF","その他","","1","2022-09-30","","","","02月24日","08月24日",""
"2026-05-25","28650","グローバルＸ　ＮＡＳＤＡＱ１００・カバード・コール　ＥＴＦ","ＧＸＮＤＸカバコ","Global X Nasdaq 100 Covered Call ETF","国内","","ETF","その他","","1","2022-09-30","","","","01月10日","07月10日",""
"2026-05-25","28660","グローバルＸ　米国優先証券　ＥＴＦ","ＧＸ優先証券","Global X U.S. Preferred Security ETF","国内","","ETF","その他","","1","2022-09-30","","","","01月10日","07月10日",""
"2026-05-25","28670","グローバルＸ　自動運転＆ＥＶ　ＥＴＦ","ＧＸ自動ＥＶ","Global X Autonomous & EV ETF","国内","","ETF","その他","","1","2022-11-08","","","","03月24日","09月24日",""
"2026-05-25","28680","グローバルＸ　Ｓ＆Ｐ５００・カバード・コール　ＥＴＦ","ＧＸＳＰＸカバコ","Global X S&P 500 Covered Call ETF","国内","","ETF","その他","","1","2022-11-08","","","","01月10日","07月10日",""
"2026-05-25","28690","ｉＦｒｅｅＥＴＦ　ＮＡＳＤＡＱ１００レバレッジ","ｉＦナス１００ダブル","iFreeETF NASDAQ100 Leveraged (2x)","国内","","ETF","その他","","1","2022-11-16","","","","03月10日","09月10日",""
"2026-05-25","28700","ｉＦｒｅｅＥＴＦ　ＮＡＳＤＡＱ１００ダブルインバース","ｉＦナス１００Ｗベア","iFreeETF NASDAQ100 Double Inverse (-2x)","国内","","ETF","その他","","1","2022-11-16","","","","03月10日","09月10日",""
"2026-05-25","28710","ニチレイ","ニチレイ","NICHIREI CORPORATION","国内","","株式","プライム","食料品","100","1949-05-16","","1942-12-24","東京都","03月31日","09月30日",""
"2026-05-25","28720","セイヒョー","セイヒョー","SEIHYO CO.,LTD.","国内","","株式","スタンダード","食料品","100","2000-03-01","","1916-03-24","新潟県","02月末日","08月31日",""
"2026-05-25","28740","横浜冷凍","ヨコレイ","YOKOREI CO.,LTD.","国内","","株式","プライム","卸売業","100","1962-12-27","","1948-05-13","神奈川県","09月30日","03月31日",""
"2026-05-25","28750","東洋水産","東洋水産","TOYO SUISAN KAISHA,LTD.","国内","","株式","プライム","食料品","100","1970-09-28","","1948-04-05","東京都","03月31日","09月30日",""
"2026-05-25","28760","デルソーレ","デルソーレ","Delsole Corporation","国内","","株式","スタンダード","食料品","100","2013-07-16","","1964-11-19","東京都","03月31日","09月30日",""
"2026-05-25","28770","日東ベスト","日東ベスト","NittoBest Corporation","国内","","株式","スタンダード","食料品","100","2013-07-16","","1948-07-16","山形県","03月31日","09月30日",""
"2026-05-25","28820","イートアンドホールディングス","イートアンドＨＤ","EAT&HOLDINGS Co.,Ltd","国内","","株式","プライム","食料品","100","2012-11-27","","1977-08-02","大阪府","02月末日","08月31日",""
"2026-05-25","28830","大冷","大冷","DAIREI CO.,LTD.","国内","","株式","スタンダード","食料品","100","2014-12-18","","1972-06-01","東京都","03月31日","09月30日",""
"2026-05-25","28840","ヨシムラ・フード・ホールディングス","ヨシムラ・Ｆ・ＨＤ","Yoshimura Food Holdings K.K.","国内","","株式","プライム","食料品","100","2016-03-04","","2008-03-18","東京都","02月末日","08月31日",""
"2026-05-25","28920","日本食品化工","日食化","NIHON SHOKUHIN KAKO CO.,LTD.","国内","","株式","スタンダード","食料品","100","1961-10-02","","1948-07-26","東京都","03月31日","09月30日",""
"2026-05-25","28940","石井食品","石井食","Ishii Food Co.,Ltd.","国内","","株式","スタンダード","食料品","100","1962-12-13","","1945-05-14","千葉県","03月31日","09月30日",""
"2026-05-25","28970","日清食品ホールディングス","日清食ＨＤ","NISSIN FOODS HOLDINGS CO.,LTD.","国内","","株式","プライム","食料品","100","1963-10-21","","1948-09-04","大阪府","03月31日","09月30日",""
"2026-05-25","29010","ウェルディッシュ","ウェルディッシュ","Wel-Dish.Incorporated","国内","","株式","スタンダード","食料品","100","2013-07-16","","1957-10-10","東京都","08月31日","02月末日",""
"2026-05-25","29030","シノブフーズ","シノブフーズ","SHINOBU FOODS PRODUCTS CO.,LTD.","国内","","株式","スタンダード","食料品","100","2013-07-16","","1971-05-01","大阪府","03月31日","09月30日",""
"2026-05-25","29040","一正蒲鉾","一正蒲鉾","ICHIMASA KAMABOKO CO.,LTD.","国内","","株式","スタンダード","食料品","100","2013-07-16","","1947-05-09","新潟県","06月30日","12月31日",""
"2026-05-25","29070","あじかん","あじかん","AHJIKAN CO.,LTD.","国内","","株式","スタンダード","食料品","100","2000-03-01","","1965-03-19","広島県","03月31日","09月30日",""
"2026-05-25","29080","フジッコ","フジッコ","FUJICCO CO.,LTD.","国内","","株式","プライム","食料品","100","1996-12-27","","1940-04-22","兵庫県","03月31日","09月30日",""
"2026-05-25","29100","ロック・フィールド","ロックフィルド","ROCK FIELD CO.,LTD.","国内","","株式","プライム","食料品","100","2000-02-25","","1972-06-08","兵庫県","04月30日","10月31日",""
"2026-05-25","29110","旭松食品","旭松食品","ASAHIMATSU FOODS CO.,LTD.","国内","","株式","スタンダード","食料品","100","2013-07-16","","1976-07-20","長野県","03月31日","09月30日",""
"2026-05-25","29140","日本たばこ産業","ＪＴ","JAPAN TOBACCO INC.","国内","","株式","プライム","食料品","100","1994-10-27","","1985-04-01","東京都","12月31日","06月30日",""
"2026-05-25","29150","ケンコーマヨネーズ","ケンコーマヨ","KENKO Mayonnaise Co.,Ltd.","国内","","株式","プライム","食料品","100","2011-03-24","","1958-03-01","東京都","03月31日","09月30日",""
"2026-05-25","29160","仙波糖化工業","仙波糖化","Semba Tohka Industries Co.,Ltd","国内","","株式","スタンダード","食料品","100","2013-07-16","","1947-07-01","栃木県","03月31日","09月30日",""
"2026-05-25","29170","大森屋","大森屋","OHMORIYA Co.,LTD.","国内","","株式","スタンダード","食料品","100","2013-07-16","","1955-03-05","大阪府","09月30日","03月31日",""
"2026-05-25","29180","わらべや日洋ホールディングス","わらべや","WARABEYA NICHIYO HOLDINGS CO.,LTD.","国内","","株式","プライム","食料品","100","1999-11-04","","1964-03-18","東京都","02月末日","08月31日",""
"2026-05-25","29220","なとり","なとり","NATORI CO.,LTD.","国内","","株式","プライム","食料品","100","2001-09-17","","1948-06-11","東京都","03月31日","09月30日",""
"2026-05-25","29230","サトウ食品","サトウ食品","SATO FOODS CO.,LTD.","国内","","株式","スタンダード","食料品","100","2001-04-11","","1961-04-15","新潟県","04月30日","10月31日",""
"2026-05-25","29240","イフジ産業","イフジ産業","Ifuji Sangyo Co.,Ltd.","国内","","株式","スタンダード","食料品","100","2012-05-30","","1972-10-03","福岡県","03月31日","09月30日",""
"2026-05-25","29260","篠崎屋","篠崎屋","SHINOZAKIYA,INC.","国内","","株式","スタンダード","食料品","100","2003-11-28","","1987-01-24","埼玉県","09月30日","03月31日",""
"2026-05-25","29270","ＡＦＣ－ＨＤアムスライフサイエンス","ＡＦＣ－ＨＤ","AFC-HD AMS Life Science Co.,Ltd.","国内","","株式","スタンダード","食料品","100","2013-07-16","","1980-12-08","静岡県","08月31日","02月末日",""
"2026-05-25","29290","ファーマフーズ","ファーマフーズ","Pharma Foods International Co.,Ltd.","国内","","株式","プライム","食料品","100","2006-06-12","","1997-09-12","京都府","07月31日","01月31日",""
"2026-05-25","29300","北の達人コーポレーション","北の達人","Kitanotatsujin Corporation","国内","","株式","プライム","化学","100","2014-11-21","","2002-05-01","北海道","02月末日","08月31日",""
"2026-05-25","29310","ユーグレナ","ユーグレナ","Euglena Co.,Ltd.","国内","","株式","プライム","食料品","100","2012-12-20","","2005-08-09","東京都","12月31日","06月30日",""
"2026-05-25","29320","ＳＴＩフードホールディングス","ＳＴＩフードＨＤ","STI Foods Holdings,Inc.","国内","","株式","スタンダード","食料品","100","2020-09-25","","2017-11-27","東京都","12月31日","06月30日",""
"2026-05-25","29330","紀文食品","紀文食品","KIBUN FOODS INC.","国内","","株式","プライム","食料品","100","2021-04-13","","1947-09-26","東京都","03月31日","09月30日",""
"2026-05-25","29340","ジェイフロンティア","Ｇ－Ｊフロンティア","J Frontier Co.,Ltd.","国内","","株式","グロース","食料品","100","2021-08-27","","2008-06-10","東京都","05月31日","11月30日",""
"2026-05-25","29350","ピックルスホールディングス","ピックルスＨＤ","PICKLES HOLDINGS CO.,LTD.","国内","","株式","プライム","食料品","100","2022-09-01","","2022-09-01","埼玉県","02月末日","08月31日",""
"2026-05-25","29360","ベースフード","Ｇ－ベースフード","BASE FOOD,Inc.","国内","","株式","グロース","食料品","100","2022-11-15","","2016-04-05","東京都","02月末日","08月31日",""
"2026-05-25","29370","サンクゼール","Ｇ－サンクゼール","St.Cousair CO.,LTD.","国内","","株式","グロース","食料品","100","2022-12-21","","1982-06-01","長野県","03月31日","09月30日",""
"2026-05-25","29380","オカムラ食品工業","オカムラ食品工業","Okamura Foods Co.,Ltd.","国内","","株式","スタンダード","食料品","100","2023-09-27","","1971-08-02","青森県","06月30日","12月31日",""
"2026-05-25","29610","日本調理機","日本調理機","NITCHO CORPORATION","国内","","株式","スタンダード","金属製品","100","2021-11-09","","1947-07-21","東京都","09月30日","03月31日",""
"2026-05-25","29620","テクニスコ","テクニスコ","TECNISCO,LTD.","国内","","株式","スタンダード","金属製品","100","2023-07-26","","1970-02-14","東京都","06月30日","12月31日",""
"2026-05-25","29700","ＧＬＣ　ＧＲＯＵＰ","ＧＬＣ　ＧＲＯＵＰ","GLC GROUP,INC.","国内","","株式","スタンダード","不動産業","100","2018-12-17","","2008-06-17","福岡県","12月31日","06月30日",""
"2026-05-25","29710","エスコンジャパンリート投資法人","Ｒ－エスコンジャパン","ESCON JAPAN REIT Investment Corporation","国内","","REIT","その他","","1","2019-02-13","","2016-08-26","東京都","01月31日","07月31日",""
"2026-05-25","29720","サンケイリアルエステート投資法人","Ｒ－サンケイＲＥ","SANKEI REAL ESTATE Inc.","国内","","REIT","その他","","1","2019-03-12","","2018-11-19","東京都","02月末日","08月31日",""
"2026-05-25","29750","スター・マイカ・ホールディングス","スター・マイカＨＤ","Star Mica Holdings Co.,Ltd.","国内","","株式","プライム","不動産業","100","2019-06-01","","1998-07-24","東京都","11月30日","05月31日",""
"2026-05-25","29770","Ｌｉｖｅｎｕｐ　Ｇｒｏｕｐ","Ｐ－ＬｉｖｅｎｕｐＧ","Livenup Group Co.,Ltd.","国内","","株式","上場廃止","不動産業","100","2019-07-31","2025-05-26","2003-04-04","東京都","09月30日","03月31日",""
"2026-05-25","29780","ツクルバ","Ｇ－ツクルバ","TSUKURUBA Inc.","国内","","株式","グロース","不動産業","100","2019-07-31","","2011-08-22","東京都","07月31日","01月31日",""
"2026-05-25","29790","ＳＯＳｉＬＡ物流リート投資法人","Ｒ－ＳＯＳｉＬＡ物流","SOSiLA Logistics REIT,Inc.","国内","","REIT","その他","","1","2019-12-10","","2019-06-26","東京都","05月31日","11月30日",""
"2026-05-25","29800","ＳＲＥホールディングス","ＳＲＥＨＤ","SRE Holdings Corporation","国内","","株式","プライム","不動産業","100","2019-12-19","","2014-04-14","東京都","03月31日","09月30日",""
"2026-05-25","29810","ランディックス","Ｇ－ランディックス","Landix Inc.","国内","","株式","グロース","不動産業","100","2019-12-19","","2001-02-13","東京都","03月31日","09月30日",""
"2026-05-25","29820","ＡＤワークスグループ","ＡＤワークスグループ","A.D.Works Group Co.,Ltd.","国内","","株式","プライム","不動産業","100","2020-04-01","","2020-04-01","東京都","12月31日","06月30日",""
"2026-05-25","29830","アールプランナー","Ｇ－アールプランナー","Arr Planner Co.,Ltd.","国内","","株式","グロース","不動産業","100","2021-02-10","","2003-10-03","愛知県","01月31日","07月31日",""
"2026-05-25","29840","ヤマイチエステート","ヤマイチ","Yamaichi Real Estate Co.,Ltd","国内","","株式","スタンダード","不動産業","100","2022-06-20","","1989-06-12","大阪府","03月31日","09月30日",""
"2026-05-25","29850","ファーストステージ","Ｐ－ファーストステジ","First Stage Corporation","国内","","株式","TOKYO PRO Market","不動産業","100","2020-05-27","","2007-10-11","大阪府","03月31日","09月30日",""
"2026-05-25","29860","ＬＡホールディングス","Ｇ－ＬＡＨＤ","LA Holdings Co.,Ltd.","国内","","株式","グロース","不動産業","100","2020-07-01","","2020-07-01","東京都","12月31日","06月30日",""
"2026-05-25","29890","東海道リート投資法人","Ｒ－東海道リート","Tokaido REIT,Inc.","国内","","REIT","その他","","1","2021-06-22","","2021-02-01","東京都","01月31日","07月31日",""
"2026-05-25","29900","アイダ設計","Ｐ－アイダ設計","Aida Sekkei Co.,Ltd.","国内","","株式","TOKYO PRO Market","不動産業","100","2021-06-28","","1981-01-06","埼玉県","03月31日","09月30日",""
"2026-05-25","29910","ランドネット","ランドネット","LANDNET Inc.","国内","","株式","スタンダード","不動産業","100","2021-07-21","","1999-09-29","東京都","07月31日","01月31日",""
"2026-05-25","29920","アーバンライク","Ｐ－アーバンライク","URBAN LiKE INC.","国内","","株式","TOKYO PRO Market","不動産業","100","2021-07-28","","2008-02-13","熊本県","10月31日","04月30日",""
"2026-05-25","29930","長栄","長栄","Choei Inc.","国内","","株式","スタンダード","不動産業","100","2021-12-24","","1988-04-05","京都府","03月31日","09月30日",""
"2026-05-25","29940","アンサーホールディングス","Ｐ－アンサーＨＤ","Answer Holdings Co.,Ltd","国内","","株式","TOKYO PRO Market","不動産業","100","2022-01-20","","2016-06-03","福岡県","06月30日","12月31日",""
"2026-05-25","29950","ジェイレックス・コーポレーション","Ｐ－ジェイレックス","J-REX Corporation","国内","","株式","TOKYO PRO Market","不動産業","100","2022-01-26","","2002-10-08","東京都","06月30日","12月31日",""
"2026-05-25","29970","ストレージ王","Ｇ－ストレージ王","STORAGE-OH Co.,Ltd.","国内","","株式","グロース","不動産業","100","2022-04-27","","2010-04-01","千葉県","01月31日","07月31日",""
"2026-05-25","29980","クリアル","Ｇ－クリアル","CREAL Inc.","国内","","株式","グロース","不動産業","100","2022-04-28","","2011-05-11","東京都","03月31日","09月30日",""
"2026-05-25","29990","ホームポジション","ホームポジション","Home Position Co.,Ltd.","国内","","株式","スタンダード","不動産業","100","2022-06-23","","1989-12-08","静岡県","08月31日","02月末日",""
"2026-05-25","30010","片倉工業","片倉","Katakura Industries Co.,Ltd.","国内","","株式","スタンダード","繊維製品","100","1949-05-16","","1920-03-23","東京都","12月31日","06月30日",""
"2026-05-25","30020","グンゼ","グンゼ","GUNZE LIMITED","国内","","株式","プライム","繊維製品","100","1949-05-16","","1896-06-01","大阪府","03月31日","09月30日",""
"2026-05-25","30030","ヒューリック","ヒューリック","Hulic Co.,Ltd.","国内","","株式","プライム","不動産業","100","1949-05-16","","1931-03-27","東京都","12月31日","06月30日",""
"2026-05-25","30040","神栄","神栄","SHINYEI KAISHA","国内","","株式","スタンダード","卸売業","100","1949-05-16","","1887-05-24","兵庫県","03月31日","09月30日",""
"2026-05-25","30100","ポラリス・ホールディングス","ポラリスＨＤ","Polaris Holdings Co.,Ltd.","国内","","株式","スタンダード","サービス業","100","1961-10-02","","1912-09-20","東京都","03月31日","09月30日",""
"2026-05-25","30110","バナーズ","バナーズ","BANNERS CO.,LTD.","国内","","株式","スタンダード","小売業","100","1963-05-17","","1950-08-28","埼玉県","03月31日","09月30日",""
"2026-05-25","30200","アプライド","アプライド","Applied Co.,Ltd.","国内","","株式","スタンダード","小売業","100","2013-07-16","","1982-09-20","福岡県","03月31日","09月30日",""
"2026-05-25","30210","パシフィックネット","ＰＣＮＥＴ","Pacific Net Co.,Ltd.","国内","","株式","スタンダード","サービス業","100","2006-02-20","","1988-07-08","東京都","05月31日","11月30日",""
"2026-05-25","30230","ラサ商事","ラサ商事","Rasa Corporation","国内","","株式","スタンダード","卸売業","100","2006-02-28","","1939-01-10","東京都","03月31日","09月30日",""
"2026-05-25","30240","クリエイト","クリエイト","CREATE CORPORATION","国内","","株式","スタンダード","卸売業","100","2013-07-16","","1948-03-31","大阪府","03月31日","09月30日",""
"2026-05-25","30280","アルペン","アルペン","Alpen Co.,Ltd.","国内","","株式","プライム","小売業","100","2006-03-24","","1972-07-08","愛知県","06月30日","12月31日",""
"2026-05-25","30300","ハブ","ハブ","HUB CO.,LTD.","国内","","株式","スタンダード","小売業","100","2013-07-16","","1998-05-28","東京都","02月末日","08月31日",""
"2026-05-25","30310","ラクーンホールディングス","ラクーンＨＤ","RACCOON HOLDINGS,Inc.","国内","","株式","プライム","情報・通信業","100","2006-04-06","","1995-09-20","東京都","04月30日","10月31日",""
"2026-05-25","30340","クオールホールディングス","クオールＨＤ","Qol Holdings Co.,Ltd.","国内","","株式","プライム","小売業","100","2011-12-20","","1992-10-13","東京都","03月31日","09月30日",""
"2026-05-25","30350","ケイティケイ","ＫＴＫ","ktk INC.","国内","","株式","スタンダード","卸売業","100","2013-07-16","","1971-06-29","愛知県","08月20日","02月20日",""
"2026-05-25","30360","アルコニックス","アルコニックス","ALCONIX CORPORATION","国内","","株式","プライム","卸売業","100","2008-03-14","","1981-07-01","東京都","03月31日","09月30日",""
"2026-05-25","30380","神戸物産","神戸物産","KOBE BUSSAN CO.,LTD.","国内","","株式","プライム","卸売業","100","2013-07-16","","1991-04-30","兵庫県","10月31日","04月30日",""
"2026-05-25","30400","ソリトンシステムズ","ソリトンシステムズ","SOLITON SYSTEMS K.K.","国内","","株式","プライム","情報・通信業","100","2013-07-16","","1979-03-01","東京都","12月31日","06月30日",""
"2026-05-25","30410","ビューティカダンホールディングス","ビューティカダンＨＤ","Beauty Kadan Holdings Co.,Ltd.","国内","","株式","スタンダード","卸売業","100","2006-06-19","","1997-01-16","熊本県","06月30日","12月31日",""
"2026-05-25","30420","セキュアヴェイル","セキュアヴェイル","SecuAvail Inc.","国内","","株式","スタンダード","情報・通信業","100","2013-07-16","","2001-08-20","大阪府","03月31日","09月30日",""
"2026-05-25","30450","カワサキ","カワサキ","Kawasaki & Co.,Ltd.","国内","","株式","スタンダード","卸売業","100","2013-07-16","","1971-10-16","大阪府","08月31日","02月末日",""
"2026-05-25","30460","ジンズホールディングス","ＪＩＮＳＨＤ","JINS HOLDINGS Inc.","国内","","株式","プライム","小売業","100","2013-05-30","","1988-07-08","東京都","08月31日","02月末日",""
"2026-05-25","30480","ビックカメラ","ビックカメラ","BIC CAMERA INC.","国内","","株式","プライム","小売業","100","2008-06-10","","1980-11-21","東京都","08月31日","02月末日",""
"2026-05-25","30500","ＤＣＭホールディングス","ＤＣＭ","DCM Holdings Co.,Ltd.","国内","","株式","プライム","小売業","100","2006-09-01","","2006-09-01","東京都","02月末日","08月31日",""
"2026-05-25","30530","ペッパーフードサービス","ペッパー","PEPPER FOOD SERVICE CO.,LTD.","国内","","株式","スタンダード","小売業","100","2006-09-21","","1985-10-01","東京都","12月31日","06月30日",""
"2026-05-25","30540","ハイパー","ハイパー","HYPER Inc.","国内","","株式","スタンダード","卸売業","100","2013-07-16","","1990-05-18","東京都","12月31日","06月30日",""
"2026-05-25","30580","三洋堂ホールディングス","三洋堂ＨＤ","Sanyodo Holdings Inc.","国内","","株式","スタンダード","小売業","100","2013-07-16","","1978-12-21","愛知県","03月31日","09月30日",""
"2026-05-25","30590","ヒラキ","ヒラキ","HIRAKI CO.,LTD.","国内","","株式","スタンダード","小売業","100","2006-11-14","","1978-04-22","兵庫県","03月31日","09月30日",""
"2026-05-25","30630","ジェイグループホールディングス","Ｇ－ｊＧｒｏｕｐ","j-Group Holdings Corp.","国内","","株式","グロース","小売業","100","2006-11-30","","1997-03-03","愛知県","02月末日","08月31日",""
"2026-05-25","30640","ＭｏｎｏｔａＲＯ","ＭＲＯ","MonotaRO Co.,Ltd.","国内","","株式","プライム","小売業","100","2006-12-06","","2000-10-19","大阪府","12月31日","06月30日",""
"2026-05-25","30650","ライフフーズ","ライフフーズ","Life Foods Co.,Ltd.","国内","","株式","スタンダード","小売業","100","2013-07-16","","1981-07-25","大阪府","02月末日","08月31日",""
"2026-05-25","30670","東京一番フーズ","東京一番フーズ","TOKYO ICHIBAN FOODS CO.,LTD.","国内","","株式","スタンダード","小売業","100","2006-12-21","","1998-10-28","東京都","09月30日","03月31日",""
"2026-05-25","30680","ＷＤＩ","ＷＤＩ","WDI Corporation","国内","","株式","スタンダード","小売業","100","2013-07-16","","1954-04-09","東京都","03月31日","09月30日",""
"2026-05-25","30690","ＪＦＬＡホールディングス","ＪＦＬＡＨＤ","JFLA Holdings Inc.","国内","","株式","スタンダード","食料品","100","2013-07-16","","2007-01-12","東京都","03月31日","09月30日",""
"2026-05-25","30700","ジェリービーンズグループ","Ｇ－ジェリービーンズ","JELLY BEANS GROUP Co.,Ltd.","国内","","株式","グロース","卸売業","100","2013-07-16","","2000-04-10","東京都","01月31日","07月31日",""
"2026-05-25","30710","ストリーム","ストリーム","Stream Co.,Ltd.","国内","","株式","スタンダード","小売業","100","2007-02-20","","1999-07-23","東京都","01月31日","07月31日",""
"2026-05-25","30730","ＤＤグループ","ＤＤグループ","DD GROUP Co.,Ltd.","国内","","株式","上場廃止","小売業","100","2013-07-16","2025-11-21","2002-12-16","東京都","02月末日","08月31日",""
"2026-05-25","30750","銚子丸","銚子丸","Choushimaru Co.,Ltd.","国内","","株式","スタンダード","小売業","100","2013-07-16","","1977-11-02","千葉県","02月末日","08月31日",""
"2026-05-25","30760","あい　ホールディングス","あいＨＤ","Ai Holdings Corporation","国内","","株式","プライム","卸売業","100","2007-04-02","","2007-04-02","東京都","06月30日","12月31日",""
"2026-05-25","30770","ホリイフードサービス","ホリイフード","Horiifoodservice Co.,Ltd.","国内","","株式","スタンダード","小売業","100","2013-07-16","","1993-07-01","茨城県","11月30日","05月31日",""
"2026-05-25","30790","ディーブイエックス","ＤＶｘ","DVx Inc.","国内","","株式","スタンダード","卸売業","100","2013-07-16","","1986-04-01","東京都","03月31日","09月30日",""
"2026-05-25","30800","ジェーソン","ジェーソン","JASON CO.,LTD.","国内","","株式","スタンダード","小売業","100","2013-07-16","","1973-07-02","千葉県","02月末日","08月31日",""
"2026-05-25","30820","きちりホールディングス","きちりＨＤ","KICHIRI HOLDINGS & Co.,Ltd.","国内","","株式","スタンダード","小売業","100","2013-03-22","","2000-11-03","大阪府","06月30日","12月31日",""
"2026-05-25","30830","スターシーズ","スターシーズ","Star seeds Co.,Ltd.","国内","","株式","スタンダード","小売業","100","2013-07-16","","1989-03-01","東京都","02月末日","08月31日",""
"2026-05-25","30860","Ｊ．フロント　リテイリング","Ｊフロント","J.FRONT RETAILING Co.,Ltd.","国内","","株式","プライム","小売業","100","2007-09-03","","2007-09-03","東京都","02月末日","08月31日",""
"2026-05-25","30870","ドトール・日レスホールディングス","ドトル日レス","DOUTOR・NICHIRES Holdings Co.,Ltd.","国内","","株式","プライム","小売業","100","2007-10-01","","2007-10-01","東京都","02月末日","08月31日",""
"2026-05-25","30880","マツキヨココカラ＆カンパニー","マツキヨココカラ","MatsukiyoCocokara & Co.","国内","","株式","プライム","小売業","100","2007-10-01","","2007-10-01","千葉県","03月31日","09月30日",""
"2026-05-25","30890","テクノアルファ","テクノアルファ","Techno Alpha Co.,Ltd.","国内","","株式","スタンダード","卸売業","100","2013-07-16","","1989-12-22","東京都","11月30日","05月31日",""
"2026-05-25","30910","ブロンコビリー","ブロンコＢ","BRONCO BILLY Co.,LTD.","国内","","株式","プライム","小売業","100","2011-08-26","","1982-03-12","愛知県","12月31日","06月30日",""
"2026-05-25","30920","ＺＯＺＯ","ＺＯＺＯ","ZOZO,Inc.","国内","","株式","プライム","小売業","100","2007-12-11","","1998-05-21","千葉県","03月31日","09月30日",""
"2026-05-25","30930","トレジャー・ファクトリー","トレファク","Treasure Factory Co.,LTD.","国内","","株式","プライム","小売業","100","2007-12-26","","1995-05-25","東京都","02月末日","08月31日",""
"2026-05-25","30940","スーパーバリュー","スーパーＶ","SUPER VALUE CO.,LTD.","国内","","株式","上場廃止","小売業","100","2013-07-16","2026-01-05","1996-03-18","埼玉県","02月末日","08月31日",""
"2026-05-25","30960","オーシャンシステム","オーシャン","OCEAN SYSTEM CORPORATION","国内","","株式","スタンダード","小売業","100","2013-07-16","","1973-03-27","新潟県","03月31日","09月30日",""
"2026-05-25","30970","物語コーポレーション","物語コーポ","The Monogatari Corporation","国内","","株式","プライム","小売業","100","2010-06-25","","1969-09-04","愛知県","06月30日","12月31日",""
"2026-05-25","30990","三越伊勢丹ホールディングス","ミツコシイセタン","Isetan Mitsukoshi Holdings Ltd.","国内","","株式","プライム","小売業","100","2008-04-01","","2008-04-01","東京都","03月31日","09月30日",""
"2026-05-25","31010","東洋紡","東洋紡","TOYOBO CO.,LTD.","国内","","株式","プライム","化学","100","1949-05-16","","1914-06-26","大阪府","03月31日","09月30日",""
"2026-05-25","31030","ユニチカ","ユニチカ","UNITIKA LTD.","国内","","株式","スタンダード","繊維製品","100","1949-05-16","","1889-06-19","大阪府","03月31日","09月30日",""
"2026-05-25","31040","富士紡ホールディングス","富士紡ＨＤ","Fujibo Holdings,Inc.","国内","","株式","プライム","繊維製品","100","1949-05-16","","1896-03-24","東京都","03月31日","09月30日",""
"2026-05-25","31050","日清紡ホールディングス","日清紡ＨＤ","Nisshinbo Holdings Inc.","国内","","株式","プライム","電気機器","100","1949-05-16","","1907-01-26","東京都","12月31日","06月30日",""
"2026-05-25","31060","倉敷紡績","クラボウ","KURABO INDUSTRIES LTD.","国内","","株式","プライム","繊維製品","100","1949-05-16","","1888-03-09","大阪府","03月31日","09月30日",""
"2026-05-25","31070","ダイワボウホールディングス","ダイワボＨＤ","Daiwabo Holdings Co.,Ltd.","国内","","株式","プライム","卸売業","100","1949-05-16","","1941-05-12","大阪府","03月31日","09月30日",""
"2026-05-25","31090","シキボウ","シキボウ","SHIKIBO LTD.","国内","","株式","プライム","繊維製品","100","1949-05-16","","1892-08-05","大阪府","03月31日","09月30日",""
"2026-05-25","31100","日東紡績","日東紡","NITTO BOSEKI CO.,LTD.","国内","","株式","プライム","ガラス・土石製品","100","1949-05-16","","1918-04-22","東京都","03月31日","09月30日",""
"2026-05-25","31110","オーミケンシ","オーミケンシ","OMIKENSHI CO.,LTD.","国内","","株式","スタンダード","繊維製品","100","1949-05-16","","1917-08-13","大阪府","03月31日","09月30日",""
"2026-05-25","31130","ＵＮＩＶＡ・Ｏａｋホールディングス","ＵＮＩＶＡ・Ｏａｋ","UNIVA Oak Holdings Limited","国内","","株式","スタンダード","証券、商品先物取引業","100","1949-05-16","","1918-02-22","東京都","03月31日","09月30日",""
"2026-05-25","31160","トヨタ紡織","トヨタ紡織","TOYOTA BOSHOKU CORPORATION","国内","","株式","プライム","輸送用機器","100","2000-03-16","","1950-05-15","愛知県","03月31日","09月30日",""
"2026-05-25","31210","マーチャント・バンカーズ","マーチャント","MBK Co.,Ltd.","国内","","株式","スタンダード","サービス業","100","2013-07-16","","1947-03-17","東京都","10月31日","04月30日",""
"2026-05-25","31230","サイボー","サイボー","SAIBO Co.,Ltd.","国内","","株式","スタンダード","繊維製品","100","1961-10-02","","1948-06-15","埼玉県","03月31日","09月30日",""
"2026-05-25","31310","シンデン・ハイテックス","シンデンハイテク","SHINDEN HIGHTEX CORPORATION","国内","","株式","スタンダード","卸売業","100","2015-03-25","","1995-06-06","東京都","03月31日","09月30日",""
"2026-05-25","31320","マクニカホールディングス","マクニカＨＤ","MACNICA HOLDINGS,INC.","国内","","株式","プライム","卸売業","100","2015-04-01","","2015-04-01","神奈川県","03月31日","09月30日",""
"2026-05-25","31330","海帆","Ｇ－海帆","kaihan co.,Ltd.","国内","","株式","グロース","小売業","100","2015-04-17","","2003-05-14","愛知県","03月31日","09月30日",""
"2026-05-25","31340","Ｈａｍｅｅ","Ｈａｍｅｅ","Hamee Corp.","国内","","株式","スタンダード","小売業","100","2015-04-20","","1998-05-22","神奈川県","04月30日","10月31日",""
"2026-05-25","31350","マーケットエンタープライズ","マーケットエンター","MarketEnterprise Co.,Ltd","国内","","株式","スタンダード","小売業","100","2015-06-17","","2006-07-07","東京都","06月30日","12月31日",""
"2026-05-25","31370","ファンデリー","ファンデリー","Fundely Co.,Ltd.","国内","","株式","スタンダード","小売業","100","2015-06-25","","2000-09-25","東京都","03月31日","09月30日",""
"2026-05-25","31380","富士山マガジンサービス","富士山マガジン","Fujisan Magazine Service Co.,Ltd.","国内","","株式","スタンダード","小売業","100","2015-07-07","","2002-07-12","東京都","12月31日","06月30日",""
"2026-05-25","31390","ラクト・ジャパン","ラクト・ジャパン","Lacto Japan Co.,Ltd.","国内","","株式","プライム","卸売業","100","2015-08-28","","1998-05-15","東京都","11月30日","05月31日",""
"2026-05-25","31400","ＢＲＵＮＯ","Ｇ－ＢＲＵＮＯ","BRUNO,Inc.","国内","","株式","グロース","卸売業","100","2013-07-16","","1995-11-30","東京都","06月30日","12月31日",""
"2026-05-25","31410","ウエルシアホールディングス","ウエルシアＨＤ","WELCIA HOLDINGS CO.,LTD.","国内","","株式","上場廃止","小売業","100","2008-09-01","2025-11-27","2008-09-01","東京都","02月末日","08月31日",""
"2026-05-25","31430","オーウイル","オーウイル","O'will Corporation","国内","","株式","スタンダード","卸売業","100","2013-07-16","","1986-07-12","東京都","03月31日","09月30日",""
"2026-05-25","31480","クリエイトＳＤホールディングス","クリエイトＳＤＨ","CREATE SD HOLDINGS CO.,LTD.","国内","","株式","プライム","小売業","100","2009-03-01","","1998-04-13","神奈川県","05月31日","11月30日",""
"2026-05-25","31500","グリムス","グリムス","grems,Inc.","国内","","株式","プライム","電気・ガス業","100","2013-07-16","","2005-07-04","東京都","03月31日","09月30日",""
"2026-05-25","31510","バイタルケーエスケー・ホールディングス","バイタルＫＳＫ","VITAL KSK HOLDINGS,INC.","国内","","株式","プライム","卸売業","100","2009-04-01","","2009-04-01","東京都","03月31日","09月30日",""
"2026-05-25","31530","八洲電機","八洲電機","Yashima Denki Co.,Ltd.","国内","","株式","プライム","卸売業","100","2009-06-25","","1946-08-08","東京都","03月31日","09月30日",""
"2026-05-25","31540","メディアスホールディングス","メディアスＨＤ","MEDIUS HOLDINGS Co.,Ltd.","国内","","株式","プライム","卸売業","100","2013-07-16","","2009-07-01","東京都","06月30日","12月31日",""
"2026-05-25","31560","レスター","レスター","Restar Corporation","国内","","株式","プライム","卸売業","100","2009-10-01","","2009-10-01","東京都","03月31日","09月30日",""
"2026-05-25","31570","ジオリーブグループ","ジオリーブグループ","GEOLIVE Group Corporation","国内","","株式","スタンダード","卸売業","100","2013-07-16","","2009-10-01","東京都","03月31日","09月30日",""
"2026-05-25","31590","丸善ＣＨＩホールディングス","丸善ＣＨＩ","Maruzen CHI Holdings Co.,Ltd.","国内","","株式","スタンダード","小売業","100","2010-02-01","","2010-02-01","東京都","01月31日","07月31日",""
"2026-05-25","31600","大光","大光","OOMITSU CO.,LTD.","国内","","株式","スタンダード","卸売業","100","2013-07-16","","1950-12-27","岐阜県","05月31日","11月30日",""
"2026-05-25","31610","アゼアス","アゼアス","AZEARTH Corporation","国内","","株式","スタンダード","卸売業","100","2012-06-28","","1947-05-31","東京都","04月30日","10月31日",""
"2026-05-25","31660","ＯＣＨＩホールディングス","ＯＣＨＩ・ＨＤ","OCHI HOLDINGS CO.,LTD.","国内","","株式","スタンダード","卸売業","100","2013-11-25","","2010-10-01","福岡県","03月31日","09月30日",""
"2026-05-25","31670","ＴＯＫＡＩホールディングス","ＴＯＫＡＩ　ＨＤ","TOKAI Holdings Corporation","国内","","株式","プライム","卸売業","100","2011-04-01","","2011-04-01","静岡県","03月31日","09月30日",""
"2026-05-25","31680","ＭＥＲＦ","ＭＥＲＦ","MERF Inc.","国内","","株式","スタンダード","卸売業","100","2011-06-09","","1985-09-10","富山県","08月31日","02月末日",""
"2026-05-25","31690","ミサワ","ミサワ","Misawa & Co.,Ltd.","国内","","株式","スタンダード","小売業","100","2011-12-22","","1959-02-26","東京都","01月31日","07月31日",""
"2026-05-25","31720","ティーライフ","ティーライフ","Tea Life Co.,Ltd.","国内","","株式","スタンダード","小売業","100","2013-07-16","","1983-08-26","静岡県","07月31日","01月31日",""
"2026-05-25","31730","Ｃｏｍｉｎｉｘ","Ｃｏｍｉｎｉｘ","Cominix Co.,Ltd.","国内","","株式","スタンダード","卸売業","100","2013-07-16","","1950-05-16","大阪府","03月31日","09月30日",""
"2026-05-25","31740","ハピネス・アンド・ディ","ハピネス＆Ｄ","Happiness and D Co.,Ltd.","国内","","株式","スタンダード","小売業","100","2013-07-16","","1990-09-05","東京都","08月31日","02月末日",""
"2026-05-25","31750","エー・ピーホールディングス","ＡＰＨＤ","AP HOLDINGS CO.,LTD.","国内","","株式","スタンダード","小売業","100","2012-09-25","","2001-10-29","東京都","03月31日","09月30日",""
"2026-05-25","31760","三洋貿易","三洋貿易","Sanyo Trading Co.,Ltd.","国内","","株式","プライム","卸売業","100","2012-10-23","","1947-05-28","東京都","09月30日","03月31日",""
"2026-05-25","31770","ありがとうサービス","ありがとうＳ","ARIGATOU SERVICES COMPANY,LIMITED","国内","","株式","スタンダード","小売業","100","2013-07-16","","2000-10-31","愛媛県","02月末日","08月31日",""
"2026-05-25","31780","チムニー","チムニー","CHIMNEY CO.,LTD.","国内","","株式","スタンダード","小売業","100","2012-12-14","","2009-09-16","東京都","03月31日","09月30日",""
"2026-05-25","31790","シュッピン","シュッピン","Syuppin Co.,Ltd.","国内","","株式","プライム","小売業","100","2012-12-20","","2005-08-04","東京都","03月31日","09月30日",""
"2026-05-25","31800","ビューティガレージ","ビューティガレージ","BEAUTY GARAGE Inc.","国内","","株式","プライム","卸売業","100","2013-02-14","","2003-04-24","東京都","04月30日","10月31日",""
"2026-05-25","31810","買取王国","買取王国","KAITORI OKOKU CO.,LTD.","国内","","株式","スタンダード","小売業","100","2013-07-16","","1999-10-13","愛知県","02月末日","08月31日",""
"2026-05-25","31820","オイシックス・ラ・大地","オイシックスラ大地","Oisix ra daichi Inc.","国内","","株式","プライム","小売業","100","2013-03-13","","1997-05-26","東京都","03月31日","09月30日",""
"2026-05-25","31830","ウイン・パートナーズ","ウイン・パートナーズ","WIN-Partners Co.,Ltd.","国内","","株式","プライム","卸売業","100","2013-07-16","","2013-04-01","東京都","03月31日","09月30日",""
"2026-05-25","31840","ＩＣＤＡホールディングス","ＩＣＤＡ・ＨＤ","International Conglomerate of Distribution for Automobile Holdings Co.,Ltd.","国内","","株式","スタンダード","小売業","100","2013-07-16","","2009-10-01","三重県","03月31日","09月30日",""
"2026-05-25","31850","夢展望","Ｇ－夢展望","DREAM VISION CO.,LTD.","国内","","株式","グロース","小売業","100","2013-07-10","","1998-05-14","大阪府","03月31日","09月30日",""
"2026-05-25","31860","ネクステージ","ネクステージ","NEXTAGE Co.,Ltd.","国内","","株式","プライム","小売業","100","2013-07-30","","1998-12-25","愛知県","11月30日","05月31日",""
"2026-05-25","31870","ミラタップ","Ｇ－ミラタップ","miratap inc.","国内","","株式","グロース","小売業","100","2013-09-13","","1979-08-22","大阪府","09月30日","03月31日",""
"2026-05-25","31890","ＡＮＡＰホールディングス","ＡＮＡＰ","ANAP HOLDINGS INC.","国内","","株式","スタンダード","小売業","100","2013-11-19","","1992-09-22","東京都","08月31日","02月末日",""
"2026-05-25","31900","ホットマン","ホットマン","HOTMAN Co.,Ltd.","国内","","株式","スタンダード","小売業","100","2014-03-20","","1975-01-17","宮城県","03月31日","09月30日",""
"2026-05-25","31910","ジョイフル本田","ジョイフル本田","JOYFUL HONDA CO.,LTD.","国内","","株式","プライム","小売業","100","2014-04-18","","1975-12-15","茨城県","06月20日","12月20日",""
"2026-05-25","31920","白鳩","白鳩","Shirohato Co.,Ltd.","国内","","株式","スタンダード","小売業","100","2014-04-23","","1974-08-20","京都府","11月30日","05月31日",""
"2026-05-25","31930","エターナルホスピタリティグループ","エターナルホスピＧ","Eternal Hospitality Group Co.,Ltd.","国内","","株式","プライム","小売業","100","2014-07-10","","1986-09-19","大阪府","07月31日","01月31日",""
"2026-05-25","31950","ジェネレーションパス","Ｇ－ジェネパ","GENERATION PASS CO.,LTD.","国内","","株式","グロース","小売業","100","2014-09-24","","2002-01-18","東京都","10月31日","04月30日",""
"2026-05-25","31960","ホットランドホールディングス","ホットランドＨＤ","HOTLAND HOLDINGS Co.,Ltd.","国内","","株式","プライム","小売業","100","2014-09-30","","1991-06-10","東京都","12月31日","06月30日",""
"2026-05-25","31970","すかいらーくホールディングス","すかいらーくＨＤ","SKYLARK HOLDINGS CO.,LTD.","国内","","株式","プライム","小売業","100","2014-10-09","","2011-02-22","東京都","12月31日","06月30日",""
"2026-05-25","31980","ＳＦＰホールディングス","ＳＦＰＨＤ","SFP Holdings Co.,Ltd.","国内","","株式","プライム","小売業","100","2014-12-16","","2010-11-17","東京都","02月末日","08月31日",""
"2026-05-25","31990","綿半ホールディングス","綿半ホールディングス","Watahan & Co.,Ltd.","国内","","株式","プライム","小売業","100","2014-12-24","","1949-02-18","東京都","03月31日","09月30日",""
"2026-05-25","32010","日本毛織","ニッケ","THE JAPAN WOOL TEXTILE CO.,LTD.","国内","","株式","プライム","繊維製品","100","1949-05-16","","1896-12-03","大阪府","11月30日","05月31日",""
"2026-05-25","32020","ダイトウボウ","ダイトウボウ","Daitobo Co.,Ltd.","国内","","株式","スタンダード","繊維製品","100","1949-05-16","","1896-02-27","東京都","03月31日","09月30日",""
"2026-05-25","32040","トーア紡コーポレーション","トーア紡","Toabo Corporation","国内","","株式","スタンダード","繊維製品","100","2003-06-12","","2003-06-12","大阪府","12月31日","06月30日",""
"2026-05-25","32050","ダイドーリミテッド","ダイドー","DAIDOH LIMITED","国内","","株式","スタンダード","繊維製品","100","1950-05-04","","1949-10-17","東京都","03月31日","09月30日",""
"2026-05-25","32210","ヨシックスホールディングス","ヨシックスＨＤ","Yossix Holdings Co.,Ltd.","国内","","株式","プライム","小売業","100","2014-12-24","","1985-04-01","愛知県","03月31日","09月30日",""
"2026-05-25","32220","ユナイテッド・スーパーマーケット・ホールディングス","Ｕ．Ｓ．Ｍ．Ｈ","United Super Markets Holdings Inc.","国内","","株式","スタンダード","小売業","100","2015-03-02","","2015-03-02","東京都","02月末日","08月31日",""
"2026-05-25","32230","エスエルディー","エスエルディー","SLD Entertainment Inc.","国内","","株式","スタンダード","小売業","100","2015-03-19","","2004-01-06","東京都","02月末日","08月31日",""
"2026-05-25","32240","ゼネラル・オイスター","Ｇ－Ｇオイスター","General Oyster,Inc.","国内","","株式","グロース","小売業","100","2015-03-19","","2000-04-03","東京都","03月31日","09月30日",""
"2026-05-25","32260","三井不動産アコモデーションファンド投資法人","Ｒ－三井不アコモ","Mitsui Fudosan Accommodations Fund Inc.","国内","","REIT","その他","","1","2006-08-04","","2005-10-12","東京都","02月末日","08月31日",""
"2026-05-25","32310","野村不動産ホールディングス","野村不ＨＤ","Nomura Real Estate Holdings,Inc.","国内","","株式","プライム","不動産業","100","2006-10-03","","2004-06-01","東京都","03月31日","09月30日",""
"2026-05-25","32320","三重交通グループホールディングス","三重交通ＧＨＤ","Mie Kotsu Group Holdings,Inc.","国内","","株式","プライム","不動産業","100","2015-03-19","","2006-10-02","三重県","03月31日","09月30日",""
"2026-05-25","32340","森ヒルズリート投資法人","Ｒ－森ヒルズ","MORI HILLS REIT INVESTMENT CORPORATION","国内","","REIT","その他","","1","2006-11-30","","2006-02-02","東京都","01月31日","07月31日",""
"2026-05-25","32360","プロパスト","プロパスト","PROPERST CO.,LTD.","国内","","株式","スタンダード","不動産業","100","2013-07-16","","1987-12-18","東京都","05月31日","11月30日",""
"2026-05-25","32370","イントランス","Ｇ－イントランス","INTRANCE CO.,LTD.","国内","","株式","グロース","不動産業","100","2006-12-15","","1998-05-01","東京都","03月31日","09月30日",""
"2026-05-25","32380","セントラル総合開発","セントラル総","CENTRAL GENERAL DEVELOPMENT CO.,LTD.","国内","","株式","スタンダード","不動産業","100","2006-12-22","","1959-11-25","東京都","03月31日","09月30日",""
"2026-05-25","32410","ウィル","ウィル","WILL,Co.,Ltd.","国内","","株式","スタンダード","不動産業","100","2013-07-16","","1995-06-12","兵庫県","12月31日","06月30日",""
"2026-05-25","32420","アーバネットコーポレーション","アーバネット","URBANET CORPORATION CO.,LTD.","国内","","株式","スタンダード","不動産業","100","2013-07-16","","1997-07-07","東京都","06月30日","12月31日",""
"2026-05-25","32450","ディア・ライフ","ディア・ライフ","DEAR LIFE CO.,LTD.","国内","","株式","プライム","不動産業","100","2007-08-02","","2004-11-01","東京都","09月30日","03月31日",""
"2026-05-25","32460","コーセーアールイー","コーセーアールイー","KOSE R.E. Co.,Ltd.","国内","","株式","スタンダード","不動産業","100","2013-07-16","","1990-12-10","福岡県","01月31日","07月31日",""
"2026-05-25","32480","アールエイジ","アールエイジ","EARLY AGE CO.,Ltd.","国内","","株式","スタンダード","不動産業","100","2007-10-15","","1986-11-11","東京都","10月31日","04月30日",""
"2026-05-25","32490","産業ファンド投資法人","Ｒ－産業ファ","Industrial & Infrastructure Fund Investment Corporation","国内","","REIT","その他","","1","2007-10-18","","2007-03-26","東京都","01月31日","07月31日",""
"2026-05-25","32520","地主","地主","JINUSHI Co.,Ltd.","国内","","株式","プライム","不動産業","100","2014-12-26","","2000-04-07","東京都","12月31日","06月30日",""
"2026-05-25","32610","グランディーズ","Ｇ－グラン","GRANDES,Inc.","国内","","株式","グロース","不動産業","100","2014-12-22","","2006-11-22","大分県","12月31日","06月30日",""
"2026-05-25","32660","ファンドクリエーショングループ","ファンドクリＧ","Fund Creation Group Co.,Ltd.","国内","","株式","スタンダード","不動産業","100","2013-07-16","","2009-05-01","東京都","11月30日","05月31日",""
"2026-05-25","32670","フィル・カンパニー","フィル・カンパニー","Phil Company,Inc.","国内","","株式","スタンダード","建設業","100","2016-11-18","","2005-06-03","東京都","11月30日","05月31日",""
"2026-05-25","32690","アドバンス・レジデンス投資法人","Ｒ－ＡＤＲ","Advance Residence Investment Corporation","国内","","REIT","その他","","1","2010-03-02","","2010-03-01","東京都","01月31日","07月31日",""
"2026-05-25","32710","ＴＨＥグローバル社","グロバル社","The Global Ltd.","国内","","株式","スタンダード","不動産業","100","2012-09-06","","2010-07-01","東京都","06月30日","12月31日",""
"2026-05-25","32760","ＪＰＭＣ","ＪＰＭＣ","Japan Property Management Center Co.,Ltd.","国内","","株式","プライム","不動産業","100","2012-12-07","","2002-06-07","東京都","12月31日","06月30日",""
"2026-05-25","32770","サンセイランディック","サンセイランディック","Sansei Landic Co.,Ltd","国内","","株式","スタンダード","不動産業","100","2013-07-16","","1976-02-27","東京都","12月31日","06月30日",""
"2026-05-25","32790","アクティビア・プロパティーズ投資法人","Ｒ－ＡＰＩ","Activia Properties Inc.","国内","","REIT","その他","","1","2012-06-13","","2011-09-07","東京都","05月31日","11月30日",""
"2026-05-25","32800","エストラスト","エストラスト","STrust Co.,Ltd.","国内","","株式","スタンダード","不動産業","100","2012-11-21","","1999-01-20","山口県","02月末日","08月31日",""
"2026-05-25","32810","ＧＬＰ投資法人","Ｒ－ＧＬＰ","GLP J-REIT","国内","","REIT","その他","","1","2012-12-21","","2011-09-16","東京都","02月末日","08月31日",""
"2026-05-25","32820","コンフォリア・レジデンシャル投資法人","Ｒ－コンフォリア","Comforia Residential REIT,Inc","国内","","REIT","その他","","1","2013-02-06","","2010-06-08","東京都","01月31日","07月31日",""
"2026-05-25","32830","日本プロロジスリート投資法人","Ｒ－プロロジ","Nippon Prologis REIT,Inc.","国内","","REIT","その他","","1","2013-02-14","","2012-11-07","東京都","05月31日","11月30日",""
"2026-05-25","32840","フージャースホールディングス","フージャース","Hoosiers Holdings Co.,Ltd.","国内","","株式","プライム","不動産業","100","2013-04-01","","2013-04-01","東京都","03月31日","09月30日",""
"2026-05-25","32860","トラストホールディングス","トラストＨＤ","TRUST Holdings Inc.","国内","","株式","スタンダード","不動産業","100","2013-07-01","","2013-07-01","福岡県","06月30日","12月31日",""
"2026-05-25","32870","星野リゾート・リート投資法人","Ｒ－星野","Hoshino Resorts REIT,Inc.","国内","","REIT","その他","","1","2013-07-12","","2013-03-06","東京都","04月30日","10月31日",""
"2026-05-25","32880","オープンハウスグループ","オープンハウスＧ","Open House Group Co.,Ltd.","国内","","株式","プライム","不動産業","100","2013-09-20","","1996-11-22","東京都","09月30日","03月31日",""
"2026-05-25","32890","東急不動産ホールディングス","東急不ＨＤ","Tokyu Fudosan Holdings Corporation","国内","","株式","プライム","不動産業","100","2013-10-01","","2013-10-01","東京都","03月31日","09月30日",""
"2026-05-25","32900","Ｏｎｅリート投資法人","Ｒ－Ｏｎｅリート","One REIT,Inc.","国内","","REIT","その他","","1","2013-10-09","","2013-06-25","東京都","02月末日","08月31日",""
"2026-05-25","32910","飯田グループホールディングス","飯田ＧＨＤ","Iida Group Holdings Co.,Ltd.","国内","","株式","プライム","不動産業","100","2013-11-01","","2013-11-01","東京都","03月31日","09月30日",""
"2026-05-25","32920","イオンリート投資法人","Ｒ－イオンリート","AEON REIT Investment Corporation","国内","","REIT","その他","","1","2013-11-22","","2012-11-30","東京都","01月31日","07月31日",""
"2026-05-25","32930","アズマハウス","アズマハウス","AZUMA HOUSE Co.,Ltd.","国内","","株式","スタンダード","不動産業","100","2013-12-17","","1977-05-02","和歌山県","03月31日","09月30日",""
"2026-05-25","32940","イーグランド","イーグランド","e'grand Co.,Ltd","国内","","株式","スタンダード","不動産業","100","2013-12-18","","1989-06-23","東京都","03月31日","09月30日",""
"2026-05-25","32950","ヒューリックリート投資法人","Ｒ－ヒューリックＲＥ","Hulic Reit,Inc.","国内","","REIT","その他","","1","2014-02-07","","2013-11-07","東京都","02月末日","08月31日",""
"2026-05-25","32960","日本リート投資法人","Ｒ－日本リート","NIPPON REIT Investment Corporation","国内","","REIT","その他","","1","2014-04-24","","2010-09-08","東京都","06月30日","12月31日",""
"2026-05-25","32970","東武住販","東武住販","Toubujyuhan Co.,Ltd.","国内","","株式","スタンダード","不動産業","100","2014-05-22","","1984-09-27","山口県","05月31日","11月30日",""
"2026-05-25","32990","ムゲンエステート","ムゲンエステート","MUGEN ESTATE Co.,Ltd.","国内","","株式","スタンダード","不動産業","100","2014-06-18","","1990-05-02","東京都","12月31日","06月30日",""
"2026-05-25","33000","アンビション　ＤＸ　ホールディングス","Ｇ－アンビションＤＸ","AMBITION DX HOLDINGS Co.,Ltd.","国内","","株式","グロース","不動産業","100","2014-09-19","","2007-09-14","東京都","06月30日","12月31日",""
"2026-05-25","33020","帝国繊維","帝繊維","TEIKOKU SEN-I Co.,Ltd.","国内","","株式","プライム","繊維製品","100","1950-09-20","","1950-07-01","東京都","12月31日","06月30日",""
"2026-05-25","33060","日本製麻","日製麻","THE NIHON SEIMA CO.,LTD.","国内","","株式","スタンダード","卸売業","100","1949-05-16","","1947-02-24","兵庫県","03月31日","09月30日",""
"2026-05-25","33090","積水ハウス・リート投資法人","Ｒ－積水ハウスリート","Sekisui House Reit,Inc.","国内","","REIT","その他","","1","2014-12-03","","2014-09-08","東京都","04月30日","10月31日",""
"2026-05-25","33150","日本コークス工業","日本コークス","NIPPON COKE & ENGINEERING COMPANY,LIMITED","国内","","株式","プライム","石油・石炭製品","100","2004-03-10","","1969-12-01","東京都","03月31日","09月30日",""
"2026-05-25","33170","フライングガーデン","フライングＧ","FLYING GARDEN CO.,LTD.","国内","","株式","スタンダード","小売業","100","2013-07-16","","1981-12-04","栃木県","03月31日","09月30日",""
"2026-05-25","33190","ゴルフダイジェスト・オンライン","ＧＤＯ","Golf Digest Online Inc.","国内","","株式","上場廃止","小売業","100","2004-04-01","2025-09-29","2000-05-01","東京都","12月31日","06月30日",""
"2026-05-25","33200","クロスプラス","クロスプラス","CROSS PLUS INC.","国内","","株式","スタンダード","卸売業","100","2004-04-14","","1953-04-08","愛知県","01月31日","07月31日",""
"2026-05-25","33210","ミタチ産業","ミタチ","MITACHI CO.,LTD.","国内","","株式","スタンダード","卸売業","100","2004-04-21","","1976-07-02","愛知県","05月31日","11月30日",""
"2026-05-25","33230","レカム","レカム","RECOMM CO.,LTD.","国内","","株式","スタンダード","卸売業","100","2013-07-16","","1994-09-30","東京都","09月30日","03月31日",""
"2026-05-25","33260","ランシステム","ランシステム","RUNSYSTEM CO.,LTD.","国内","","株式","スタンダード","サービス業","100","2013-07-16","","1991-11-07","東京都","03月31日","09月30日",""
"2026-05-25","33280","ＢＥＥＮＯＳ","ＢＥＥＮＯＳ","BEENOS Inc.","国内","","株式","上場廃止","小売業","100","2004-07-08","2025-08-28","1999-11-25","東京都","09月30日","03月31日",""
"2026-05-25","33290","東和フードサービス","東和フード","TOWA FOOD SERVICE CO.,LTD.","国内","","株式","スタンダード","小売業","100","2013-07-16","","1981-07-10","東京都","04月30日","10月31日",""
"2026-05-25","33330","あさひ","あさひ","ASAHI CO.,LTD.","国内","","株式","プライム","小売業","100","2005-12-14","","1975-05-21","大阪府","02月20日","08月20日",""
"2026-05-25","33410","日本調剤","日本調剤","NIHON CHOUZAI Co.,Ltd.","国内","","株式","上場廃止","小売業","100","2004-09-17","2025-12-19","1980-03-07","東京都","03月31日","09月30日",""
"2026-05-25","33470","トラスト","トラスト","TRUST CO.,LTD.","国内","","株式","上場廃止","小売業","100","2004-11-10","2025-08-20","1988-12-27","愛知県","03月31日","09月30日",""
"2026-05-25","33490","コスモス薬品","コスモス薬品","COSMOS Pharmaceutical Corporation","国内","","株式","プライム","小売業","100","2004-11-11","","1983-12-03","福岡県","05月31日","11月30日",""
"2026-05-25","33500","メタプラネット","メタプラネット","Metaplanet Inc.","国内","","株式","スタンダード","卸売業","100","2013-07-16","","1999-06-11","東京都","12月31日","06月30日",""
"2026-05-25","33520","バッファロー","バッファロー","BUFFALO CO.,LTD.","国内","","株式","スタンダード","小売業","100","2013-07-16","","1983-04-28","埼玉県","03月31日","09月30日",""
"2026-05-25","33530","メディカル一光グループ","メディ一光Ｇ","Medical Ikkou Group Co.,Ltd.","国内","","株式","スタンダード","小売業","100","2013-07-16","","1985-04-17","三重県","02月末日","08月31日",""
"2026-05-25","33550","クリヤマホールディングス","クリヤマＨＤ","KURIYAMA HOLDINGS CORPORATION","国内","","株式","スタンダード","卸売業","100","2004-12-09","","1940-12-21","大阪府","12月31日","06月30日",""
"2026-05-25","33580","Ｔｒａｉｌｈｅａｄ　Ｇｌｏｂａｌ　Ｈｏｌｄｉｎｇｓ","Ｔｒａｉｌｈｅａｄ","Trailhead Global Holdings,Inc.","国内","","株式","スタンダード","小売業","100","2013-07-16","","1994-05-12","東京都","03月31日","09月30日",""
"2026-05-25","33590","ｃｏｔｔａ","Ｇ－ｃｏｔｔａ","cotta CO.,LTD","国内","","株式","グロース","卸売業","100","2013-09-17","","1998-12-25","大分県","09月30日","03月31日",""
"2026-05-25","33600","シップヘルスケアホールディングス","シップＨＤ","SHIP HEALTHCARE HOLDINGS,INC.","国内","","株式","プライム","卸売業","100","2005-02-22","","1992-08-27","大阪府","03月31日","09月30日",""
"2026-05-25","33610","トーエル","トーエル","Toell Co.,Ltd.","国内","","株式","スタンダード","小売業","100","2012-12-26","","1963-05-22","神奈川県","04月30日","10月31日",""
"2026-05-25","33700","フジタコーポレーション","フジタコーポ","FUJITA CORPORATION Co.,Ltd.","国内","","株式","スタンダード","小売業","100","2013-07-16","","1990-02-08","北海道","03月31日","09月30日",""
"2026-05-25","33710","ソフトクリエイトホールディングス","ソフトクリエＨＤ","SOFTCREATE HOLDINGS CORP.","国内","","株式","プライム","情報・通信業","100","2008-12-19","","1969-08-08","東京都","03月31日","09月30日",""
"2026-05-25","33720","関門海","関門海","KANMONKAI Co.,Ltd.","国内","","株式","スタンダード","小売業","100","2005-06-02","","1989-05-18","大阪府","03月31日","09月30日",""
"2026-05-25","33740","内外テック","内外テック","Naigai Tec Corporation","国内","","株式","スタンダード","卸売業","100","2013-07-16","","1961-06-01","東京都","03月31日","09月30日",""
"2026-05-25","33750","ＺＯＡ","ＺＯＡ","ZOA CORPORATION","国内","","株式","スタンダード","小売業","100","2013-07-16","","1984-04-27","静岡県","03月31日","09月30日",""
"2026-05-25","33770","バイク王＆カンパニー","バイク王","BIKE O & COMPANY Ltd.","国内","","株式","スタンダード","卸売業","100","2006-08-21","","1998-09-01","東京都","11月30日","05月31日",""
"2026-05-25","33820","セブン＆アイ・ホールディングス","７＆ｉＨＤ","Seven & i Holdings Co.,Ltd.","国内","","株式","プライム","小売業","100","2005-09-01","","2005-09-01","東京都","02月末日","08月31日",""
"2026-05-25","33860","コスモ・バイオ","コスモ・バイオ","COSMO BIO COMPANY,LIMITED","国内","","株式","スタンダード","卸売業","100","2013-07-16","","1983-08-25","東京都","12月31日","06月30日",""
"2026-05-25","33870","クリエイト・レストランツ・ホールディングス","クリレスＨＤ","create restaurants holdings inc.","国内","","株式","プライム","小売業","100","2005-09-28","","1997-04-22","東京都","02月末日","08月31日",""
"2026-05-25","33880","明治電機工業","明治電機","MEIJI ELECTRIC INDUSTRIES CO.,LTD.","国内","","株式","プライム","卸売業","100","2013-07-16","","1958-06-26","愛知県","03月31日","09月30日",""
"2026-05-25","33910","ツルハホールディングス","ツルハＨＤ","TSURUHA HOLDINGS INC.","国内","","株式","プライム","小売業","100","2005-11-16","","1963-06-01","北海道","02月末日","08月31日",""
"2026-05-25","33920","デリカフーズホールディングス","デリカフーズＨＤ","DELICA FOODS HOLDINGS CO.,LTD.","国内","","株式","スタンダード","卸売業","100","2005-12-06","","2003-04-01","東京都","03月31日","09月30日",""
"2026-05-25","33930","スターティアホールディングス","スターティアＨＤ","Startia Holdings,Inc.","国内","","株式","プライム","卸売業","100","2005-12-20","","1996-02-21","東京都","03月31日","09月30日",""
"2026-05-25","33950","サンマルクホールディングス","サンマルクＨＤ","Saint Marc Holdings Co.,Ltd.","国内","","株式","プライム","小売業","100","2006-01-01","","1991-07-19","岡山県","03月31日","09月30日",""
"2026-05-25","33960","フェリシモ","フェリシモ","FELISSIMO CORPORATION","国内","","株式","スタンダード","小売業","100","2006-02-08","","2002-08-01","兵庫県","02月末日","08月31日",""
"2026-05-25","33970","トリドールホールディングス","トリドールＨＤ","TORIDOLL Holdings Corporation","国内","","株式","プライム","小売業","100","2006-02-15","","1990-06-11","東京都","03月31日","09月30日",""
"2026-05-25","33990","丸千代山岡家","山岡家","Maruchiyo Yamaokaya Corporation","国内","","株式","スタンダード","小売業","100","2013-07-16","","1993-03-08","北海道","01月31日","07月31日",""
"2026-05-25","34010","帝人","帝人","TEIJIN LIMITED","国内","","株式","プライム","繊維製品","100","1949-05-16","","1918-06-17","東京都","03月31日","09月30日",""
"2026-05-25","34020","東レ","東レ","TORAY INDUSTRIES,INC.","国内","","株式","プライム","繊維製品","100","1949-05-16","","1926-01-12","東京都","03月31日","09月30日",""
"2026-05-25","34050","クラレ","クラレ","KURARAY CO.,LTD.","国内","","株式","プライム","化学","100","1949-05-16","","1926-06-24","東京都","12月31日","06月30日",""
"2026-05-25","34070","旭化成","旭化成","ASAHI KASEI CORPORATION","国内","","株式","プライム","化学","100","1949-05-16","","1931-05-21","東京都","03月31日","09月30日",""
"2026-05-25","34090","北紡","北紡","KITABO CO.,LTD","国内","","株式","スタンダード","繊維製品","100","2013-07-16","","1948-10-07","石川県","03月31日","09月30日",""
"2026-05-25","34150","ＴＯＫＹＯ　ＢＡＳＥ","トウキョウベース","TOKYO BASE Co.,Ltd.","国内","","株式","プライム","小売業","100","2015-09-02","","2008-12-12","東京都","01月31日","07月31日",""
"2026-05-25","34160","ピクスタ","ピクスタ","PIXTA Inc.","国内","","株式","スタンダード","小売業","100","2015-09-14","","2005-08-25","東京都","12月31日","06月30日",""
"2026-05-25","34170","大木ヘルスケアホールディングス","大木ヘルスケア","OHKI HEALTHCARE HOLDINGS CO.,LTD.","国内","","株式","スタンダード","卸売業","100","2015-10-01","","2015-10-01","東京都","03月31日","09月30日",""
"2026-05-25","34180","バルニバービ","Ｇ－バルニバービ","BALNIBARBI Co.,Ltd.","国内","","株式","グロース","小売業","100","2015-10-28","","1991-09-07","大阪府","07月31日","01月31日",""
"2026-05-25","34200","ケー・エフ・シー","ケー・エフ・シー","KFC Ltd","国内","","株式","スタンダード","金属製品","100","2013-07-16","","1965-03-04","東京都","03月31日","09月30日",""
"2026-05-25","34210","稲葉製作所","稲葉製作","INABA SEISAKUSHO Co.,Ltd.","国内","","株式","スタンダード","金属製品","100","2000-06-14","","1950-11-09","東京都","07月31日","01月31日",""
"2026-05-25","34220","Ｊ－ＭＡＸ","Ｊ－ＭＡＸ","J-MAX Co.,Ltd.","国内","","株式","スタンダード","金属製品","100","2021-03-12","","1960-01-04","岐阜県","03月31日","09月30日",""
"2026-05-25","34230","エスイー","エスイー","S E Corporation","国内","","株式","スタンダード","金属製品","100","2013-07-16","","1980-01-18","東京都","03月31日","09月30日",""
"2026-05-25","34260","アトムリビンテック","アトムリビン","ATOM LIVIN TECH Co.,Ltd.","国内","","株式","スタンダード","金属製品","100","2013-07-16","","1954-10-09","東京都","06月30日","12月31日",""
"2026-05-25","34310","宮地エンジニアリンググループ","宮地エンジ","MIYAJI ENGINEERING GROUP,INC.","国内","","株式","プライム","金属製品","100","2003-09-29","","2003-09-29","東京都","03月31日","09月30日",""
"2026-05-25","34330","トーカロ","トーカロ","TOCALO Co.,Ltd.","国内","","株式","プライム","金属製品","100","2003-12-19","","1973-06-25","兵庫県","03月31日","09月30日",""
"2026-05-25","34340","アルファＣｏ","アルファＣｏ","ALPHA Corporation","国内","","株式","スタンダード","金属製品","100","2004-04-05","","1938-04-27","神奈川県","03月31日","09月30日",""
"2026-05-25","34350","サンコーテクノ","サンコーテクノ","SANKO TECHNO CO.,LTD.","国内","","株式","スタンダード","金属製品","100","2013-07-16","","1964-05-15","千葉県","03月31日","09月30日",""
"2026-05-25","34360","ＳＵＭＣＯ","ＳＵＭＣＯ","SUMCO CORPORATION","国内","","株式","プライム","金属製品","100","2005-11-17","","1999-07-30","東京都","12月31日","06月30日",""
"2026-05-25","34370","特殊電極","特殊電極","TOKUDEN CO.,LTD.","国内","","株式","スタンダード","金属製品","100","2013-07-16","","1950-01-26","兵庫県","03月31日","09月30日",""
"2026-05-25","34390","三ツ知","三ツ知","Mitsuchi Corporation","国内","","株式","スタンダード","金属製品","100","2013-07-16","","1963-06-17","愛知県","06月30日","12月31日",""
"2026-05-25","34400","日創グループ","日創グループ","NISSO GROUP Co.,Ltd.","国内","","株式","スタンダード","金属製品","100","2019-07-16","","1983-09-20","福岡県","08月31日","02月末日",""
"2026-05-25","34410","山王","山王","SANNO Co.,Ltd.","国内","","株式","スタンダード","金属製品","100","2013-07-16","","1969-04-01","神奈川県","07月31日","01月31日",""
"2026-05-25","34430","川田テクノロジーズ","川田ＴＥＣＨ","KAWADA TECHNOLOGIES,INC.","国内","","株式","プライム","金属製品","100","2009-02-27","","2009-02-27","富山県","03月31日","09月30日",""
"2026-05-25","34440","菊池製作所","菊池製作所","KIKUCHI SEISAKUSHO CO.,LTD.","国内","","株式","スタンダード","金属製品","100","2013-07-16","","1976-03-23","東京都","04月30日","10月31日",""
"2026-05-25","34450","ＲＳ　Ｔｅｃｈｎｏｌｏｇｉｅｓ","ＲＳＴＥＣＨ","RS Technologies Co.,Ltd.","国内","","株式","プライム","金属製品","100","2015-03-24","","2010-12-10","東京都","12月31日","06月30日",""
"2026-05-25","34460","ジェイテックコーポレーション","ＪＴＥＣＣＯＲＰ","JTEC CORPORATION","国内","","株式","スタンダード","金属製品","100","2018-02-28","","1993-12-21","大阪府","06月30日","12月31日",""
"2026-05-25","34470","信和","信和","Shinwa Co.,Ltd.","国内","","株式","スタンダード","金属製品","100","2018-03-20","","2014-08-11","岐阜県","03月31日","09月30日",""
"2026-05-25","34480","清鋼材","Ｐ－清鋼材","SUGA STEEL Co.,LTD.","国内","","株式","TOKYO PRO Market","金属製品","100","2019-09-26","","1966-09-21","新潟県","03月31日","09月30日",""
"2026-05-25","34490","テクノフレックス","テクノフレックス","TECHNOFLEX CORPORATION","国内","","株式","スタンダード","金属製品","100","2019-12-10","","2001-10-24","東京都","12月31日","06月30日",""
"2026-05-25","34500","サトウ産業","Ｐ－サトウ産業","Sato Sangyo Co.,Ltd,","国内","","株式","TOKYO PRO Market","金属製品","100","2021-10-14","","1974-10-07","新潟県","02月20日","08月20日",""
"2026-05-25","34510","トーセイ・リート投資法人","Ｒ－トーセイ・リート","Tosei Reit Investment Corporation","国内","","REIT","その他","","1","2014-11-27","","2014-09-04","東京都","04月30日","10月31日",""
"2026-05-25","34520","ビーロット","ビーロット","B-Lot Company Limited","国内","","株式","スタンダード","不動産業","100","2014-12-11","","2008-10-10","東京都","12月31日","06月30日",""
"2026-05-25","34540","ファーストブラザーズ","ファーストブラザーズ","First Brothers Co.,Ltd.","国内","","株式","スタンダード","不動産業","100","2015-02-18","","2004-02-04","東京都","11月30日","05月31日",""
"2026-05-25","34550","ヘルスケア＆メディカル投資法人","Ｒ－ＨＣＭ","Healthcare & Medical Investment Corporation","国内","","REIT","その他","","1","2015-03-19","","2014-12-09","東京都","01月31日","07月31日",""
"2026-05-25","34570","Ａｎｄ　Ｄｏホールディングス","Ａｎｄ　Ｄｏ　ＨＬＤ","&Do Holdings Co.,Ltd.","国内","","株式","プライム","不動産業","100","2015-03-25","","2009-01-05","京都府","06月30日","12月31日",""
"2026-05-25","34580","シーアールイー","シーアールイー","CRE,Inc.","国内","","株式","上場廃止","不動産業","100","2015-04-21","2025-05-29","2009-12-22","東京都","07月31日","01月31日",""
"2026-05-25","34590","サムティ・レジデンシャル投資法人","Ｒ－サムティレジ","Samty Residential Investment Corporation","国内","","REIT","その他","","1","2015-06-30","","2015-03-16","東京都","01月31日","07月31日",""
"2026-05-25","34610","パルマ","パルマ","Palma Co.,Ltd.","国内","","株式","スタンダード","不動産業","100","2015-08-11","","1969-12-27","東京都","09月30日","03月31日",""
"2026-05-25","34620","野村不動産マスターファンド投資法人","Ｒ－ＮＭＦ","Nomura Real Estate Master Fund,Inc.","国内","","REIT","その他","","1","2015-10-02","","2015-10-01","東京都","02月末日","08月31日",""
"2026-05-25","34630","いちごホテルリート投資法人","Ｒ－いちごホテル","Ichigo Hotel REIT Investment Corporation","国内","","REIT","その他","","1","2015-11-30","","2015-07-22","東京都","01月31日","07月31日",""
"2026-05-25","34650","ケイアイスター不動産","ケイアイスター不動産","KI-STAR REAL ESTATE CO.,LTD","国内","","株式","プライム","不動産業","100","2015-12-24","","1990-11-27","埼玉県","03月31日","09月30日",""
"2026-05-25","34660","ラサールロジポート投資法人","Ｒ－ラサールロジ","LaSalle LOGIPORT REIT","国内","","REIT","その他","","1","2016-02-17","","2015-10-09","東京都","02月末日","08月31日",""
"2026-05-25","34670","アグレ都市デザイン","アグレ都市デザイン","Agratio urban design Inc.","国内","","株式","スタンダード","不動産業","100","2016-03-18","","2009-04-01","東京都","03月31日","09月30日",""
"2026-05-25","34680","スターアジア不動産投資法人","Ｒ－スターアジア","Star Asia Investment Corporation","国内","","REIT","その他","","1","2016-04-20","","2015-12-01","東京都","01月31日","07月31日",""
"2026-05-25","34690","デュアルタップ","デュアルタップ","Dualtap Co.,Ltd.","国内","","株式","スタンダード","不動産業","100","2016-07-21","","2006-08-04","東京都","06月30日","12月31日",""
"2026-05-25","34700","マリモ地方創生リート投資法人","Ｒ－マリモリート","Marimo Regional Revitalization REIT,Inc.","国内","","REIT","その他","","1","2016-07-29","","2016-02-05","東京都","06月30日","12月31日",""
"2026-05-25","34710","三井不動産ロジスティクスパーク投資法人","Ｒ－三井不ロジパーク","Mitsui Fudosan Logistics Park Inc.","国内","","REIT","その他","","1","2016-08-02","","2016-03-04","東京都","01月31日","07月31日",""
"2026-05-25","34720","日本ホテル＆レジデンシャル投資法人","Ｒ－日本ホテル＆レジ","Nippon Hotel & Residential Investment Corporation","国内","","REIT","その他","","1","2016-08-31","","2016-03-29","東京都","05月31日","11月30日",""
"2026-05-25","34740","Ｇ－ＦＡＣＴＯＲＹ","Ｇ－Ｇ－ＦＡＣ","G-FACTORY CO.,LTD.","国内","","株式","グロース","不動産業","100","2016-09-30","","2003-05-20","東京都","12月31日","06月30日",""
"2026-05-25","34750","グッドコムアセット","グッドコムアセット","Good Com Asset Co.,Ltd.","国内","","株式","プライム","不動産業","100","2016-12-08","","2005-11-28","東京都","10月31日","04月30日",""
"2026-05-25","34760","投資法人みらい","Ｒ－投資法人みらい","MIRAI Corporation","国内","","REIT","その他","","1","2016-12-16","","2015-12-04","東京都","04月30日","10月31日",""
"2026-05-25","34770","フォーライフ","Ｇ－フォーライフ","FORLIFE Co.,Ltd.","国内","","株式","グロース","不動産業","100","2016-12-22","","1996-07-12","神奈川県","03月31日","09月30日",""
"2026-05-25","34790","ティーケーピー","Ｇ－ＴＫＰ","TKP Corporation","国内","","株式","グロース","不動産業","100","2017-03-27","","2005-08-15","東京都","02月末日","08月31日",""
"2026-05-25","34800","ジェイ・エス・ビー","ジェイ・エス・ビー","J.S.B.Co.,Ltd.","国内","","株式","プライム","不動産業","100","2017-07-20","","1990-07-27","京都府","10月31日","04月30日",""
"2026-05-25","34810","三菱地所物流リート投資法人","Ｒ－三菱地所物流","Mitsubishi Estate Logistics REIT Investment Corporation","国内","","REIT","その他","","1","2017-09-14","","2016-07-14","東京都","02月末日","08月31日",""
"2026-05-25","34820","ロードスターキャピタル","ロードスター","Loadstar Capital K.K.","国内","","株式","プライム","不動産業","100","2017-09-28","","2012-03-14","東京都","12月31日","06月30日",""
"2026-05-25","34830","翔栄","Ｐ－翔栄","SHOEI CO.,LTD.","国内","","株式","TOKYO PRO Market","不動産業","100","2017-10-24","","1995-02-10","東京都","07月31日","01月31日",""
"2026-05-25","34840","イノベーションホールディングス","イノベーションＨＤ","Innovation Holdings CO.,LTD.","国内","","株式","スタンダード","不動産業","100","2017-10-25","","2007-11-27","東京都","03月31日","09月30日",""
"2026-05-25","34860","グローバル・リンク・マネジメント","グローバルリンクＭ","GLOBAL LINK MANAGEMENT INC.","国内","","株式","プライム","不動産業","100","2017-12-13","","2005-03-31","東京都","12月31日","06月30日",""
"2026-05-25","34870","ＣＲＥロジスティクスファンド投資法人","Ｒ－ＣＲＥロジ","CRE Logistics REIT,Inc.","国内","","REIT","その他","","1","2018-02-07","","2016-05-12","東京都","06月30日","12月31日",""
"2026-05-25","34880","セントラル・リート投資法人","Ｒ－セントラル","CENTRAL REIT Investment Corporation","国内","","REIT","その他","","1","2018-02-15","","2017-09-14","東京都","02月末日","08月31日",""
"2026-05-25","34890","フェイスネットワーク","フェイスネットワーク","FaithNetwork Co.,Ltd","国内","","株式","スタンダード","不動産業","100","2018-03-16","","2001-10-02","東京都","03月31日","09月30日",""
"2026-05-25","34900","アズ企画設計","アズ企画設計","Azplanning Co.,Ltd.","国内","","株式","スタンダード","不動産業","100","2018-03-29","","1989-04-26","東京都","02月末日","08月31日",""
"2026-05-25","34910","ＧＡ　ｔｅｃｈｎｏｌｏｇｉｅｓ","Ｇ－ＧＡ　ＴＥＣＨ","GAtechnologies Co.,Ltd.","国内","","株式","グロース","不動産業","100","2018-07-25","","2013-03-12","東京都","10月31日","04月30日",""
"2026-05-25","34920","ＭＩＲＡＲＴＨ不動産投資法人","Ｒ－ＭＩＲＡＲＴＨ","MIRARTH Real Estate Investment Corporation","国内","","REIT","その他","","1","2018-07-27","","2017-09-11","東京都","02月末日","08月31日",""
"2026-05-25","34940","マリオン","マリオン","Mullion Co.,Ltd.","国内","","株式","スタンダード","不動産業","100","2018-09-13","","1986-11-27","東京都","09月30日","03月31日",""
"2026-05-25","34950","香陵住販","香陵住販","Koryojyuhan Co.,Ltd.","国内","","株式","スタンダード","不動産業","100","2018-09-13","","1981-10-05","茨城県","09月30日","03月31日",""
"2026-05-25","34960","アズーム","アズーム","AZOOM CO.,LTD","国内","","株式","プライム","不動産業","100","2018-09-20","","2009-10-09","東京都","09月30日","03月31日",""
"2026-05-25","34970","ＬｅＴｅｃｈ","Ｇ－ＬｅＴｅｃｈ","LeTech Corporation","国内","","株式","上場廃止","不動産業","100","2018-10-23","2025-09-19","2000-09-07","大阪府","07月31日","01月31日",""
"2026-05-25","34980","霞ヶ関キャピタル","霞ヶ関キャピタル","Kasumigaseki Capital Co.,Ltd.","国内","","株式","プライム","不動産業","100","2018-11-28","","2011-09-06","東京都","08月31日","02月末日",""
"2026-05-25","35010","ＳＵＭＩＮＯＥ","ＳＵＭＩＮＯＥ","SUMINOE Co.,Ltd.","国内","","株式","プライム","繊維製品","100","1990-04-04","","1930-12-26","大阪府","05月31日","11月30日",""
"2026-05-25","35120","日本フエルト","日フエルト","Nippon Felt Company Limited","国内","","株式","スタンダード","繊維製品","100","1951-02-15","","1917-06-30","東京都","03月31日","09月30日",""
"2026-05-25","35130","イチカワ","イチカワ","ICHIKAWA CO.,LTD.","国内","","株式","スタンダード","繊維製品","100","1951-05-07","","1949-11-21","東京都","03月31日","09月30日",""
"2026-05-25","35210","テルマー湯ホールディングス","テルマー湯ＨＤ","THERMAE-YU HOLDINGS CO.,LTD.","国内","","株式","スタンダード","サービス業","100","1949-08-03","","1926-12-22","東京都","03月31日","09月30日",""
"2026-05-25","35240","日東製網","日東網","NITTO SEIMO CO.,LTD.","国内","","株式","スタンダード","繊維製品","100","1963-06-03","","1936-02-25","東京都","04月30日","10月31日",""
"2026-05-25","35260","芦森工業","芦森工","ASHIMORI INDUSTRY CO.,LTD.","国内","","株式","上場廃止","輸送用機器","100","1961-12-05","2026-02-26","1935-12-27","大阪府","03月31日","09月30日",""
"2026-05-25","35290","アツギ","アツギ","ATSUGI CO.,LTD.","国内","","株式","スタンダード","繊維製品","100","1961-10-02","","1947-12-24","神奈川県","03月31日","09月30日",""
"2026-05-25","35360","アクサスホールディングス","アクサスＨＤ","AXAS HOLDINGS CO.,LTD.","国内","","株式","スタンダード","小売業","100","2016-03-01","","2016-03-01","徳島県","08月31日","02月末日",""
"2026-05-25","35370","昭栄薬品","昭栄薬品","SHOEI YAKUHIN CO.,LTD.","国内","","株式","スタンダード","卸売業","100","2016-03-16","","1960-03-17","大阪府","03月31日","09月30日",""
"2026-05-25","35380","ウイルプラスホールディングス","ウイルプラスＨＤ","WILLPLUS Holdings Corporation","国内","","株式","スタンダード","小売業","100","2016-03-24","","2007-10-25","東京都","06月30日","12月31日",""
"2026-05-25","35390","ＪＭホールディングス","ＪＭホールディングス","JM HOLDINGS CO.,LTD.","国内","","株式","プライム","小売業","100","2016-04-21","","1978-08-08","茨城県","07月31日","01月31日",""
"2026-05-25","35400","歯愛メディカル","Ｃｉメディカル","C.I.MEDICAL CO.,LTD.","国内","","株式","上場廃止","卸売業","100","2017-12-18","2025-12-15","2000-01-05","石川県","12月31日","06月30日",""
"2026-05-25","35410","農業総合研究所","Ｇ－農業総合研究所","Nousouken Corporation","国内","","株式","上場廃止","卸売業","100","2016-06-16","2026-04-27","2007-10-25","和歌山県","08月31日","02月末日",""
"2026-05-25","35420","ベガコーポレーション","Ｇ－ＶＥＧＡ","Vega corporation Co.,Ltd.","国内","","株式","グロース","小売業","100","2016-06-28","","2004-07-21","福岡県","03月31日","09月30日",""
"2026-05-25","35430","コメダホールディングス","コメダ","KOMEDA Holdings Co.,Ltd.","国内","","株式","プライム","卸売業","100","2016-06-29","","2014-11-28","愛知県","02月末日","08月31日",""
"2026-05-25","35440","サツドラホールディングス","サツドラＨＤ","SATUDORA HOLDINGS CO.,LTD.","国内","","株式","スタンダード","小売業","100","2016-08-16","","2016-08-16","北海道","05月15日","11月15日",""
"2026-05-25","35460","アレンザホールディングス","アレンザＨＤ","Alleanza Holdings Co.,Ltd.","国内","","株式","プライム","小売業","100","2016-09-01","","2016-09-01","福島県","02月末日","08月31日",""
"2026-05-25","35470","ユニシアホールディングス","ユニシアＨＤ","UNISIA HOLDINGS CO.","国内","","株式","スタンダード","小売業","100","2016-09-14","","2002-03-20","東京都","11月30日","05月31日",""
"2026-05-25","35480","バロックジャパンリミテッド","バロック","BAROQUE JAPAN LIMITED","国内","","株式","プライム","小売業","100","2016-11-01","","2003-08-11","東京都","02月末日","08月31日",""
"2026-05-25","35490","クスリのアオキホールディングス","クスリのアオキＨＤ","KUSURI NO AOKI HOLDINGS CO.,LTD.","国内","","株式","プライム","小売業","100","2016-11-21","","1999-07-30","石川県","05月20日","11月20日",""
"2026-05-25","35500","スタジオアタオ","Ｇ－スタジオアタオ","STUDIO ATAO Co.,Ltd.","国内","","株式","グロース","小売業","100","2016-11-29","","2005-02-14","兵庫県","02月末日","08月31日",""
"2026-05-25","35510","ダイニック","ダイニック","DYNIC CORPORATION","国内","","株式","スタンダード","繊維製品","100","1961-10-02","","1919-08-18","東京都","03月31日","09月30日",""
"2026-05-25","35530","共和レザー","共和レザー","KYOWA LEATHER CLOTH CO.,LTD.","国内","","株式","スタンダード","化学","100","1961-09-01","","1935-08-01","静岡県","03月31日","09月30日",""
"2026-05-25","35560","リネットジャパングループ","Ｇ－リネットジャパン","RenetJapanGroup,Inc.","国内","","株式","グロース","小売業","100","2016-12-20","","2000-07-27","愛知県","09月30日","03月31日",""
"2026-05-25","35570","ユナイテッド＆コレクティブ","Ｇ－Ｕ＆Ｃ","UNITED&COLLECTIVE CO.LTD.","国内","","株式","グロース","小売業","100","2017-02-23","","2000-07-27","東京都","02月末日","08月31日",""
"2026-05-25","35580","ジェイドグループ","Ｇ－ジェイドグループ","JADE GROUP,Inc.","国内","","株式","グロース","小売業","100","2017-03-07","","2010-10-22","東京都","02月末日","08月31日",""
"2026-05-25","35590","ピーバンドットコム","ピーバンドットコム","p-ban.com Corp.","国内","","株式","スタンダード","卸売業","100","2017-03-09","","2002-04-05","東京都","03月31日","09月30日",""
"2026-05-25","35600","ほぼ日","ほぼ日","Hobonichi Co.,Ltd.","国内","","株式","スタンダード","小売業","100","2017-03-16","","1979-12-24","東京都","08月31日","02月末日",""
"2026-05-25","35610","力の源ホールディングス","力の源ＨＤ","CHIKARANOMOTO HOLDINGS Co.,Ltd.","国内","","株式","プライム","小売業","100","2017-03-21","","1986-10-30","福岡県","03月31日","09月30日",""
"2026-05-25","35620","Ｎｏ．１","Ｎｏ．１","No.1 Co.,Ltd","国内","","株式","スタンダード","卸売業","100","2017-03-28","","1989-09-27","東京都","02月末日","08月31日",""
"2026-05-25","35630","ＦＯＯＤ　＆　ＬＩＦＥ　ＣＯＭＰＡＮＩＥＳ","Ｆ＆ＬＣ","FOOD & LIFE COMPANIES LTD.","国内","","株式","プライム","小売業","100","2017-03-30","","2015-03-31","大阪府","09月30日","03月31日",""
"2026-05-25","35650","アセンテック","アセンテック","Ascentech K.K.","国内","","株式","スタンダード","卸売業","100","2017-04-25","","2009-02-02","東京都","01月31日","07月31日",""
"2026-05-25","35660","ユニフォームネクスト","Ｇ－ユニネク","UNIFORM NEXT CO.,LTD.","国内","","株式","グロース","小売業","100","2017-07-19","","1994-04-21","福井県","12月31日","06月30日",""
"2026-05-25","35690","セーレン","セーレン","SEIREN CO.,LTD.","国内","","株式","プライム","繊維製品","100","1969-12-01","","1923-05-01","福井県","03月31日","09月30日",""
"2026-05-25","35710","ソトー","ソトー","SOTOH CO.,LTD.","国内","","株式","スタンダード","繊維製品","100","1961-10-02","","1923-02-25","愛知県","03月31日","09月30日",""
"2026-05-25","35770","東海染工","東海染工","Tokai Senko K.K.","国内","","株式","スタンダード","繊維製品","100","1971-02-01","","1950-05-08","愛知県","03月31日","09月30日",""
"2026-05-25","35800","小松マテーレ","小松マテーレ","KOMATSU MATERE Co.,Ltd.","国内","","株式","プライム","繊維製品","100","1978-12-01","","1943-10-08","石川県","03月31日","09月30日",""
"2026-05-25","35830","オーベクス","オーベクス","AuBEX CORPORATION","国内","","株式","スタンダード","繊維製品","100","1949-05-16","","1893-12-29","東京都","03月31日","09月30日",""
"2026-05-25","35910","ワコールホールディングス","ワコールＨＤ","WACOAL HOLDINGS CORP.","国内","","株式","プライム","繊維製品","100","1964-09-07","","1949-11-01","京都府","03月31日","09月30日",""
"2026-05-25","35930","ホギメディカル","ホギメディ","HOGY MEDICAL CO.,LTD.","国内","","株式","上場廃止","繊維製品","100","1991-12-04","2026-05-15","1961-04-03","東京都","03月31日","09月30日",""
"2026-05-25","35970","自重堂","自重堂","JICHODO Co.,Ltd.","国内","","株式","スタンダード","繊維製品","100","2000-03-01","","1960-07-01","広島県","06月30日","12月31日",""
"2026-05-25","35980","山喜","山喜","YAMAKI CO.,LTD.","国内","","株式","スタンダード","繊維製品","100","2013-07-16","","1948-06-11","大阪府","03月31日","09月30日",""
"2026-05-25","36000","フジックス","フジックス","FUJIX Ltd.","国内","","株式","スタンダード","繊維製品","100","2013-07-16","","1950-01-20","京都府","03月31日","09月30日",""
"2026-05-25","36070","クラウディアホールディングス","クラウディアＨＤ","KURAUDIA HOLDINGS CO.,LTD.","国内","","株式","スタンダード","繊維製品","100","2005-03-31","","1976-12-21","京都府","08月31日","02月末日",""
"2026-05-25","36080","ＴＳＩホールディングス","ＴＳＩ　ＨＤ","TSI HOLDINGS CO.,LTD.","国内","","株式","プライム","繊維製品","100","2011-06-01","","2011-06-01","東京都","02月末日","08月31日",""
"2026-05-25","36110","マツオカコーポレーション","マツオカ","MATSUOKA CORPORATION","国内","","株式","スタンダード","繊維製品","100","2017-12-13","","1972-06-23","広島県","03月31日","09月30日",""
"2026-05-25","36120","ワールド","ワールド","WORLD CO.,LTD.","国内","","株式","プライム","繊維製品","100","2018-09-28","","1985-04-01","兵庫県","02月末日","08月31日",""
"2026-05-25","36220","ネットイヤーグループ","ネットイヤー","Netyear Group Corporation","国内","","株式","スタンダード","情報・通信業","100","2008-03-06","","1999-07-07","東京都","03月31日","09月30日",""
"2026-05-25","36230","ビリングシステム","Ｇ－ＢＳ","Billing System Corporation","国内","","株式","グロース","情報・通信業","100","2008-03-19","","2000-06-05","東京都","12月31日","06月30日",""
"2026-05-25","36240","アクセルマーク","Ｇ－アクセルＭ","AXEL MARK INC.","国内","","株式","グロース","情報・通信業","100","2008-03-18","","1994-03-22","東京都","09月30日","03月31日",""
"2026-05-25","36250","テックファームホールディングス","Ｇ－テックファーム","Techfirm Holdings Inc.","国内","","株式","グロース","情報・通信業","100","2013-07-16","","1991-08-30","東京都","06月30日","12月31日",""
"2026-05-25","36260","ＴＩＳ","ＴＩＳ","TIS Inc.","国内","","株式","プライム","情報・通信業","100","2008-04-01","","2008-04-01","東京都","03月31日","09月30日",""
"2026-05-25","36270","テクミラホールディングス","テクミラ","TECMIRA HOLDINGS INC.","国内","","株式","スタンダード","情報・通信業","100","2008-05-23","","2004-04-19","東京都","02月末日","08月31日",""
"2026-05-25","36280","データホライゾン","Ｇ－データＨＲ","DATA HORIZON CO.,LTD.","国内","","株式","グロース","情報・通信業","100","2008-09-19","","1982-03-25","広島県","03月31日","09月30日",""
"2026-05-25","36320","グリーホールディングス","グリーＨＤ","GREE Holdings,Inc.","国内","","株式","プライム","情報・通信業","100","2008-12-17","","2004-12-07","東京都","06月30日","12月31日",""
"2026-05-25","36330","ＧＭＯペパボ","ＧＭＯペパボ","GMO Pepabo,Inc.","国内","","株式","スタンダード","情報・通信業","100","2013-07-16","","2004-03-02","東京都","12月31日","06月30日",""
"2026-05-25","36340","ソケッツ","ソケッツ","Sockets Inc.","国内","","株式","スタンダード","情報・通信業","100","2009-04-02","","2000-06-23","東京都","03月31日","09月30日",""
"2026-05-25","36350","コーエーテクモホールディングス","コーエーテクモ","KOEI TECMO HOLDINGS CO.,LTD.","国内","","株式","プライム","情報・通信業","100","2009-04-01","","2009-04-01","神奈川県","03月31日","09月30日",""
"2026-05-25","36360","三菱総合研究所","三菱総研","Mitsubishi Research Institute,Inc.","国内","","株式","プライム","情報・通信業","100","2009-09-14","","1970-05-08","東京都","09月30日","03月31日",""
"2026-05-25","36390","ボルテージ","ボルテージ","Voltage Incorporation","国内","","株式","スタンダード","情報・通信業","100","2010-06-11","","1999-09-17","東京都","06月30日","12月31日",""
"2026-05-25","36400","電算","電算","DENSAN CO.,LTD.","国内","","株式","スタンダード","情報・通信業","100","2010-06-24","","1966-03-29","長野県","03月31日","09月30日",""
"2026-05-25","36410","パピレス","パピレス","PAPYLESS CO.,LTD.","国内","","株式","スタンダード","情報・通信業","100","2013-07-16","","1995-03-31","東京都","03月31日","09月30日",""
"2026-05-25","36450","メディカルネット","Ｇ－メディカルネット","Medical Net,Inc.","国内","","株式","グロース","情報・通信業","100","2010-12-21","","2001-06-01","東京都","05月31日","11月30日",""
"2026-05-25","36460","駅探","駅探","Ekitan & Co.,Ltd.","国内","","株式","スタンダード","情報・通信業","100","2011-03-03","","2003-01-15","東京都","03月31日","09月30日",""
"2026-05-25","36470","アスリナ","アスリナ","ASULINA Co.,Ltd.","国内","","株式","スタンダード","情報・通信業","100","2011-03-01","","2011-03-01","東京都","08月31日","02月末日",""
"2026-05-25","36480","ＡＧＳ","ＡＧＳ","AGS Corporation","国内","","株式","スタンダード","情報・通信業","100","2011-03-11","","1971-07-01","埼玉県","03月31日","09月30日",""
"2026-05-25","36490","ファインデックス","ファインデックス","FINDEX Inc.","国内","","株式","プライム","情報・通信業","100","2013-07-16","","1985-01-26","東京都","12月31日","06月30日",""
"2026-05-25","36520","ディジタルメディアプロフェッショナル","Ｇ－ＤＭＰ","Digital Media Professionals Inc.","国内","","株式","グロース","情報・通信業","100","2011-06-23","","2002-07-10","東京都","03月31日","09月30日",""
"2026-05-25","36530","モルフォ","Ｇ－モルフォ","Morpho,Inc.","国内","","株式","グロース","情報・通信業","100","2011-07-21","","2004-05-26","東京都","10月31日","04月30日",""
"2026-05-25","36550","ブレインパッド","ブレインパッド","BrainPad Inc.","国内","","株式","上場廃止","情報・通信業","100","2011-09-22","2026-03-17","2004-03-18","東京都","06月30日","12月31日",""
"2026-05-25","36560","ＫＬａｂ","ＫＬａｂ","KLab Inc.","国内","","株式","プライム","情報・通信業","100","2011-09-27","","2000-08-01","東京都","12月31日","06月30日",""
"2026-05-25","36570","ポールトゥウィンホールディングス","ポールＨＤ","Pole To Win Holdings,Inc.","国内","","株式","プライム","情報・通信業","100","2011-10-26","","2009-02-02","東京都","01月31日","07月31日",""
"2026-05-25","36590","ネクソン","ネクソン","NEXON Co.,Ltd.","国内","","株式","プライム","情報・通信業","100","2011-12-14","","2002-12-18","東京都","12月31日","06月30日",""
"2026-05-25","36600","アイスタイル","アイスタイル","istyle Inc.","国内","","株式","プライム","情報・通信業","100","2012-03-08","","1999-07-27","東京都","06月30日","12月31日",""
"2026-05-25","36610","エムアップホールディングス","エムアップＨＤ","m-up holdings,Inc.","国内","","株式","プライム","情報・通信業","100","2012-03-14","","2004-12-14","東京都","03月31日","09月30日",""
"2026-05-25","36620","エイチームホールディングス","エイチームＨＤ","Ateam Holdings Co.,Ltd.","国内","","株式","プライム","情報・通信業","100","2012-04-04","","2000-02-29","愛知県","07月31日","01月31日",""
"2026-05-25","36630","セルシス","セルシス","CELSYS,Inc.","国内","","株式","プライム","情報・通信業","100","2012-04-02","","2012-04-02","東京都","12月31日","06月30日",""
"2026-05-25","36640","ＷＩＺＥ","Ｇ－ＷＩＺＥ","WIZE INC.","国内","","株式","グロース","情報・通信業","100","2012-06-26","","2004-03-26","東京都","12月31日","06月30日",""
"2026-05-25","36650","エニグモ","エニグモ","Enigmo Inc.","国内","","株式","プライム","情報・通信業","100","2012-07-24","","2004-02-10","東京都","01月31日","07月31日",""
"2026-05-25","36670","ｅｎｉｓｈ","ｅｎｉｓｈ","enish,inc.","国内","","株式","スタンダード","情報・通信業","100","2012-12-11","","2009-02-24","東京都","12月31日","06月30日",""
"2026-05-25","36680","コロプラ","コロプラ","COLOPL,Inc.","国内","","株式","プライム","情報・通信業","100","2012-12-13","","2008-10-01","東京都","09月30日","03月31日",""
"2026-05-25","36700","協立情報通信","協立情報通信","Kyoritsu Computer & Communication Co.,Ltd.","国内","","株式","スタンダード","情報・通信業","100","2013-07-16","","1965-06-03","東京都","03月31日","09月30日",""
"2026-05-25","36710","ソフトマックス","ソフトＭＡＸ","SOFTMAX CO.,LTD","国内","","株式","スタンダード","情報・通信業","100","2013-03-12","","1974-01-28","鹿児島県","12月31日","06月30日",""
"2026-05-25","36720","オルトプラス","オルトプラス","AltPlusInc.","国内","","株式","スタンダード","情報・通信業","100","2013-03-14","","2010-05-06","東京都","09月30日","03月31日",""
"2026-05-25","36730","ブロードリーフ","ブロドリーフ","Broadleaf Co.,Ltd.","国内","","株式","プライム","情報・通信業","100","2013-03-22","","2009-09-16","東京都","12月31日","06月30日",""
"2026-05-25","36740","オークファン","Ｇ－オークファン","Aucfan Co.,Ltd.","国内","","株式","グロース","情報・通信業","100","2013-04-25","","2007-06-01","東京都","09月30日","03月31日",""
"2026-05-25","36750","クロス・マーケティンググループ","クロスマーケティング","Cross Marketing Group Inc.","国内","","株式","スタンダード","情報・通信業","100","2013-06-03","","2013-06-03","東京都","06月30日","12月31日",""
"2026-05-25","36760","デジタルハーツホールディングス","デジハＨＤ","DIGITAL HEARTS HOLDINGS Co.,Ltd.","国内","","株式","プライム","情報・通信業","100","2013-10-01","","2013-10-01","東京都","03月31日","09月30日",""
"2026-05-25","36780","メディアドゥ","メディアドゥ","MEDIA DO Co.,Ltd.","国内","","株式","プライム","情報・通信業","100","2013-11-20","","1999-04-01","東京都","02月末日","08月31日",""
"2026-05-25","36790","じげん","じげん","ZIGExN Co.,Ltd.","国内","","株式","プライム","情報・通信業","100","2013-11-22","","2006-06-01","東京都","03月31日","09月30日",""
"2026-05-25","36800","ホットリンク","Ｇ－ホットリンク","Hotto Link Inc.","国内","","株式","グロース","情報・通信業","100","2013-12-09","","2000-06-26","東京都","12月31日","06月30日",""
"2026-05-25","36810","ブイキューブ","ブイキューブ","V-cube,Inc.","国内","","株式","プライム","情報・通信業","100","2013-12-10","","2000-02-18","東京都","12月31日","06月30日",""
"2026-05-25","36820","エンカレッジ・テクノロジ","エンカレッジ","Encourage Technologies Co.,Ltd.","国内","","株式","スタンダード","情報・通信業","100","2013-12-11","","2002-11-01","東京都","03月31日","09月30日",""
"2026-05-25","36830","サイバーリンクス","サイバーリンクス","CYBERLINKS CO.,LTD.","国内","","株式","スタンダード","情報・通信業","100","2014-03-06","","1964-05-28","和歌山県","12月31日","06月30日",""
"2026-05-25","36860","ディー・エル・イー","ＤＬＥ","DLE Inc.","国内","","株式","スタンダード","情報・通信業","100","2014-03-26","","2001-12-27","東京都","03月31日","09月30日",""
"2026-05-25","36870","フィックスターズ","フィックスターズ","Fixstars Corporation","国内","","株式","プライム","情報・通信業","100","2014-04-23","","2002-08-08","東京都","09月30日","03月31日",""
"2026-05-25","36880","ＣＡＲＴＡ　ＨＯＬＤＩＮＧＳ","ＣＡＲＴＡ　ＨＤ","CARTA HOLDINGS,INC.","国内","","株式","上場廃止","情報・通信業","100","2014-07-02","2025-12-08","1999-10-08","東京都","12月31日","06月30日",""
"2026-05-25","36900","イルグルム","イルグルム","YRGLM Inc.","国内","","株式","スタンダード","情報・通信業","100","2014-09-17","","2001-06-04","大阪府","09月30日","03月31日",""
"2026-05-25","36910","デジタルプラス","Ｇ－デジタルプラス","DIGITAL PLUS,Inc.","国内","","株式","グロース","情報・通信業","100","2014-09-18","","2005-07-29","東京都","09月30日","03月31日",""
"2026-05-25","36920","ＦＦＲＩセキュリティ","Ｇ－ＦＦＲＩ","FFRI Security,Inc.","国内","","株式","グロース","情報・通信業","100","2014-09-30","","2007-07-03","東京都","03月31日","09月30日",""
"2026-05-25","36940","オプティム","オプティム","OPTiM CORPORATION","国内","","株式","プライム","情報・通信業","100","2014-10-22","","2000-06-08","東京都","03月31日","09月30日",""
"2026-05-25","36950","ＧＭＯプロダクトプラットフォーム","Ｇ－ＧＭＯ－ＰＰ","GMO Product Platform,Inc.","国内","","株式","グロース","情報・通信業","100","2014-10-21","","2002-04-01","東京都","12月31日","06月30日",""
"2026-05-25","36960","セレス","セレス","CERES INC.","国内","","株式","プライム","情報・通信業","100","2014-10-22","","2005-01-28","東京都","12月31日","06月30日",""
"2026-05-25","36970","ＳＨＩＦＴ","ＳＨＩＦＴ","SHIFT Inc.","国内","","株式","プライム","情報・通信業","100","2014-11-13","","2005-09-07","東京都","08月31日","02月末日",""
"2026-05-25","36980","ＣＲＩ・ミドルウェア","ＣＲＩ・ＭＷ","CRI Middleware Co.,Ltd.","国内","","株式","スタンダード","情報・通信業","100","2014-11-27","","2001-08-01","東京都","09月30日","03月31日",""
"2026-05-25","37080","特種東海製紙","特種東海","Tokushu Tokai Paper Co.,Ltd.","国内","","株式","プライム","パルプ・紙","100","2007-04-02","","2007-04-02","静岡県","03月31日","09月30日",""
"2026-05-25","37100","ジョルダン","ジョルダン","Jorudan Co.,Ltd.","国内","","株式","スタンダード","情報・通信業","100","2013-07-16","","1979-12-03","東京都","09月30日","03月31日",""
"2026-05-25","37120","情報企画","情報企画","Information Planning CO.,LTD.","国内","","株式","スタンダード","情報・通信業","100","2003-05-30","","1986-10-01","大阪府","09月30日","03月31日",""
"2026-05-25","37190","ＡＩストーム","ＡＩストーム","AI storm Co.,Ltd.","国内","","株式","スタンダード","情報・通信業","100","2013-07-16","","1964-10-06","東京都","12月31日","06月30日",""
"2026-05-25","37230","日本ファルコム","Ｇ－ファルコム","NIHON FALCOM CORPORATION","国内","","株式","グロース","情報・通信業","100","2003-12-02","","2001-11-01","東京都","09月30日","03月31日",""
"2026-05-25","37260","フォーシーズＨＤ","フォーシーズＨＤ","4Cs HD Co.,Ltd.","国内","","株式","スタンダード","小売業","100","2003-12-05","","2003-12-05","福岡県","09月30日","03月31日",""
"2026-05-25","37270","アプリックス","Ｇ－ＡＰＬＩＸ","Aplix Corporation","国内","","株式","グロース","情報・通信業","100","2003-12-17","","1986-02-22","東京都","12月31日","06月30日",""
"2026-05-25","37330","ソフトウェア・サービス","ソフトウェアＳ","Software Service,Inc.","国内","","株式","スタンダード","情報・通信業","100","2013-07-16","","1969-04-22","大阪府","10月31日","04月30日",""
"2026-05-25","37410","セック","セック","Systems Engineering Consultants Co.,LTD.","国内","","株式","プライム","情報・通信業","100","2013-07-16","","1970-05-28","東京都","03月31日","09月30日",""
"2026-05-25","37440","サイオス","サイオス","SIOS Corporation","国内","","株式","スタンダード","情報・通信業","100","2004-08-05","","1997-05-23","東京都","12月31日","06月30日",""
"2026-05-25","37470","インタートレード","インタートレード","INTERTRADE Co.,Ltd.","国内","","株式","スタンダード","情報・通信業","100","2004-09-16","","1999-01-25","東京都","09月30日","03月31日",""
"2026-05-25","37500","ＡＤＲ１２０Ｓ","ＡＤＲ１２０Ｓ","ADR120S,Inc.","国内","","株式","スタンダード","情報・通信業","100","2004-10-01","","2004-10-01","東京都","03月31日","09月30日",""
"2026-05-25","37530","フライトソリューションズ","フライト","FLIGHT SOLUTIONS Inc.","国内","","株式","スタンダード","情報・通信業","100","2004-11-01","","1988-04-06","東京都","03月31日","09月30日",""
"2026-05-25","37580","アエリア","アエリア","Aeria Inc.","国内","","株式","スタンダード","情報・通信業","100","2013-07-16","","2002-10-30","東京都","12月31日","06月30日",""
"2026-05-25","37600","ケイブ","ケイブ","CAVE Interactive CO.,LTD.","国内","","株式","スタンダード","情報・通信業","100","2013-07-16","","1994-06-15","東京都","05月31日","11月30日",""
"2026-05-25","37620","テクマトリックス","テクマト","TECHMATRIX CORPORATION","国内","","株式","プライム","情報・通信業","100","2010-06-04","","1984-08-30","東京都","03月31日","09月30日",""
"2026-05-25","37630","プロシップ","プロシップ","Pro-Ship Incorporated","国内","","株式","プライム","情報・通信業","100","2013-07-16","","1969-04-09","東京都","03月31日","09月30日",""
"2026-05-25","37650","ガンホー・オンライン・エンターテイメント","ガンホー","GungHo Online Entertainment,Inc.","国内","","株式","プライム","情報・通信業","100","2013-07-16","","1998-07-01","東京都","12月31日","06月30日",""
"2026-05-25","37660","システムズ・デザイン","システムズＤ","SYSTEMS DESIGN Co.,Ltd.","国内","","株式","スタンダード","情報・通信業","100","2013-07-16","","1967-03-24","東京都","03月31日","09月30日",""
"2026-05-25","37680","リスクモンスター","リスクモンスター","Riskmonster.com","国内","","株式","スタンダード","情報・通信業","100","2013-07-16","","2000-09-19","東京都","03月31日","09月30日",""
"2026-05-25","37690","ＧＭＯペイメントゲートウェイ","ＧＭＯＰＧ","GMO Payment Gateway,Inc.","国内","","株式","プライム","情報・通信業","100","2005-04-04","","1995-03-08","東京都","09月30日","03月31日",""
"2026-05-25","37700","ザッパラス","ザッパラス","ZAPPALLAS,INC.","国内","","株式","上場廃止","情報・通信業","100","2005-05-27","2025-10-30","2000-03-27","東京都","04月30日","10月31日",""
"2026-05-25","37710","システムリサーチ","システムリサーチ","SYSTEM RESEARCH CO.,LTD.","国内","","株式","プライム","情報・通信業","100","2013-07-16","","1981-03-26","愛知県","03月31日","09月30日",""
"2026-05-25","37720","ウェルス・マネジメント","ウェルス","Wealth Management,Inc.","国内","","株式","スタンダード","不動産業","100","2005-06-07","","1999-12-06","東京都","03月31日","09月30日",""
"2026-05-25","37730","アドバンスト・メディア","Ｇ－ＡＭＩ","Advanced Media,Inc.","国内","","株式","グロース","情報・通信業","100","2005-06-27","","1997-12-10","東京都","03月31日","09月30日",""
"2026-05-25","37740","インターネットイニシアティブ","ＩＩＪ","Internet Initiative Japan Inc.","国内","","株式","プライム","情報・通信業","100","2005-12-02","","1992-12-03","東京都","03月31日","09月30日",""
"2026-05-25","37760","ブロードバンドタワー","ＢＢタワー","BroadBand Tower,Inc.","国内","","株式","スタンダード","情報・通信業","100","2013-07-16","","2000-02-09","東京都","12月31日","06月30日",""
"2026-05-25","37770","環境フレンドリーホールディングス","Ｇ－環境フレンドリー","Environment Friendly Holdings Corp.","国内","","株式","グロース","情報・通信業","100","2013-07-16","","1995-07-13","東京都","12月31日","06月30日",""
"2026-05-25","37780","さくらインターネット","さくらインターネット","SAKURA internet Inc.","国内","","株式","プライム","情報・通信業","100","2005-10-12","","1999-08-17","大阪府","03月31日","09月30日",""
"2026-05-25","37790","ジェイ・エスコムホールディングス","Ｊ・エスコムＨＤ","J ESCOM HOLDINGS,INC.","国内","","株式","スタンダード","情報・通信業","100","2013-07-16","","2005-10-03","東京都","03月31日","09月30日",""
"2026-05-25","37870","テクノマセマティカル","テクノマセマ","Techno Mathematical Co.,Ltd.","国内","","株式","スタンダード","情報・通信業","100","2005-12-14","","2000-06-20","東京都","03月31日","09月30日",""
"2026-05-25","37880","ＧＭＯグローバルサイン・ホールディングス","ＧＭＯＧＳＨＤ","GMO GlobalSign Holdings K.K.","国内","","株式","プライム","情報・通信業","100","2005-12-16","","1993-12-14","東京都","12月31日","06月30日",""
"2026-05-25","37910","ＩＧポート","ＩＧポート","IG Port,Inc.","国内","","株式","スタンダード","情報・通信業","100","2013-07-16","","1990-06-05","東京都","05月31日","11月30日",""
"2026-05-25","37930","ドリコム","Ｇ－ドリコム","Drecom Co.,Ltd.","国内","","株式","グロース","情報・通信業","100","2006-02-09","","2001-11-13","東京都","03月31日","09月30日",""
"2026-05-25","37960","いい生活","いい生活","e-Seikatsu Co.,Ltd.","国内","","株式","スタンダード","情報・通信業","100","2006-02-16","","2000-01-21","東京都","03月31日","09月30日",""
"2026-05-25","37980","ＵＬＳグループ","ＵＬＳグループ","ULS Group,Inc.","国内","","株式","スタンダード","情報・通信業","100","2013-07-16","","2000-07-25","東京都","03月31日","09月30日",""
"2026-05-25","37990","キーウェアソリューションズ","キーウェア","Keyware Solutions Inc.","国内","","株式","スタンダード","情報・通信業","100","2008-03-03","","1965-05-11","東京都","03月31日","09月30日",""
"2026-05-25","38000","ユニリタ","ユニリタ","UNIRITA Inc.","国内","","株式","スタンダード","情報・通信業","100","2013-07-16","","1982-05-24","東京都","03月31日","09月30日",""
"2026-05-25","38020","エコミック","エコミック","ECOMIC CO.,LTD","国内","","株式","スタンダード","情報・通信業","100","2020-04-28","","1997-04-01","北海道","03月31日","09月30日",""
"2026-05-25","38030","イメージ情報開発","Ｇ－イメージ情","Image Information Inc.","国内","","株式","グロース","情報・通信業","100","2013-07-16","","1975-10-16","東京都","03月31日","09月30日",""
"2026-05-25","38040","システム　ディ","システム　ディ","System D Inc.","国内","","株式","スタンダード","情報・通信業","100","2013-07-16","","1982-04-28","京都府","10月31日","04月30日",""
"2026-05-25","38070","フィスコ","Ｇ－フィスコ","FISCO Ltd.","国内","","株式","グロース","情報・通信業","100","2013-07-16","","1995-05-15","東京都","12月31日","06月30日",""
"2026-05-25","38100","サイバーステップホールディングス","サイバーステップＨＤ","CyberStep Holdings,Inc.","国内","","株式","スタンダード","情報・通信業","100","2006-07-05","","2000-07-13","東京都","05月31日","11月30日",""
"2026-05-25","38140","アルファクス・フード・システム","Ｇ－アルファクスＦＳ","Alphax Food System Co.,LTD","国内","","株式","上場廃止","情報・通信業","100","2013-07-16","2025-09-06","1993-12-09","山口県","09月30日","03月31日",""
"2026-05-25","38150","メディア工房","Ｇ－メディア","Media Kobo,Inc.","国内","","株式","グロース","情報・通信業","100","2006-09-15","","1997-10-30","東京都","08月31日","02月末日",""
"2026-05-25","38160","大和コンピューター","大和コン","DAIWA COMPUTER CO.,LTD.","国内","","株式","スタンダード","情報・通信業","100","2013-07-16","","1977-06-17","大阪府","07月31日","01月31日",""
"2026-05-25","38170","ＳＲＡホールディングス","ＳＲＡＨＤ","SRA Holdings,Inc.","国内","","株式","プライム","情報・通信業","100","2006-09-30","","1991-01-28","東京都","03月31日","09月30日",""
"2026-05-25","38230","ＴＨＥ　ＷＨＹ　ＨＯＷ　ＤＯ　ＣＯＭＰＡＮＹ","ＷＨＹ　ＨＯＷ　ＤＯ","THE WHY HOW DO COMPANY,Inc.","国内","","株式","スタンダード","情報・通信業","100","2006-10-19","","2004-07-12","東京都","04月30日","10月31日",""
"2026-05-25","38250","リミックスポイント","ＲＥＭＩＸ","Remixpoint,inc.","国内","","株式","スタンダード","小売業","100","2006-12-01","","2004-03-12","東京都","03月31日","09月30日",""
"2026-05-25","38260","システムインテグレータ","ＳＩ","System Integrator Corp.","国内","","株式","スタンダード","情報・通信業","100","2006-12-04","","1995-03-14","埼玉県","02月末日","08月31日",""
"2026-05-25","38340","朝日ネット","朝日ネット","Asahi Net,Inc.","国内","","株式","プライム","情報・通信業","100","2006-12-26","","1990-04-02","東京都","03月31日","09月30日",""
"2026-05-25","38350","ｅＢＡＳＥ","ｅＢＡＳＥ","eBASE Co.,Ltd.","国内","","株式","プライム","情報・通信業","100","2013-07-16","","2001-10-01","大阪府","03月31日","09月30日",""
"2026-05-25","38360","アバントグループ","アバントグループ","AVANT GROUP CORPORATION","国内","","株式","プライム","情報・通信業","100","2013-07-16","","1997-05-26","東京都","06月30日","12月31日",""
"2026-05-25","38370","アドソル日進","アドソル日進","Ad-Sol Nissin Corporation","国内","","株式","プライム","情報・通信業","100","2013-07-16","","1976-03-13","東京都","03月31日","09月30日",""
"2026-05-25","38390","ＯＤＫソリューションズ","ＯＤＫ","ODK Solutions Company,Ltd.","国内","","株式","スタンダード","情報・通信業","100","2013-07-16","","1963-04-01","大阪府","03月31日","09月30日",""
"2026-05-25","38400","パス","ＰＡＴＨ","PATH Corporation","国内","","株式","スタンダード","情報・通信業","100","2007-03-12","","1990-05-02","東京都","03月31日","09月30日",""
"2026-05-25","38410","ジーダット","ジーダット","Jedat Inc.","国内","","株式","スタンダード","情報・通信業","100","2013-07-16","","2003-11-21","東京都","03月31日","09月30日",""
"2026-05-25","38420","ネクストジェン","ネクストジェン","Nextgen,Inc.","国内","","株式","スタンダード","情報・通信業","100","2013-07-16","","2001-11-16","東京都","03月31日","09月30日",""
"2026-05-25","38430","フリービット","フリービット","FreeBit Co.,Ltd.","国内","","株式","プライム","情報・通信業","100","2007-03-20","","2000-05-01","東京都","04月30日","10月31日",""
"2026-05-25","38440","コムチュア","コムチュア","COMTURE CORPORATION","国内","","株式","プライム","情報・通信業","100","2012-11-16","","1985-01-18","東京都","03月31日","09月30日",""
"2026-05-25","38450","アイフリークモバイル","アイフリーク","I-FREEK MOBILE INC.","国内","","株式","スタンダード","情報・通信業","100","2013-07-16","","2001-12-21","東京都","03月31日","09月30日",""
"2026-05-25","38470","パシフィックシステム","パシフィックＳ","PACIFIC SYSTEMS CORPORATION","国内","","株式","上場廃止","情報・通信業","100","2013-07-16","2025-11-26","1980-08-14","埼玉県","03月31日","09月30日",""
"2026-05-25","38480","データ・アプリケーション","データアプリ","Data Applications Company,Limited","国内","","株式","スタンダード","情報・通信業","100","2013-07-16","","1982-09-27","東京都","03月31日","09月30日",""
"2026-05-25","38500","エヌ・ティ・ティ・データ・イントラマート","ＮＴＴＤＩＭ","NTT DATA INTRAMART CORPORATION","国内","","株式","スタンダード","情報・通信業","100","2007-06-07","","2000-02-22","東京都","03月31日","09月30日",""
"2026-05-25","38510","日本一ソフトウェア","日本一Ｓ","Nippon Ichi Software,Inc.","国内","","株式","スタンダード","情報・通信業","100","2013-07-16","","1995-07-07","岐阜県","03月31日","09月30日",""
"2026-05-25","38530","アステリア","アステリア","ASTERIA Corporation","国内","","株式","プライム","情報・通信業","100","2007-06-22","","1998-09-01","東京都","03月31日","09月30日",""
"2026-05-25","38540","アイル","アイル","I'LL INC","国内","","株式","プライム","情報・通信業","100","2013-07-16","","1991-02-25","大阪府","07月31日","01月31日",""
"2026-05-25","38560","Ａｂａｌａｎｃｅ","Ａｂａｌａｎｃｅ","Abalance Corporation","国内","","株式","スタンダード","電気機器","100","2007-09-19","","2000-04-17","東京都","03月31日","09月30日",""
"2026-05-25","38580","ユビキタスＡＩ","ユビキタスＡＩ","Ubiquitous AI Corporation","国内","","株式","スタンダード","情報・通信業","100","2013-07-16","","2001-05-07","東京都","03月31日","09月30日",""
"2026-05-25","38610","王子ホールディングス","王子ＨＤ","Oji Holdings Corporation","国内","","株式","プライム","パルプ・紙","100","1949-12-16","","1949-08-01","東京都","03月31日","09月30日",""
"2026-05-25","38630","日本製紙","日本紙","Nippon Paper Industries Co.,Ltd.","国内","","株式","プライム","パルプ・紙","100","2013-04-01","","1949-08-01","東京都","03月31日","09月30日",""
"2026-05-25","38640","三菱製紙","三菱紙","Mitsubishi Paper Mills Limited","国内","","株式","プライム","パルプ・紙","100","1949-05-16","","1898-04-01","東京都","03月31日","09月30日",""
"2026-05-25","38650","北越コーポレーション","北越コーポレーション","Hokuetsu Corporation","国内","","株式","プライム","パルプ・紙","100","1949-05-16","","1907-04-27","東京都","03月31日","09月30日",""
"2026-05-25","38770","中越パルプ工業","中越パル","Chuetsu Pulp & Paper Co.,Ltd.","国内","","株式","プライム","パルプ・紙","100","1956-01-06","","1947-02-20","富山県","03月31日","09月30日",""
"2026-05-25","38780","巴川コーポレーション","巴川コーポ","TOMOEGAWA CORPORATION","国内","","株式","スタンダード","化学","100","1961-08-28","","1917-08-15","東京都","03月31日","09月30日",""
"2026-05-25","38800","大王製紙","大王紙","Daio Paper Corporation","国内","","株式","プライム","パルプ・紙","100","1988-02-17","","1943-05-05","愛媛県","03月31日","09月30日",""
"2026-05-25","38910","ニッポン高度紙工業","高度紙","NIPPON KODOSHI CORPORATION","国内","","株式","スタンダード","パルプ・紙","100","2013-07-16","","1941-08-18","高知県","03月31日","09月30日",""
"2026-05-25","38920","岡山製紙","岡山製紙","Okayama Paper Industries Co.,Ltd.","国内","","株式","スタンダード","パルプ・紙","100","2013-07-16","","1907-02-24","岡山県","05月31日","11月30日",""
"2026-05-25","38950","ハビックス","ハビックス","HAVIX CORPORATION","国内","","株式","スタンダード","パルプ・紙","100","2013-07-16","","1950-12-05","岐阜県","03月31日","09月30日",""
"2026-05-25","38960","阿波製紙","阿波製紙","AWA PAPER & TECHNOLOGICAL COMPANY,Inc.","国内","","株式","スタンダード","パルプ・紙","100","2012-10-23","","1943-05-29","徳島県","03月31日","09月30日",""
"2026-05-25","39000","クラウドワークス","Ｇ－クラウドワークス","CrowdWorks Inc.","国内","","株式","グロース","情報・通信業","100","2014-12-12","","2011-11-11","東京都","09月30日","03月31日",""
"2026-05-25","39010","マークラインズ","マークラインズ","MarkLines Co.,Ltd.","国内","","株式","プライム","情報・通信業","100","2014-12-16","","2001-01-04","東京都","12月31日","06月30日",""
"2026-05-25","39020","メディカル・データ・ビジョン","ＭＤＶ","Medical Data Vision Co.,Ltd.","国内","","株式","上場廃止","情報・通信業","100","2014-12-16","2026-04-24","2003-08-20","東京都","12月31日","06月30日",""
"2026-05-25","39030","ｇｕｍｉ","ｇｕｍｉ","gumi Inc.","国内","","株式","プライム","情報・通信業","100","2014-12-18","","2007-06-13","東京都","04月30日","10月31日",""
"2026-05-25","39040","カヤック","Ｇ－カヤック","KAYAC Inc.","国内","","株式","グロース","情報・通信業","100","2014-12-25","","2005-01-21","神奈川県","12月31日","06月30日",""
"2026-05-25","39050","データセクション","Ｇ－データセクション","Datasection Inc.","国内","","株式","グロース","情報・通信業","100","2014-12-24","","2000-07-11","東京都","03月31日","09月30日",""
"2026-05-25","39070","シリコンスタジオ","シリコンスタジオ","Silicon Studio Corp.","国内","","株式","スタンダード","情報・通信業","100","2015-02-23","","1999-11-22","東京都","11月30日","05月31日",""
"2026-05-25","39080","コラボス","コラボス","Collabos Corporation","国内","","株式","スタンダード","情報・通信業","100","2015-03-17","","2001-10-26","東京都","03月31日","09月30日",""
"2026-05-25","39090","ショーケース","ショーケース","Showcase Inc.","国内","","株式","スタンダード","情報・通信業","100","2015-03-19","","1996-02-01","東京都","03月31日","09月30日",""
"2026-05-25","39100","エムケイシステム","エムケイシステム","MKSystem Corporation","国内","","株式","スタンダード","情報・通信業","100","2015-03-17","","1989-02-22","大阪府","03月31日","09月30日",""
"2026-05-25","39110","Ａｉｍｉｎｇ","Ｇ－Ａｉｍｉｎｇ","Aiming Inc.","国内","","株式","グロース","情報・通信業","100","2015-03-25","","2011-05-12","東京都","12月31日","06月30日",""
"2026-05-25","39120","モバイルファクトリー","モバファク","Mobile Factory,Inc.","国内","","株式","スタンダード","情報・通信業","100","2015-03-26","","2001-10-01","東京都","12月31日","06月30日",""
"2026-05-25","39130","ＧｒｅｅｎＢｅｅ","ＧｒｅｅｎＢｅｅ","GreenBee,Inc.","国内","","株式","スタンダード","情報・通信業","100","2015-03-27","","2007-03-16","東京都","12月31日","06月30日",""
"2026-05-25","39140","ＪＩＧ－ＳＡＷ","Ｇ－ＪＩＧ－ＳＡＷ","JIG-SAW INC.","国内","","株式","グロース","情報・通信業","100","2015-04-28","","2001-11-01","東京都","12月31日","06月30日",""
"2026-05-25","39150","テラスカイ","テラスカイ","TerraSky Co.,Ltd","国内","","株式","プライム","情報・通信業","100","2015-04-30","","2006-03-09","東京都","02月末日","08月31日",""
"2026-05-25","39160","デジタル・インフォメーション・テクノロジー","ＤＩＴ","Digital Information Technologies Corporation","国内","","株式","プライム","情報・通信業","100","2015-06-18","","2002-01-04","東京都","06月30日","12月31日",""
"2026-05-25","39170","アイリッジ","Ｇ－アイリッジ","iRidge,Inc.","国内","","株式","グロース","情報・通信業","100","2015-07-16","","2008-08-29","東京都","03月31日","09月30日",""
"2026-05-25","39180","ＰＣＩホールディングス","ＰＣＩＨＤ","PCI Holdings,INC.","国内","","株式","スタンダード","情報・通信業","100","2015-08-04","","2005-04-11","東京都","03月31日","09月30日",""
"2026-05-25","39200","アイビーシー","アイビーシー","Internetworking and Broadband Consulting Co.,Ltd.","国内","","株式","スタンダード","情報・通信業","100","2015-09-15","","2002-10-16","東京都","09月30日","03月31日",""
"2026-05-25","39210","ネオジャパン","ネオジャパン","NEOJAPAN Inc.","国内","","株式","プライム","情報・通信業","100","2015-11-27","","1992-02-29","神奈川県","01月31日","07月31日",""
"2026-05-25","39220","ＰＲ　ＴＩＭＥＳ","ＰＲＴＩＭＥＳ","PR TIMES Corporation","国内","","株式","プライム","情報・通信業","100","2016-03-31","","2005-12-26","東京都","02月末日","08月31日",""
"2026-05-25","39230","ラクス","ラクス","RAKUS Co.,Ltd.","国内","","株式","プライム","情報・通信業","100","2015-12-09","","2000-11-01","東京都","03月31日","09月30日",""
"2026-05-25","39240","ランドコンピュータ","ランドコンピュータ","R&D COMPUTER CO.,LTD.","国内","","株式","上場廃止","情報・通信業","100","2015-12-11","2026-03-30","1971-01-13","東京都","03月31日","09月30日",""
"2026-05-25","39250","ダブルスタンダード","ダブルスタンダード","Double Standard Inc.","国内","","株式","プライム","情報・通信業","100","2015-12-15","","2012-06-06","東京都","03月31日","09月30日",""
"2026-05-25","39260","オープンドア","オープンドア","Open Door Inc.","国内","","株式","スタンダード","情報・通信業","100","2015-12-17","","1997-04-21","東京都","03月31日","09月30日",""
"2026-05-25","39270","フーバーブレイン","フーバーブレイン","Fuva Brain Limited","国内","","株式","スタンダード","情報・通信業","100","2015-12-18","","2001-05-08","東京都","03月31日","09月30日",""
"2026-05-25","39280","マイネット","マイネット","Mynet Inc.","国内","","株式","スタンダード","情報・通信業","100","2015-12-21","","2006-06-14","東京都","12月31日","06月30日",""
"2026-05-25","39290","ソーシャルワイヤー","Ｇ－ソーシャルワイヤ","SOCIALWIRE CO.,LTD.","国内","","株式","グロース","情報・通信業","100","2015-12-24","","2006-09-06","東京都","03月31日","09月30日",""
"2026-05-25","39300","はてな","Ｇ－はてな","Hatena Co.,Ltd.","国内","","株式","グロース","情報・通信業","100","2016-02-24","","2001-07-19","東京都","07月31日","01月31日",""
"2026-05-25","39310","バリューゴルフ","Ｇ－バリューゴルフ","VALUE GOLF Inc.","国内","","株式","グロース","情報・通信業","100","2016-03-02","","2004-02-26","東京都","01月31日","07月31日",""
"2026-05-25","39320","アカツキ","アカツキ","Akatsuki Inc.","国内","","株式","プライム","情報・通信業","100","2016-03-17","","2010-06-14","東京都","03月31日","09月30日",""
"2026-05-25","39330","チエル","チエル","CHIeru Co.,Ltd.","国内","","株式","スタンダード","情報・通信業","100","2016-03-22","","1997-10-01","東京都","03月31日","09月30日",""
"2026-05-25","39340","ベネフィットジャパン","ベネフィットジャパン","BENEFIT JAPAN Co.,LTD.","国内","","株式","スタンダード","情報・通信業","100","2016-03-24","","1996-06-06","大阪府","03月31日","09月30日",""
"2026-05-25","39350","エディア","エディア","Edia Co.,Ltd.","国内","","株式","スタンダード","情報・通信業","100","2016-04-15","","1999-04-09","東京都","02月末日","08月31日",""
"2026-05-25","39360","グローバルウェイ","Ｇ－グローバルウェイ","Globalway,Inc.","国内","","株式","グロース","情報・通信業","100","2016-04-19","","2004-10-21","東京都","03月31日","09月30日",""
"2026-05-25","39370","Ｕｂｉｃｏｍホールディングス","Ｕｂｉｃｏｍ","Ubicom Holdings,Inc.","国内","","株式","スタンダード","情報・通信業","100","2016-06-21","","2005-12-08","東京都","03月31日","09月30日",""
"2026-05-25","39390","カナミックネットワーク","カナミックＮ","Kanamic Network Co.,LTD","国内","","株式","プライム","情報・通信業","100","2016-09-14","","2000-10-20","東京都","09月30日","03月31日",""
"2026-05-25","39400","ノムラシステムコーポレーション","ノムラシステム","Nomura System Corporation Co,Ltd.","国内","","株式","スタンダード","情報・通信業","100","2016-09-16","","1986-02-20","東京都","12月31日","06月30日",""
"2026-05-25","39410","レンゴー","レンゴー","Rengo Co.,Ltd.","国内","","株式","プライム","パルプ・紙","100","1950-04-07","","1920-05-02","大阪府","03月31日","09月30日",""
"2026-05-25","39430","大石産業","大石産業","OHISHI SANGYO CO.,LTD.","国内","","株式","スタンダード","パルプ・紙","100","2022-02-25","","1947-02-03","福岡県","03月31日","09月30日",""
"2026-05-25","39440","古林紙工","古林紙工","Furubayashi Shiko Co.,Ltd.","国内","","株式","スタンダード","パルプ・紙","100","2013-07-16","","1947-08-21","大阪府","12月31日","06月30日",""
"2026-05-25","39450","スーパーバッグ","スパバック","Superbag Company,Limited","国内","","株式","スタンダード","パルプ・紙","100","1964-05-11","","1947-10-28","東京都","03月31日","09月30日",""
"2026-05-25","39460","トーモク","トーモク","TOMOKU CO.,LTD.","国内","","株式","プライム","パルプ・紙","100","1974-04-13","","1940-12-23","東京都","03月31日","09月30日",""
"2026-05-25","39470","ダイナパック","ダイナパック","Dynapac Co.,Ltd.","国内","","株式","スタンダード","パルプ・紙","100","1993-10-25","","1948-11-25","愛知県","12月31日","06月30日",""
"2026-05-25","39480","光ビジネスフォーム","光ビジネス","HIKARI BUSINESS FORM CO.,LTD.","国内","","株式","スタンダード","パルプ・紙","100","2013-07-16","","1968-02-21","東京都","12月31日","06月30日",""
"2026-05-25","39500","ザ・パック","ザ・パック","THE PACK CORPORATION","国内","","株式","プライム","パルプ・紙","100","2001-09-11","","1952-05-10","大阪府","12月31日","06月30日",""
"2026-05-25","39510","朝日印刷","朝日印刷","ASAHI PRINTING CO.,LTD.","国内","","株式","スタンダード","パルプ・紙","100","2002-11-06","","1946-05-22","富山県","03月31日","09月30日",""
"2026-05-25","39530","大村紙業","大村紙業","OHMURA SHIGYO CO.,LTD.","国内","","株式","スタンダード","パルプ・紙","100","2013-07-16","","1981-06-25","神奈川県","03月31日","09月30日",""
"2026-05-25","39540","昭和パックス","ＰＡＸＸＳ","SHOWA PAXXS CORPORATION","国内","","株式","スタンダード","パルプ・紙","100","2013-07-16","","1935-12-20","東京都","03月31日","09月30日",""
"2026-05-25","39550","イムラ","イムラ","IMURA & Co.,Ltd.","国内","","株式","スタンダード","パルプ・紙","100","2000-07-07","","1950-02-14","大阪府","01月31日","07月31日",""
"2026-05-25","39580","笹徳印刷","笹徳印刷","Sasatoku Printing Co.,Ltd.","国内","","株式","スタンダード","パルプ・紙","100","2023-09-22","","1950-07-13","愛知県","06月30日","12月31日",""
"2026-05-25","39610","シルバーエッグ・テクノロジー","Ｇ－シルバーエッグ","Silver Egg Technology CO.,Ltd.","国内","","株式","上場廃止","情報・通信業","100","2016-09-27","2026-03-23","1998-08-26","大阪府","12月31日","06月30日",""
"2026-05-25","39620","チェンジホールディングス","チェンジＨＤ","CHANGE Holdings,Inc.","国内","","株式","プライム","情報・通信業","100","2016-09-27","","2003-04-10","東京都","03月31日","09月30日",""
"2026-05-25","39630","シンクロ・フード","シンクロ・フード","Synchro Food Co.,Ltd.","国内","","株式","プライム","情報・通信業","100","2016-09-29","","2003-04-24","東京都","03月31日","09月30日",""
"2026-05-25","39640","オークネット","オークネット","AUCNET INC.","国内","","株式","プライム","情報・通信業","100","2017-03-29","","2008-03-07","東京都","12月31日","06月30日",""
"2026-05-25","39650","キャピタル・アセット・プランニング","ＣＡＰ","Capital Asset Planning,Inc.","国内","","株式","スタンダード","情報・通信業","100","2016-10-07","","1990-04-16","大阪府","09月30日","03月31日",""
"2026-05-25","39670","エルテス","Ｇ－エルテス","Eltes Co.,Ltd.","国内","","株式","グロース","情報・通信業","100","2016-11-29","","2012-04-26","東京都","02月末日","08月31日",""
"2026-05-25","39680","セグエグループ","セグエ","Segue Group Co.,Ltd.","国内","","株式","プライム","情報・通信業","100","2016-12-21","","2014-12-01","東京都","12月31日","06月30日",""
"2026-05-25","39690","エイトレッド","エイトレッド","ATLED CORP.","国内","","株式","スタンダード","情報・通信業","100","2016-12-22","","2007-04-02","東京都","03月31日","09月30日",""
"2026-05-25","39700","イノベーション","Ｇ－イノベーション","Innovation Inc.","国内","","株式","グロース","情報・通信業","100","2016-12-21","","2000-12-14","東京都","03月31日","09月30日",""
"2026-05-25","39740","ＳＣＡＴ","ＳＣＡＴ","SCAT Inc.","国内","","株式","スタンダード","情報・通信業","100","2016-12-27","","1969-12-17","栃木県","10月31日","04月30日",""
"2026-05-25","39760","シャノン","Ｇ－シャノン","SHANON Inc.","国内","","株式","グロース","情報・通信業","100","2017-01-27","","2000-08-25","東京都","12月31日","06月30日",""
"2026-05-25","39780","マクロミル","マクロミル","MACROMILL,INC.","国内","","株式","上場廃止","情報・通信業","100","2017-03-22","2025-06-17","2013-11-25","東京都","06月30日","12月31日",""
"2026-05-25","39790","うるる","Ｇ－うるる","ULURU.CO.,LTD.","国内","","株式","グロース","情報・通信業","100","2017-03-16","","2001-08-31","東京都","03月31日","09月30日",""
"2026-05-25","39810","ビーグリー","ビーグリー","Beaglee Inc.","国内","","株式","スタンダード","情報・通信業","100","2017-03-17","","2013-11-28","東京都","12月31日","06月30日",""
"2026-05-25","39830","オロ","オロ","ORO Co.,Ltd.","国内","","株式","プライム","情報・通信業","100","2017-03-24","","1999-01-20","東京都","12月31日","06月30日",""
"2026-05-25","39840","ユーザーローカル","ユーザーローカル","User Local,Inc.","国内","","株式","プライム","情報・通信業","100","2017-03-30","","2005-09-26","東京都","06月30日","12月31日",""
"2026-05-25","39850","テモナ","テモナ","TEMONA.inc.","国内","","株式","スタンダード","情報・通信業","100","2017-04-06","","2008-10-01","東京都","09月30日","03月31日",""
"2026-05-25","39860","ビーブレイクシステムズ","ビーブレイク","bBreak Systems Company,Limited","国内","","株式","スタンダード","情報・通信業","100","2017-06-15","","2002-07-17","東京都","06月30日","12月31日",""
"2026-05-25","39870","エコモット","Ｇ－エコモット","Ecomott Inc.","国内","","株式","グロース","情報・通信業","100","2018-06-22","","2007-02-19","北海道","08月31日","02月末日",""
"2026-05-25","39880","ＳＹＳホールディングス","ＳＹＳＨＤ","SYS Holdings Co.,Ltd.","国内","","株式","スタンダード","情報・通信業","100","2017-06-30","","2013-08-01","愛知県","07月31日","01月31日",""
"2026-05-25","39890","シェアリングテクノロジー","Ｇ－シェアリングＴ","SHARINGTECHNOLOGY.INC","国内","","株式","グロース","情報・通信業","100","2017-08-03","","2006-11-24","愛知県","09月30日","03月31日",""
"2026-05-25","39910","ウォンテッドリー","Ｇ－ウォンテッドリー","Wantedly,Inc","国内","","株式","グロース","情報・通信業","100","2017-09-14","","2010-09-15","東京都","08月31日","02月末日",""
"2026-05-25","39920","ニーズウェル","ニーズウェル","Needs Well Inc.","国内","","株式","プライム","情報・通信業","100","2017-09-20","","1986-10-01","東京都","09月30日","03月31日",""
"2026-05-25","39930","ＰＫＳＨＡ　Ｔｅｃｈｎｏｌｏｇｙ","ＰＫＳＨＡ","PKSHA Technology Inc.","国内","","株式","プライム","情報・通信業","100","2017-09-22","","2012-10-16","東京都","09月30日","03月31日",""
"2026-05-25","39940","マネーフォワード","マネーフォワード","Money Forward,Inc.","国内","","株式","プライム","情報・通信業","100","2017-09-29","","2012-05-18","東京都","11月30日","05月31日",""
"2026-05-25","39960","サインポスト","サインポスト","Signpost Corporation","国内","","株式","スタンダード","情報・通信業","100","2017-11-21","","2007-03-01","東京都","02月末日","08月31日",""
"2026-05-25","39970","トレードワークス","トレードワークス","TRADE WORKS Co.,Ltd","国内","","株式","スタンダード","情報・通信業","100","2017-11-29","","1999-01-08","東京都","12月31日","06月30日",""
"2026-05-25","39980","すららネット","Ｇ－すららネット","SuRaLa Net Co.,Ltd.","国内","","株式","グロース","情報・通信業","100","2017-12-18","","2008-08-29","東京都","12月31日","06月30日",""
"2026-05-25","40040","レゾナック・ホールディングス","レゾナックＨＤ","Resonac Holdings Corporation","国内","","株式","プライム","化学","100","1949-05-16","","1939-06-01","東京都","12月31日","06月30日",""
"2026-05-25","40050","住友化学","住友化","SUMITOMO CHEMICAL COMPANY,LIMITED","国内","","株式","プライム","化学","100","1949-05-16","","1925-06-01","東京都","03月31日","09月30日",""
"2026-05-25","40080","住友精化","住友精化","Sumitomo Seika Chemicals Company,Limited.","国内","","株式","プライム","化学","100","1956-11-12","","1944-07-20","大阪府","03月31日","09月30日",""
"2026-05-25","40110","ヘッドウォータース","Ｇ－ヘッドウォーター","Headwaters Co.,Ltd","国内","","株式","グロース","情報・通信業","100","2020-09-29","","2005-11-01","東京都","12月31日","06月30日",""
"2026-05-25","40120","アクシス","アクシス","AXIS CO.,LTD.","国内","","株式","スタンダード","情報・通信業","100","2020-09-30","","1991-06-12","東京都","12月31日","06月30日",""
"2026-05-25","40130","勤次郎","Ｇ－勤次郎","Kinjiro Co.,Ltd.","国内","","株式","グロース","情報・通信業","100","2020-10-13","","1981-04-02","愛知県","12月31日","06月30日",""
"2026-05-25","40140","カラダノート","Ｇ－カラダノート","KARADANOTE,INC.","国内","","株式","グロース","情報・通信業","100","2020-10-27","","2008-12-24","東京都","07月31日","01月31日",""
"2026-05-25","40150","ペイクラウドホールディングス","Ｇ－ペイクラウドＨＤ","Paycloud Holdings Inc.","国内","","株式","グロース","情報・通信業","100","2020-11-19","","2006-08-16","東京都","08月31日","02月末日",""
"2026-05-25","40160","ＭＩＴホールディングス","ＭＩＴＨＤ","MIT Holdings CO.,LTD.","国内","","株式","スタンダード","情報・通信業","100","2020-11-25","","2009-12-01","千葉県","11月30日","05月31日",""
"2026-05-25","40170","クリーマ","Ｇ－クリーマ","CREEMA LTD.","国内","","株式","グロース","情報・通信業","100","2020-11-27","","2009-03-03","東京都","02月末日","08月31日",""
"2026-05-25","40190","スタメン","Ｇ－スタメン","Stmn,Inc.","国内","","株式","グロース","情報・通信業","100","2020-12-15","","2016-01-29","愛知県","12月31日","06月30日",""
"2026-05-25","40200","ビートレンド","Ｇ－ビートレンド","BETREND CORPORATION","国内","","株式","グロース","情報・通信業","100","2020-12-17","","2000-03-10","東京都","12月31日","06月30日",""
"2026-05-25","40210","日産化学","日産化","Nissan Chemical Corporation","国内","","株式","プライム","化学","100","1949-05-16","","1921-04-07","東京都","03月31日","09月30日",""
"2026-05-25","40220","ラサ工業","ラサ工","Rasa Industries,Ltd.","国内","","株式","プライム","化学","100","1949-05-16","","1918-07-02","東京都","03月31日","09月30日",""
"2026-05-25","40230","クレハ","クレハ","KUREHA CORPORATION","国内","","株式","プライム","化学","100","1949-05-16","","1944-06-21","東京都","03月31日","09月30日",""
"2026-05-25","40250","多木化学","多木化学","TAKI CHEMICAL CO.,LTD.","国内","","株式","プライム","化学","100","2013-07-16","","1918-12-13","兵庫県","12月31日","06月30日",""
"2026-05-25","40260","神島化学工業","神島化学工業","Konoshima Chemical Co.,Ltd.","国内","","株式","スタンダード","ガラス・土石製品","100","2013-07-16","","1946-03-02","大阪府","04月30日","10月31日",""
"2026-05-25","40270","テイカ","テイカ","TAYCA CORPORATION","国内","","株式","プライム","化学","100","1949-05-16","","1919-12-22","大阪府","03月31日","09月30日",""
"2026-05-25","40280","石原産業","石原産","ISHIHARA SANGYO KAISHA,LTD.","国内","","株式","プライム","化学","100","1949-07-09","","1949-06-01","大阪府","03月31日","09月30日",""
"2026-05-25","40310","片倉コープアグリ","片倉コープアグリ","Katakura & Co-op Agri Corporation","国内","","株式","スタンダード","化学","100","1961-10-02","","1920-03-14","東京都","03月31日","09月30日",""
"2026-05-25","40400","南海化学","南海化学","NANKAI CHEMICAL COMPANY,LIMITED","国内","","株式","スタンダード","化学","100","2023-04-20","","1951-06-26","大阪府","03月31日","09月30日",""
"2026-05-25","40410","日本曹達","日曹達","Nippon Soda Co.,Ltd.","国内","","株式","プライム","化学","100","1949-05-16","","1920-02-01","東京都","03月31日","09月30日",""
"2026-05-25","40420","東ソー","東ソー","TOSOH CORPORATION","国内","","株式","プライム","化学","100","1949-05-16","","1935-02-11","東京都","03月31日","09月30日",""
"2026-05-25","40430","トクヤマ","トクヤマ","Tokuyama Corporation","国内","","株式","プライム","化学","100","1949-05-16","","1918-02-16","山口県","03月31日","09月30日",""
"2026-05-25","40440","セントラル硝子","セ硝子","Central Glass Co.,Ltd.","国内","","株式","プライム","化学","100","1949-05-16","","1936-10-10","東京都","03月31日","09月30日",""
"2026-05-25","40450","東亞合成","東亜合","TOAGOSEI CO.,LTD.","国内","","株式","プライム","化学","100","1949-05-16","","1942-03-31","東京都","12月31日","06月30日",""
"2026-05-25","40460","大阪ソーダ","大阪ソーダ","OSAKA SODA CO.,LTD.","国内","","株式","プライム","化学","100","1953-11-14","","1915-10-26","大阪府","03月31日","09月30日",""
"2026-05-25","40470","関東電化工業","関電化","KANTO DENKA KOGYO CO.,LTD.","国内","","株式","プライム","化学","100","1961-10-02","","1938-09-22","東京都","03月31日","09月30日",""
"2026-05-25","40510","ＧＭＯフィナンシャルゲート","ＧＭＯ－ＦＧ","GMO Financial Gate,Inc.","国内","","株式","プライム","情報・通信業","100","2020-07-15","","1999-09-07","東京都","09月30日","03月31日",""
"2026-05-25","40520","フィーチャ","Ｇ－フィーチャ","Ficha Inc.","国内","","株式","グロース","情報・通信業","100","2020-06-24","","2005-08-05","東京都","06月30日","12月31日",""
"2026-05-25","40530","Ｓｕｎ　Ａｓｔｅｒｉｓｋ","サンアスタリスク","Sun* Inc.","国内","","株式","プライム","情報・通信業","100","2020-07-31","","2013-03-01","東京都","12月31日","06月30日",""
"2026-05-25","40540","日本情報クリエイト","Ｇ－日本情報Ｃ","Japan PropTech Co.,Ltd.","国内","","株式","グロース","情報・通信業","100","2020-07-31","","1994-08-01","宮崎県","06月30日","12月31日",""
"2026-05-25","40550","ティアンドエスグループ","Ｇ－ティアンドエスＧ","T&S Group Inc.","国内","","株式","グロース","情報・通信業","100","2020-08-07","","2016-11-01","神奈川県","09月30日","03月31日",""
"2026-05-25","40560","ニューラルグループ","Ｇ－ニューラル","Neural Group Inc.","国内","","株式","グロース","情報・通信業","100","2020-08-20","","2018-01-22","東京都","12月31日","06月30日",""
"2026-05-25","40570","インターファクトリー","Ｇ－インタファクトリ","Interfactory,Inc.","国内","","株式","グロース","情報・通信業","100","2020-08-25","","2003-06-27","東京都","05月31日","11月30日",""
"2026-05-25","40580","トヨクモ","Ｇ－トヨクモ","Toyokumo,Inc.","国内","","株式","グロース","情報・通信業","100","2020-09-24","","2010-08-02","東京都","12月31日","06月30日",""
"2026-05-25","40590","まぐまぐ","まぐまぐ","Magmag,Inc.","国内","","株式","スタンダード","情報・通信業","100","2020-09-24","","1999-01-07","東京都","09月30日","03月31日",""
"2026-05-25","40600","ｒａｋｕｍｏ","Ｇ－ｒａｋｕｍｏ","rakumo Inc.","国内","","株式","グロース","情報・通信業","100","2020-09-28","","2004-12-17","東京都","12月31日","06月30日",""
"2026-05-25","40610","デンカ","デンカ","Denka Company Limited","国内","","株式","プライム","化学","100","1949-05-16","","1915-05-01","東京都","03月31日","09月30日",""
"2026-05-25","40620","イビデン","イビデン","IBIDEN CO.,LTD.","国内","","株式","プライム","電気機器","100","1949-05-16","","1912-11-25","岐阜県","03月31日","09月30日",""
"2026-05-25","40630","信越化学工業","信越化","Shin-Etsu Chemical Co.,Ltd.","国内","","株式","プライム","化学","100","1949-05-16","","1926-09-16","東京都","03月31日","09月30日",""
"2026-05-25","40640","日本カーバイド工業","カーバイド","Nippon Carbide Industries Company,Incorporated","国内","","株式","プライム","化学","100","1949-05-16","","1935-10-08","東京都","03月31日","09月30日",""
"2026-05-25","40680","ベイシス","Ｇ－ベイシス","Basis Corporation","国内","","株式","グロース","情報・通信業","100","2021-06-24","","2000-07-19","東京都","06月30日","12月31日",""
"2026-05-25","40690","ＢｌｕｅＭｅｍｅ","Ｇ－ＢｌｕｅＭｅｍｅ","BlueMeme Inc.","国内","","株式","グロース","情報・通信業","100","2021-06-29","","2006-12-20","東京都","03月31日","09月30日",""
"2026-05-25","40710","プラスアルファ・コンサルティング","プラスアルファ","Plus Alpha Consulting Co.,LTD.","国内","","株式","プライム","情報・通信業","100","2021-06-30","","2006-12-25","東京都","09月30日","03月31日",""
"2026-05-25","40720","電算システムホールディングス","電算システムＨＤ","Densan System Holdings Co.,Ltd.","国内","","株式","プライム","情報・通信業","100","2021-07-01","","2021-07-01","岐阜県","12月31日","06月30日",""
"2026-05-25","40730","ジィ・シィ企画","Ｇ－ジィ・シィ企画","Global Communication Planning Co.,Ltd.","国内","","株式","グロース","情報・通信業","100","2021-09-28","","1995-09-13","千葉県","06月30日","12月31日",""
"2026-05-25","40740","ラキール","Ｇ－ラキール","LaKeel,Inc.","国内","","株式","グロース","情報・通信業","100","2021-07-16","","2017-10-05","東京都","12月31日","06月30日",""
"2026-05-25","40750","ブレインズテクノロジー","Ｇ－ブレインズ","Brains Technology,Inc.","国内","","株式","グロース","情報・通信業","100","2021-07-28","","2008-08-08","東京都","07月31日","01月31日",""
"2026-05-25","40760","シイエヌエス","Ｇ－シイエヌエス","CNS Co.,Ltd.","国内","","株式","グロース","情報・通信業","100","2021-08-20","","1985-07-04","東京都","05月31日","11月30日",""
"2026-05-25","40780","堺化学工業","堺化学","Sakai Chemical Industry Co.,Ltd.","国内","","株式","プライム","化学","100","1961-10-02","","1932-02-25","大阪府","03月31日","09月30日",""
"2026-05-25","40800","田中化学研究所","田中化研","TANAKA CHEMICAL CORPORATION","国内","","株式","上場廃止","化学","100","2013-07-16","2026-01-28","1957-12-02","福井県","03月31日","09月30日",""
"2026-05-25","40820","第一稀元素化学工業","稀元素","DAIICHI KIGENSO KAGAKU-KOGYO CO.,LTD","国内","","株式","プライム","化学","100","2004-12-03","","1956-05-21","大阪府","03月31日","09月30日",""
"2026-05-25","40880","エア・ウォーター","エア・ウォーター","AIR WATER INC.","国内","","株式","プライム","化学","100","1966-10-05","","1929-09-24","大阪府","03月31日","09月30日",""
"2026-05-25","40910","日本酸素ホールディングス","日本酸素ＨＤ","NIPPON SANSO HOLDINGS CORPORATION","国内","","株式","プライム","化学","100","1949-05-16","","1918-07-19","東京都","03月31日","09月30日",""
"2026-05-25","40920","日本化学工業","日本化","Nippon Chemical Industrial Co.,Ltd.","国内","","株式","プライム","化学","100","1949-05-16","","1915-09-16","東京都","03月31日","09月30日",""
"2026-05-25","40930","東邦アセチレン","東邦アセチレン","Toho Acetylene Co.,Ltd.","国内","","株式","スタンダード","化学","100","1964-01-04","","1948-09-08","宮城県","03月31日","09月30日",""
"2026-05-25","40940","日本化学産業","日化学産","NIHON KAGAKU SANGYO CO.,LTD.","国内","","株式","スタンダード","化学","100","1961-10-02","","1924-10-08","東京都","03月31日","09月30日",""
"2026-05-25","40950","日本パーカライジング","日パーカライ","NIHON PARKERIZING CO.,LTD.","国内","","株式","プライム","化学","100","1961-10-02","","1928-07-12","東京都","03月31日","09月30日",""
"2026-05-25","40970","高圧ガス工業","高圧ガス","KOATSU GAS KOGYO CO.,LTD.","国内","","株式","プライム","化学","100","1977-06-10","","1943-10-06","大阪府","03月31日","09月30日",""
"2026-05-25","40980","チタン工業","チタン工","Titan Kogyo ,Ltd.","国内","","株式","スタンダード","化学","100","1962-10-02","","1936-06-22","山口県","03月31日","09月30日",""
"2026-05-25","40990","四国化成ホールディングス","四国化成ＨＤ","SHIKOKU KASEI HOLDINGS CORPORATION","国内","","株式","プライム","化学","100","1962-10-12","","1947-10-10","香川県","12月31日","06月30日",""
"2026-05-25","41000","戸田工業","戸田工","TODA KOGYO CORP.","国内","","株式","スタンダード","化学","100","1982-11-29","","1933-11-30","広島県","03月31日","09月30日",""
"2026-05-25","41020","丸尾カルシウム","丸尾カルシウム","Maruo Calcium Co.,Ltd.","国内","","株式","スタンダード","化学","100","2013-07-16","","1948-11-18","兵庫県","03月31日","09月30日",""
"2026-05-25","41070","伊勢化学工業","伊勢化","ISE CHEMICALS CORPORATION","国内","","株式","スタンダード","化学","100","1990-10-16","","1948-03-06","東京都","12月31日","06月30日",""
"2026-05-25","41090","ステラ　ケミファ","ステラケミファ","STELLA CHEMIFA CORPORATION","国内","","株式","プライム","化学","100","2000-10-18","","1944-02-01","大阪府","03月31日","09月30日",""
"2026-05-25","41120","保土谷化学工業","保土谷化","Hodogaya Chemical Co.,Ltd.","国内","","株式","プライム","化学","100","1949-05-16","","1916-12-11","東京都","03月31日","09月30日",""
"2026-05-25","41130","田岡化学工業","田岡化学工業","TAOKA CHEMICAL COMPANY,LIMITED","国内","","株式","スタンダード","化学","100","2013-07-16","","1934-10-29","大阪府","03月31日","09月30日",""
"2026-05-25","41140","日本触媒","日触媒","NIPPON SHOKUBAI CO.,LTD.","国内","","株式","プライム","化学","100","1956-11-12","","1941-08-21","大阪府","03月31日","09月30日",""
"2026-05-25","41160","大日精化工業","大日精化","Dainichiseika Color & Chemicals Mfg.Co.,Ltd.","国内","","株式","プライム","化学","100","1961-10-02","","1939-12-20","東京都","03月31日","09月30日",""
"2026-05-25","41180","カネカ","カネカ","KANEKA CORPORATION","国内","","株式","プライム","化学","100","1949-10-31","","1949-09-01","大阪府","03月31日","09月30日",""
"2026-05-25","41190","日本ピグメントホールディングス","日本ピグメントＨＤ","Nippon Pigment Holdings Company Limited","国内","","株式","スタンダード","化学","100","1961-10-02","","1949-07-11","東京都","03月31日","09月30日",""
"2026-05-25","41200","スガイ化学工業","スガイ化学工業","SUGAI CHEMICAL INDUSTRY CO.,LTD.","国内","","株式","スタンダード","化学","100","2013-07-16","","1948-11-01","和歌山県","03月31日","09月30日",""
"2026-05-25","41240","大阪油化工業","大阪油化工業","OSAKA YUKA INDUSTRY LTD.","国内","","株式","スタンダード","化学","100","2017-10-05","","1962-02-27","大阪府","09月30日","03月31日",""
"2026-05-25","41250","三和油化工業","三和油化工業","SANWAYUKA INDUSTRY CORPORATION","国内","","株式","スタンダード","化学","100","2021-12-23","","1970-06-20","愛知県","03月31日","09月30日",""
"2026-05-25","41510","協和キリン","協和キリン","Kyowa Kirin Co.,Ltd.","国内","","株式","プライム","医薬品","100","1949-08-22","","1949-07-01","東京都","12月31日","06月30日",""
"2026-05-25","41650","プレイド","Ｇ－プレイド","PLAID,Inc.","国内","","株式","グロース","情報・通信業","100","2020-12-17","","2011-10-03","東京都","12月31日","","2026-12-31"
"2026-05-25","41660","かっこ","Ｇ－かっこ","Cacco Inc.","国内","","株式","グロース","情報・通信業","100","2020-12-17","","2011-01-28","東京都","12月31日","06月30日",""
"2026-05-25","41670","ココペリ","Ｇ－ココペリ","Kokopelli Inc.","国内","","株式","グロース","情報・通信業","100","2020-12-18","","2007-06-11","東京都","03月31日","09月30日",""
"2026-05-25","41680","ヤプリ","Ｇ－ヤプリ","Yappli,Inc.","国内","","株式","グロース","情報・通信業","100","2020-12-22","","2013-02-14","東京都","12月31日","06月30日",""
"2026-05-25","41690","ＥＮＥＣＨＡＮＧＥ","Ｇ－エネチェンジ","ENECHANGE Ltd.","国内","","株式","グロース","情報・通信業","100","2020-12-23","","2015-04-27","東京都","03月31日","09月30日",""
"2026-05-25","41700","Ｋａｉｚｅｎ　Ｐｌａｔｆｏｒｍ","Ｇ－ＫａｉｚｅｎＰＦ","Kaizen Platform,Inc.","国内","","株式","グロース","情報・通信業","100","2020-12-22","","2017-04-03","東京都","12月31日","06月30日",""
"2026-05-25","41710","グローバルインフォメーション","グローバルＩ","Global Information,Inc.","国内","","株式","スタンダード","情報・通信業","100","2020-12-24","","1995-01-04","神奈川県","12月31日","06月30日",""
"2026-05-25","41720","Ｈｉクラテス","Ｈｉクラテス","Hi-CRATES CO.,LTD.","国内","","株式","スタンダード","情報・通信業","100","2020-12-25","","1978-03-01","岡山県","09月30日","03月31日",""
"2026-05-25","41730","ＷＡＣＵＬ","Ｇ－ＷＡＣＵＬ","WACUL.INC","国内","","株式","上場廃止","情報・通信業","100","2021-02-19","2025-07-02","2010-09-27","東京都","02月末日","08月31日",""
"2026-05-25","41740","アピリッツ","アピリッツ","Appirits Inc.","国内","","株式","スタンダード","情報・通信業","100","2021-02-25","","2000-07-18","東京都","01月31日","07月31日",""
"2026-05-25","41750","ｃｏｌｙ","Ｇ－ｃｏｌｙ","coly Inc.","国内","","株式","グロース","情報・通信業","100","2021-02-26","","2014-02-03","東京都","01月31日","07月31日",""
"2026-05-25","41760","ココナラ","Ｇ－ココナラ","coconala Inc.","国内","","株式","グロース","情報・通信業","100","2021-03-19","","2012-01-04","東京都","08月31日","02月末日",""
"2026-05-25","41770","ｉ‐ｐｌｕｇ","Ｇ－ｉ－ｐｌｕｇ","i-plug,Inc.","国内","","株式","グロース","情報・通信業","100","2021-03-18","","2012-04-18","大阪府","03月31日","09月30日",""
"2026-05-25","41780","Ｓｈａｒｉｎｇ　Ｉｎｎｏｖａｔｉｏｎｓ","Ｇ－Ｓイノベーション","Sharing Innovations Inc.","国内","","株式","グロース","情報・通信業","100","2021-03-24","","2008-06-06","東京都","12月31日","06月30日",""
"2026-05-25","41790","ジーネクスト","Ｇ－ジーネクスト","G-NEXT Inc.","国内","","株式","グロース","情報・通信業","100","2021-03-25","","2001-07-12","東京都","03月31日","09月30日",""
"2026-05-25","41800","Ａｐｐｉｅｒ　Ｇｒｏｕｐ","Ａｐｐｉｅｒ","Appier Group,Inc.","国内","","株式","プライム","情報・通信業","100","2021-03-30","","2018-04-20","東京都","12月31日","06月30日",""
"2026-05-25","41820","三菱瓦斯化学","菱瓦斯化","Mitsubishi Gas Chemical Company,Inc.","国内","","株式","プライム","化学","100","1954-02-15","","1951-04-20","東京都","03月31日","09月30日",""
"2026-05-25","41830","三井化学","三井化学","Mitsui Chemicals,Inc.","国内","","株式","プライム","化学","100","1962-10-05","","1947-07-25","東京都","03月31日","09月30日",""
"2026-05-25","41860","東京応化工業","東応化","TOKYO OHKA KOGYO CO.,LTD.","国内","","株式","プライム","化学","100","1986-07-30","","1940-10-25","神奈川県","12月31日","06月30日",""
"2026-05-25","41870","大阪有機化学工業","大有機化","OSAKA ORGANIC CHEMICAL INDUSTRY LTD.","国内","","株式","プライム","化学","100","2005-11-21","","1946-12-21","大阪府","11月30日","05月31日",""
"2026-05-25","41880","三菱ケミカルグループ","三菱ケミカルグループ","Mitsubishi Chemical Group Corporation","国内","","株式","プライム","化学","100","2005-10-01","","2005-10-03","東京都","03月31日","09月30日",""
"2026-05-25","41890","ＫＨネオケム","ＫＨネオケム","KH Neochem Co.,Ltd.","国内","","株式","プライム","化学","100","2016-10-12","","2010-12-08","東京都","12月31日","06月30日",""
"2026-05-25","41920","スパイダープラス","Ｇ－スパイダープラス","SpiderPlus & Co.","国内","","株式","グロース","情報・通信業","100","2021-03-30","","2000-02-09","東京都","12月31日","06月30日",""
"2026-05-25","41930","ファブリカホールディングス","ファブリカＨＤ","Fabrica Holdings Co.,Ltd.","国内","","株式","スタンダード","情報・通信業","100","2021-04-07","","1994-11-10","東京都","03月31日","09月30日",""
"2026-05-25","41940","ビジョナル","ビジョナル","Visional,Inc.","国内","","株式","プライム","情報・通信業","100","2021-04-22","","2020-02-03","東京都","07月31日","01月31日",""
"2026-05-25","41960","ネオマーケティング","ネオマーケ","NEO MARKETING Inc.","国内","","株式","スタンダード","情報・通信業","100","2021-04-22","","2000-10-06","東京都","09月30日","03月31日",""
"2026-05-25","41970","アスマーク","アスマーク","ASMARQ Co.,Ltd.","国内","","株式","スタンダード","情報・通信業","100","2023-12-04","","2001-12-21","東京都","11月30日","05月31日",""
"2026-05-25","41980","テンダ","テンダ","TENDA Co.,LTD.","国内","","株式","スタンダード","情報・通信業","100","2021-06-10","","1995-06-01","東京都","05月31日","11月30日",""
"2026-05-25","41990","ワンダープラネット","Ｇ－ワンプラ","WonderPlanet Inc.","国内","","株式","グロース","情報・通信業","100","2021-06-10","","2012-09-03","愛知県","08月31日","02月末日",""
"2026-05-25","42020","ダイセル","ダイセル","Daicel Corporation","国内","","株式","プライム","化学","100","1949-05-16","","1919-09-08","大阪府","03月31日","09月30日",""
"2026-05-25","42030","住友ベークライト","住友ベーク","Sumitomo Bakelite Company,Limited","国内","","株式","プライム","化学","100","1949-05-16","","1932-01-25","東京都","03月31日","09月30日",""
"2026-05-25","42040","積水化学工業","積水化","Sekisui Chemical Co.,Ltd.","国内","","株式","プライム","化学","100","1954-04-07","","1947-03-03","大阪府","03月31日","09月30日",""
"2026-05-25","42050","日本ゼオン","日ゼオン","ZEON CORPORATION","国内","","株式","プライム","化学","100","1961-09-11","","1950-04-12","東京都","03月31日","09月30日",""
"2026-05-25","42060","アイカ工業","アイカ工","Aica Kogyo Company,Limited","国内","","株式","プライム","化学","100","1962-07-20","","1936-10-20","愛知県","03月31日","09月30日",""
"2026-05-25","42080","ＵＢＥ","ＵＢＥ","UBE Corporation","国内","","株式","プライム","化学","100","1949-05-30","","1942-03-10","山口県","03月31日","09月30日",""
"2026-05-25","42120","積水樹脂","積水樹脂","Sekisui Jushi Corporation","国内","","株式","プライム","化学","100","1973-10-11","","1941-09-03","大阪府","03月31日","09月30日",""
"2026-05-25","42160","旭有機材","旭有機材","ASAHI YUKIZAI CORPORATION","国内","","株式","プライム","化学","100","1961-10-02","","1945-03-12","宮崎県","03月31日","09月30日",""
"2026-05-25","42180","ニチバン","ニチバン","NICHIBAN CO.,LTD.","国内","","株式","プライム","化学","100","1961-10-02","","1934-12-01","東京都","03月31日","09月30日",""
"2026-05-25","42200","リケンテクノス","リケンテクノス","RIKEN TECHNOS CORPORATION","国内","","株式","プライム","化学","100","1961-10-19","","1951-03-30","東京都","03月31日","09月30日",""
"2026-05-25","42210","大倉工業","大倉工","Okura Industrial Co.,Ltd.","国内","","株式","プライム","化学","100","1967-07-10","","1947-07-11","香川県","12月31日","06月30日",""
"2026-05-25","42220","児玉化学工業","児玉化","KODAMA CHEMICAL INDUSTRY CO.,LTD.","国内","","株式","スタンダード","化学","100","1962-07-26","","1946-03-08","東京都","03月31日","09月30日",""
"2026-05-25","42240","ロンシール工業","ロンシール工","LONSEAL CORPORATION","国内","","株式","スタンダード","化学","100","1962-09-07","","1943-12-23","東京都","03月31日","09月30日",""
"2026-05-25","42280","積水化成品工業","積水化成","Sekisui Kasei Co.,Ltd.","国内","","株式","プライム","化学","100","1973-04-02","","1948-11-20","大阪府","03月31日","09月30日",""
"2026-05-25","42290","群栄化学工業","群栄化","Gun Ei Chemical Industry Co.,Ltd.","国内","","株式","プライム","化学","100","1974-05-28","","1946-01-23","群馬県","03月31日","09月30日",""
"2026-05-25","42310","タイガースポリマー","タイガーポリ","TIGERS POLYMER CORPORATION","国内","","株式","スタンダード","化学","100","2000-04-07","","1948-12-20","大阪府","03月31日","09月30日",""
"2026-05-25","42340","サンエー化研","サンエー化研","Sun A.Kaken Company,Limited","国内","","株式","スタンダード","化学","100","2013-07-16","","1942-09-02","東京都","03月31日","09月30日",""
"2026-05-25","42350","ウルトラファブリックス・ホールディングス","ＵＦＨＤ","Ultrafabrics Holdings Co.,Ltd.","国内","","株式","スタンダード","化学","100","2013-07-16","","1966-01-12","東京都","12月31日","06月30日",""
"2026-05-25","42370","フジプレアム","フジプレアム","Fujipream Corporation","国内","","株式","スタンダード","化学","100","2013-07-16","","1982-04-14","兵庫県","03月31日","09月30日",""
"2026-05-25","42380","ミライアル","ミライアル","Miraial Co.,Ltd.","国内","","株式","スタンダード","化学","100","2011-11-18","","1968-07-08","東京都","01月31日","07月31日",""
"2026-05-25","42400","クラスターテクノロジー","クラスターＴ","CLUSTER TECHNOLOGY CO.,LTD.","国内","","株式","スタンダード","化学","100","2013-07-16","","1991-04-23","大阪府","03月31日","09月30日",""
"2026-05-25","42410","アテクト","アテクト","atect corporation","国内","","株式","スタンダード","化学","100","2013-07-16","","1969-04-23","滋賀県","03月31日","09月30日",""
"2026-05-25","42420","タカギセイコー","タカギセイコー","TAKAGI SEIKO CORPORATION","国内","","株式","スタンダード","化学","100","2013-07-16","","1959-08-29","富山県","03月31日","09月30日",""
"2026-05-25","42430","ニックス","ニックス","NIX,INC.","国内","","株式","スタンダード","化学","100","2013-07-16","","1949-02-03","神奈川県","09月30日","03月31日",""
"2026-05-25","42450","ダイキアクシス","ダイキアクシス","Daiki Axis Co.,Ltd.","国内","","株式","スタンダード","化学","100","2013-12-19","","2005-07-12","愛媛県","12月31日","06月30日",""
"2026-05-25","42460","ダイキョーニシカワ","ＤＮＣ","DaikyoNishikawa Corporation","国内","","株式","プライム","化学","100","2014-03-13","","1961-10-02","広島県","03月31日","09月30日",""
"2026-05-25","42470","ポバール興業","ポバール興業","POVAL KOGYO CO.,LTD.","国内","","株式","スタンダード","化学","100","2022-03-10","","1964-11-02","愛知県","03月31日","09月30日",""
"2026-05-25","42480","竹本容器","竹本容器","Takemoto Yohki Co.,Ltd.","国内","","株式","スタンダード","化学","100","2014-12-17","","1953-05-19","東京都","12月31日","06月30日",""
"2026-05-25","42490","森六","森六","MORIROKU COMPANY,LTD.","国内","","株式","プライム","化学","100","2017-12-20","","1916-03-10","東京都","03月31日","09月30日",""
"2026-05-25","42510","恵和","恵和","KEIWA Incorporated","国内","","株式","プライム","化学","100","2019-10-30","","1948-09-28","東京都","12月31日","06月30日",""
"2026-05-25","42550","ＴＨＥＣＯＯ","Ｇ－ＴＨＥＣＯＯ","THECOO Inc.","国内","","株式","グロース","情報・通信業","100","2021-12-22","","2014-01-20","東京都","12月31日","06月30日",""
"2026-05-25","42560","サインド","Ｇ－サインド","CYND Co.,Ltd.","国内","","株式","グロース","情報・通信業","100","2021-12-22","","2011-10-20","東京都","03月31日","09月30日",""
"2026-05-25","42570","エヴィクサー","Ｐ－エヴィクサー","Evixar Inc.","国内","","株式","上場廃止","情報・通信業","100","2021-12-22","2025-08-04","2004-03-12","東京都","12月31日","06月30日",""
"2026-05-25","42580","網屋","Ｇ－網屋","AMIYA Corporation","国内","","株式","グロース","情報・通信業","100","2021-12-22","","1996-12-12","東京都","12月31日","06月30日",""
"2026-05-25","42590","エクサウィザーズ","Ｇ－エクサウィザーズ","ExaWizards Inc.","国内","","株式","グロース","情報・通信業","100","2021-12-23","","2016-02-08","東京都","03月31日","09月30日",""
"2026-05-25","42600","ハイブリッドテクノロジーズ","Ｇ－ハイブリッドテク","Hybrid Technologies Co.,Ltd.","国内","","株式","グロース","情報・通信業","100","2021-12-23","","2016-04-28","東京都","09月30日","03月31日",""
"2026-05-25","42610","アジアクエスト","Ｇ－アジアクエスト","AsiaQuest Co.,Ltd.","国内","","株式","グロース","情報・通信業","100","2021-12-27","","2012-04-11","東京都","12月31日","06月30日",""
"2026-05-25","42620","ニフティライフスタイル","Ｇ－ニフティライフ","NIFTY Lifestyle Co.,Ltd.","国内","","株式","グロース","情報・通信業","100","2021-12-24","","2018-02-23","東京都","03月31日","09月30日",""
"2026-05-25","42630","サスメド","Ｇ－サスメド","SUSMED,Inc.","国内","","株式","グロース","情報・通信業","100","2021-12-24","","2015-07-31","東京都","06月30日","12月31日",""
"2026-05-25","42640","セキュア","Ｇ－セキュア","SECURE,INC.","国内","","株式","グロース","情報・通信業","100","2021-12-27","","2002-10-16","東京都","12月31日","06月30日",""
"2026-05-25","42650","Ｉｎｓｔｉｔｕｔｉｏｎ　ｆｏｒ　ａ　Ｇｌｏｂａｌ　Ｓｏｃｉｅｔｙ","Ｇ－ＩＧＳ","Institution for a Global Society Corporation","国内","","株式","グロース","情報・通信業","100","2021-12-29","","2010-05-18","東京都","03月31日","09月30日",""
"2026-05-25","42670","ライトワークス","Ｇ－ライトワークス","LIGHTWORKS Corporation","国内","","株式","上場廃止","情報・通信業","100","2022-02-09","2025-07-28","1995-11-21","東京都","01月31日","07月31日",""
"2026-05-25","42700","ＢｅｅＸ","Ｇ－ＢｅｅＸ","BeeX Inc.","国内","","株式","グロース","情報・通信業","100","2022-02-24","","2016-03-01","東京都","02月末日","08月31日",""
"2026-05-25","42720","日本化薬","日化薬","NIPPON KAYAKU CO.,LTD.","国内","","株式","プライム","化学","100","1949-05-16","","1916-06-05","東京都","03月31日","09月30日",""
"2026-05-25","42740","細谷火工","細谷火工","HOSOYA PYRO-ENGINEERING CO.,LTD.","国内","","株式","スタンダード","化学","100","2013-07-16","","1951-05-25","東京都","03月31日","09月30日",""
"2026-05-25","42750","カーリット","カーリット","Carlit Co.,Ltd.","国内","","株式","プライム","化学","100","2013-10-01","","2013-10-01","東京都","03月31日","09月30日",""
"2026-05-25","42840","ソルクシーズ","ソルクシーズ","SOLXYZ Co.,Ltd.","国内","","株式","スタンダード","情報・通信業","100","2013-07-16","","1981-02-04","東京都","12月31日","06月30日",""
"2026-05-25","42860","ＣＬホールディングス","ＣＬホールディングス","CL Holdings Inc.","国内","","株式","スタンダード","サービス業","100","2013-07-16","","1988-03-23","東京都","12月31日","06月30日",""
"2026-05-25","42870","ジャストプランニング","ジャストプラ","JUST PLANNING INC.","国内","","株式","スタンダード","情報・通信業","100","2013-07-16","","1998-06-01","東京都","01月31日","07月31日",""
"2026-05-25","42880","アズジェント","アズジェント","Asgent,Inc.","国内","","株式","スタンダード","情報・通信業","100","2013-07-16","","1997-11-10","東京都","03月31日","09月30日",""
"2026-05-25","42900","プレステージ・インターナショナル","ＰＩ","Prestige International Inc.","国内","","株式","プライム","サービス業","100","2012-12-11","","1986-10-30","東京都","03月31日","09月30日",""
"2026-05-25","42930","セプテーニ・ホールディングス","セプテーニＨＤ","SEPTENI HOLDINGS CO.,LTD.","国内","","株式","スタンダード","サービス業","100","2013-07-16","","1990-10-29","東京都","12月31日","06月30日",""
"2026-05-25","42980","プロトコーポレーション","プロトコーポ","PROTO CORPORATION","国内","","株式","上場廃止","サービス業","100","2013-07-16","2025-06-16","1979-06-01","愛知県","03月31日","09月30日",""
"2026-05-25","42990","ハイマックス","ハイマックス","HIMACS,Ltd.","国内","","株式","スタンダード","情報・通信業","100","2004-03-22","","1976-05-21","神奈川県","03月31日","09月30日",""
"2026-05-25","43010","アミューズ","アミューズ","AMUSE INC.","国内","","株式","プライム","サービス業","100","2004-03-24","","1977-10-11","山梨県","03月31日","09月30日",""
"2026-05-25","43040","Ｅストアー","Ｅストアー","Estore Corporation","国内","","株式","上場廃止","情報・通信業","100","2013-07-16","2025-06-20","1999-02-17","東京都","03月31日","09月30日",""
"2026-05-25","43070","野村総合研究所","ＮＲＩ","Nomura Research Institute,Ltd.","国内","","株式","プライム","情報・通信業","100","2001-12-17","","1966-01-05","東京都","03月31日","09月30日",""
"2026-05-25","43080","Ｊストリーム","Ｇ－Ｊストリーム","J-Stream Inc.","国内","","株式","グロース","情報・通信業","100","2001-09-21","","1997-05-29","東京都","03月31日","09月30日",""
"2026-05-25","43100","ドリームインキュベータ","ＤＩ","Dream Incubator Inc.","国内","","株式","プライム","サービス業","100","2002-05-10","","2000-04-20","東京都","03月31日","09月30日",""
"2026-05-25","43160","ビーマップ","Ｇ－ビーマップ","BeMap,Inc.","国内","","株式","グロース","情報・通信業","100","2013-07-16","","1998-09-04","東京都","03月31日","09月30日",""
"2026-05-25","43170","レイ","レイ","Ray Corporation","国内","","株式","スタンダード","サービス業","100","2013-07-16","","1981-06-23","東京都","02月末日","08月31日",""
"2026-05-25","43180","クイック","クイック","QUICK CO.,LTD.","国内","","株式","プライム","サービス業","100","2013-07-16","","1980-09-30","大阪府","03月31日","09月30日",""
"2026-05-25","43190","ＴＡＣ","ＴＡＣ","TAC CO.,LTD.","国内","","株式","上場廃止","サービス業","100","2003-01-29","2025-12-19","1980-12-10","東京都","03月31日","09月30日",""
"2026-05-25","43200","ＣＥホールディングス","ＣＥＨＤ","CE Holdings Co.,Ltd.","国内","","株式","スタンダード","情報・通信業","100","2001-10-31","","1996-03-25","北海道","09月30日","03月31日",""
"2026-05-25","43230","日本システム技術","日本システム技術","Japan System Techniques Co.,Ltd.","国内","","株式","プライム","情報・通信業","100","2003-02-05","","1973-03-26","大阪府","03月31日","09月30日",""
"2026-05-25","43240","電通グループ","電通グループ","DENTSU GROUP INC.","国内","","株式","プライム","サービス業","100","2001-11-30","","1906-12-27","東京都","12月31日","06月30日",""
"2026-05-25","43260","インテージホールディングス","インテージＨＤ","INTAGE HOLDINGS Inc.","国内","","株式","プライム","情報・通信業","100","2008-01-22","","1972-09-11","東京都","06月30日","12月31日",""
"2026-05-25","43310","テイクアンドギヴ・ニーズ","Ｔ＆Ｇニーズ","TAKE AND GIVE. NEEDS Co.,Ltd.","国内","","株式","プライム","サービス業","100","2004-02-16","","1998-10-19","東京都","12月31日","06月30日",""
"2026-05-25","43330","東邦システムサイエンス","東邦システム","TOHO SYSTEM SCIENCE CO.,LTD.","国内","","株式","上場廃止","情報・通信業","100","2007-03-12","2026-03-30","1971-06-01","東京都","03月31日","09月30日",""
"2026-05-25","43340","ユークス","ユークス","YUKE'S Co.,Ltd.","国内","","株式","スタンダード","情報・通信業","100","2013-07-16","","1948-04-28","大阪府","01月31日","07月31日",""
"2026-05-25","43350","ＩＰＳホールディングス","ＩＰＳＨＤ","IPS HOLDINGS CO.,LTD.","国内","","株式","スタンダード","情報・通信業","100","2013-07-16","","1997-06-20","大阪府","06月30日","12月31日",""
"2026-05-25","43370","ぴあ","ぴあ","PIA CORPORATION","国内","","株式","プライム","サービス業","100","2002-01-30","","1974-12-20","東京都","03月31日","09月30日",""
"2026-05-25","43410","西菱電機","西菱電機","SEIRYO ELECTRIC CORPORATION","国内","","株式","スタンダード","サービス業","100","2013-07-16","","1966-12-06","大阪府","03月31日","09月30日",""
"2026-05-25","43430","イオンファンタジー","イオンファン","AEON Fantasy Co.,LTD.","国内","","株式","プライム","サービス業","100","2003-11-20","","1969-10-31","千葉県","02月末日","08月31日",""
"2026-05-25","43440","ソースネクスト","ソースネクスト","SOURCENEXT CORPORATION","国内","","株式","プライム","情報・通信業","100","2006-12-20","","1996-08-02","東京都","12月31日","06月30日",""
"2026-05-25","43450","シーティーエス","シーティーエス","CTS Co.,Ltd.","国内","","株式","プライム","サービス業","100","2013-07-16","","1990-11-20","長野県","03月31日","09月30日",""
"2026-05-25","43460","ＮＥＸＹＺ．Ｇｒｏｕｐ","ＮＥＸＹＺ．Ｇ","NEXYZ.Group Corporation","国内","","株式","スタンダード","その他金融業","100","2004-11-11","","1990-02-21","東京都","09月30日","03月31日",""
"2026-05-25","43470","ブロードメディア","ブロードメディア","Broadmedia Corporation","国内","","株式","スタンダード","サービス業","100","2013-07-16","","1973-06-25","東京都","03月31日","09月30日",""
"2026-05-25","43500","メディカルシステムネットワーク","メディシス","MEDICAL SYSTEM NETWORK Co.,Ltd.","国内","","株式","スタンダード","小売業","100","2008-09-12","","1999-09-16","北海道","03月31日","09月30日",""
"2026-05-25","43510","山田再生系債権回収総合事務所","山田債権","YAMADA SERVICER SYNTHETIC OFFICE","国内","","株式","スタンダード","その他金融業","100","2013-07-16","","1981-10-26","神奈川県","12月31日","06月30日",""
"2026-05-25","43560","応用技術","応用技術","APPLIED TECHNOLOGY CO.,LTD.","国内","","株式","スタンダード","情報・通信業","100","2013-07-16","","1984-06-14","大阪府","12月31日","06月30日",""
"2026-05-25","43600","マナック・ケミカル・パートナーズ","マナック・ケミカルＰ","MANAC Chemical Partners Co.,Ltd","国内","","株式","スタンダード","化学","100","2021-10-01","","2021-10-01","東京都","03月31日","09月30日",""
"2026-05-25","43610","川口化学工業","川口化","KAWAGUCHI CHEMICAL INDUSTRY CO.,LTD.","国内","","株式","スタンダード","化学","100","1961-10-02","","1937-01-11","埼玉県","11月30日","05月31日",""
"2026-05-25","43620","日本精化","日本精化","Nippon Fine Chemical Co.,Ltd.","国内","","株式","プライム","化学","100","1997-11-11","","1918-02-05","大阪府","03月31日","09月30日",""
"2026-05-25","43650","松本油脂製薬","松本油脂","MATSUMOTO YUSHI-SEIYAKU CO.,LTD.","国内","","株式","スタンダード","化学","100","2013-07-16","","1939-03-20","大阪府","03月31日","09月30日",""
"2026-05-25","43660","ダイトーケミックス","ダイトーケミックス","Daito Chemix Corporation","国内","","株式","スタンダード","化学","100","2013-07-16","","1949-12-02","大阪府","03月31日","09月30日",""
"2026-05-25","43670","広栄化学","広栄化学","KOEI CHEMICAL COMPANY,LIMITED","国内","","株式","スタンダード","化学","100","2013-07-16","","1917-06-17","東京都","03月31日","09月30日",""
"2026-05-25","43680","扶桑化学工業","扶桑化学","FUSO CHEMICAL CO.,LTD.","国内","","株式","プライム","化学","100","2013-07-16","","1957-06-24","大阪府","03月31日","09月30日",""
"2026-05-25","43690","トリケミカル研究所","トリケミカル","Tri Chemical Laboratories Inc.","国内","","株式","プライム","化学","100","2013-07-16","","1978-12-06","山梨県","01月31日","07月31日",""
"2026-05-25","43700","モビルス","Ｇ－モビルス","Mobilus Corporation","国内","","株式","グロース","情報・通信業","100","2021-09-02","","2011-09-16","東京都","08月31日","02月末日",""
"2026-05-25","43710","コアコンセプト・テクノロジー","Ｇ－ＣＣＴ","Core Concept Technologies Inc.","国内","","株式","グロース","情報・通信業","100","2021-09-22","","2009-09-17","東京都","12月31日","06月30日",""
"2026-05-25","43720","ユミルリンク","Ｇ－ユミルリンク","YMIRLINK,Inc.","国内","","株式","グロース","情報・通信業","100","2021-09-22","","1999-07-01","東京都","12月31日","06月30日",""
"2026-05-25","43730","シンプレクス・ホールディングス","シンプレクスＨＤ","Simplex Holdings,Inc.","国内","","株式","プライム","情報・通信業","100","2021-09-22","","2016-12-01","東京都","03月31日","09月30日",""
"2026-05-25","43740","ＲＯＢＯＴ　ＰＡＹＭＥＮＴ","Ｇ－ロボペイ","ROBOT PAYMENT INC.","国内","","株式","グロース","情報・通信業","100","2021-09-28","","2000-10-23","東京都","12月31日","06月30日",""
"2026-05-25","43750","セーフィー","Ｇ－セーフィー","Safie Inc.","国内","","株式","グロース","情報・通信業","100","2021-09-29","","2014-10-23","東京都","12月31日","06月30日",""
"2026-05-25","43760","くふうカンパニーホールディングス","Ｇ－くふうカンパニー","Kufu Company Holdings Inc.","国内","","株式","グロース","情報・通信業","100","2021-10-01","","2021-10-01","東京都","09月30日","03月31日",""
"2026-05-25","43770","ワンキャリア","Ｇ－ワンキャリア","ONE CAREER Inc.","国内","","株式","グロース","情報・通信業","100","2021-10-07","","2015-08-18","東京都","12月31日","06月30日",""
"2026-05-25","43780","ＣＩＮＣ","Ｇ－ＣＩＮＣ","CINC Corp.","国内","","株式","グロース","情報・通信業","100","2021-10-26","","2014-04-01","東京都","10月31日","04月30日",""
"2026-05-25","43790","Ｐｈｏｔｏｓｙｎｔｈ","Ｇ－フォトシンス","Photosynth inc.","国内","","株式","グロース","情報・通信業","100","2021-11-05","","2014-09-01","東京都","12月31日","06月30日",""
"2026-05-25","43800","Ｍマート","Ｇ－Ｍマート","M - mart Inc.","国内","","株式","グロース","情報・通信業","100","2018-02-23","","2000-02-25","東京都","01月31日","07月31日",""
"2026-05-25","43810","ビープラッツ","Ｇ－ビープラッツ","BPLATS,Inc.","国内","","株式","グロース","情報・通信業","100","2018-04-04","","2006-11-17","東京都","03月31日","09月30日",""
"2026-05-25","43820","ＨＥＲＯＺ","ＨＥＲＯＺ","HEROZ,Inc.","国内","","株式","スタンダード","情報・通信業","100","2018-04-20","","2009-04-30","東京都","04月30日","10月31日",""
"2026-05-25","43840","ラクスル","ラクスル","RAKSUL INC.","国内","","株式","プライム","情報・通信業","100","2018-05-31","","2009-09-01","東京都","07月31日","01月31日",""
"2026-05-25","43850","メルカリ","メルカリ","Mercari,Inc.","国内","","株式","プライム","情報・通信業","100","2018-06-19","","2013-02-01","東京都","06月30日","12月31日",""
"2026-05-25","43860","ＳＩＧグループ","ＳＩＧグループ","SIG Group Co.,Ltd.","国内","","株式","スタンダード","情報・通信業","100","2018-06-21","","1991-12-16","東京都","03月31日","09月30日",""
"2026-05-25","43870","ＺＵＵ","Ｇ－ＺＵＵ","ZUU Co.,Ltd.","国内","","株式","グロース","情報・通信業","100","2018-06-21","","2013-04-02","東京都","03月31日","09月30日",""
"2026-05-25","43880","エーアイ","エーアイ","AI,Inc.","国内","","株式","スタンダード","情報・通信業","100","2018-06-27","","2003-04-01","東京都","03月31日","09月30日",""
"2026-05-25","43890","プロパティデータバンク","Ｇ－プロパティＤＢＫ","Property Data Bank,Inc.","国内","","株式","グロース","情報・通信業","100","2018-06-27","","2000-10-02","東京都","03月31日","09月30日",""
"2026-05-25","43900","ＩＰＳ","ｉｐｓ","IPS,Inc.","国内","","株式","プライム","情報・通信業","100","2018-06-27","","1991-10-24","東京都","03月31日","09月30日",""
"2026-05-25","43910","ロジザード","Ｇ－ロジザード","Logizard Co.,Ltd.","国内","","株式","グロース","情報・通信業","100","2018-07-04","","2001-07-16","東京都","06月30日","12月31日",""
"2026-05-25","43920","ＦＩＧ","ＦＩＧ","Future Innovation Group,Inc.","国内","","株式","プライム","情報・通信業","100","2018-07-02","","2018-07-02","大分県","12月31日","06月30日",""
"2026-05-25","43930","バンク・オブ・イノベーション","Ｇ－バンクオブイノベ","Bank of Innovation,Inc.","国内","","株式","グロース","情報・通信業","100","2018-07-24","","2006-01-12","東京都","09月30日","03月31日",""
"2026-05-25","43940","エクスモーション","Ｇ－エクスモーション","eXmotion Co.,Ltd.","国内","","株式","グロース","情報・通信業","100","2018-07-26","","2008-09-01","東京都","11月30日","05月31日",""
"2026-05-25","43950","アクリート","Ｇ－アクリート","Accrete Inc.","国内","","株式","グロース","情報・通信業","100","2018-07-26","","2014-05-01","東京都","12月31日","06月30日",""
"2026-05-25","43960","システムサポートホールディングス","システムサポートＨＤ","System Support Holdings Inc.","国内","","株式","プライム","情報・通信業","100","2018-08-02","","1980-01-29","石川県","06月30日","12月31日",""
"2026-05-25","43970","チームスピリット","Ｇ－チームスピリット","TeamSpirit Inc.","国内","","株式","グロース","情報・通信業","100","2018-08-22","","1996-11-13","東京都","08月31日","02月末日",""
"2026-05-25","43980","ブロードバンドセキュリティ","ＢＢＳｅｃ","BroadBand Security,Inc.","国内","","株式","スタンダード","情報・通信業","100","2018-09-26","","2000-11-30","東京都","06月30日","12月31日",""
"2026-05-25","44010","ＡＤＥＫＡ","ＡＤＥＫＡ","ADEKA CORPORATION","国内","","株式","プライム","化学","100","1949-05-16","","1917-01-27","東京都","03月31日","09月30日",""
"2026-05-25","44030","日油","日油","NOF CORPORATION","国内","","株式","プライム","化学","100","1949-09-01","","1949-07-01","東京都","03月31日","09月30日",""
"2026-05-25","44040","ミヨシ油脂","ミヨシ油脂","Miyoshi Oil & Fat Co.,Ltd.","国内","","株式","スタンダード","食料品","100","1949-05-16","","1937-02-15","東京都","12月31日","06月30日",""
"2026-05-25","44060","新日本理化","新日本理化","New Japan Chemical Co.,Ltd.","国内","","株式","スタンダード","化学","100","2013-07-16","","1919-11-10","京都府","03月31日","09月30日",""
"2026-05-25","44090","東邦化学工業","東邦化","TOHO CHEMICAL INDUSTRY COMPANY,LIMITED","国内","","株式","スタンダード","化学","100","1962-05-18","","1938-03-29","東京都","03月31日","09月30日",""
"2026-05-25","44100","ハリマ化成グループ","ハリマ化成Ｇ","HARIMA CHEMICALS GROUP,INC.","国内","","株式","プライム","化学","100","1989-03-06","","1947-11-18","大阪府","03月31日","09月30日",""
"2026-05-25","44120","サイエンスアーツ","Ｇ－サイエンスアーツ","Science Arts,Inc.","国内","","株式","グロース","情報・通信業","100","2021-11-24","","2003-09-19","東京都","08月31日","02月末日",""
"2026-05-25","44130","ボードルア","ボードルア","baudroie,inc.","国内","","株式","プライム","情報・通信業","100","2021-11-30","","2007-04-20","東京都","02月末日","08月31日",""
"2026-05-25","44140","フレクト","Ｇ－フレクト","FLECT Co.,Ltd.","国内","","株式","グロース","情報・通信業","100","2021-12-10","","2005-08-26","東京都","03月31日","09月30日",""
"2026-05-25","44150","ブロードエンタープライズ","Ｇ－ブロードエンター","BROAD ENTERPRISE CO.,LTD.","国内","","株式","グロース","情報・通信業","100","2021-12-16","","2000-12-15","東京都","12月31日","06月30日",""
"2026-05-25","44160","Ｔｒｕｅ　Ｄａｔａ","Ｇ－ＴｒｕｅＤａｔａ","True Data Inc.","国内","","株式","グロース","情報・通信業","100","2021-12-16","","2000-10-10","東京都","03月31日","09月30日",""
"2026-05-25","44170","グローバルセキュリティエキスパート","Ｇ－グローバルセキュ","Global Security Experts Inc.","国内","","株式","グロース","情報・通信業","100","2021-12-20","","1984-08-01","東京都","03月31日","09月30日",""
"2026-05-25","44180","ＪＤＳＣ","Ｇ－ＪＤＳＣ","Japan Data Science Consortium Co.Ltd.","国内","","株式","グロース","情報・通信業","100","2021-12-20","","2018-07-23","東京都","06月30日","12月31日",""
"2026-05-25","44190","Ｆｉｎａｔｅｘｔホールディングス","Ｇ－Ｆｉｎａｔｅｘｔ","Finatext Holdings Ltd.","国内","","株式","グロース","情報・通信業","100","2021-12-22","","2013-12-27","東京都","03月31日","09月30日",""
"2026-05-25","44200","イーソル","イーソル","eSOL Co.,Ltd.","国内","","株式","スタンダード","情報・通信業","100","2018-10-12","","1975-05-29","東京都","12月31日","06月30日",""
"2026-05-25","44210","ディ・アイ・システム","ＤＩシステム","D.I.System Co.,Ltd.","国内","","株式","スタンダード","情報・通信業","100","2018-10-19","","1997-11-05","東京都","09月30日","03月31日",""
"2026-05-25","44220","ＶＡＬＵＥＮＥＸ","Ｇ－ＶＡＬＵＥＮＥＸ","VALUENEX Japan Inc.","国内","","株式","グロース","情報・通信業","100","2018-10-30","","2006-08-01","東京都","07月31日","01月31日",""
"2026-05-25","44240","Ａｍａｚｉａ","Ｇ－Ａｍａｚｉａ","Amazia,inc.","国内","","株式","グロース","情報・通信業","100","2018-12-20","","2009-10-01","東京都","09月30日","03月31日",""
"2026-05-25","44250","Ｋｕｄａｎ","Ｇ－Ｋｕｄａｎ","Kudan Inc.","国内","","株式","グロース","情報・通信業","100","2018-12-19","","2014-11-19","東京都","03月31日","09月30日",""
"2026-05-25","44260","パスロジ","Ｐ－パスロジ","Passlogy Co.,Ltd.","国内","","株式","TOKYO PRO Market","情報・通信業","100","2018-12-19","","2000-02-24","東京都","06月30日","12月31日",""
"2026-05-25","44270","ＥｄｕＬａｂ","Ｇ－ＥｄｕＬａｂ","EduLab,Inc.","国内","","株式","グロース","情報・通信業","100","2018-12-21","","2015-03-31","東京都","09月30日","03月31日",""
"2026-05-25","44280","シノプス","Ｇ－シノプス","sinops Inc.","国内","","株式","グロース","情報・通信業","100","2018-12-25","","1987-10-02","大阪府","12月31日","06月30日",""
"2026-05-25","44290","リックソフト","Ｇ－リックソフト","Ricksoft Co.,Ltd.","国内","","株式","グロース","情報・通信業","100","2019-02-26","","2005-01-04","東京都","02月末日","08月31日",""
"2026-05-25","44300","東海ソフト","東海ソフト","TOKAI SOFT CO.,LTD.","国内","","株式","スタンダード","情報・通信業","100","2019-02-27","","1970-05-30","愛知県","05月31日","11月30日",""
"2026-05-25","44310","スマレジ","Ｇ－スマレジ","Smaregi,Inc.","国内","","株式","グロース","情報・通信業","100","2019-02-28","","2005-05-24","大阪府","04月30日","10月31日",""
"2026-05-25","44320","ウイングアーク１ｓｔ","ウイングアーク","WingArc1st Inc.","国内","","株式","プライム","情報・通信業","100","2021-03-16","","2016-03-07","東京都","02月末日","08月31日",""
"2026-05-25","44330","ヒト・コミュニケーションズ・ホールディングス","ヒトコムＨＤ","HITO-Communications Holdings,Inc.","国内","","株式","プライム","サービス業","100","2019-03-01","","2019-03-01","東京都","08月31日","02月末日",""
"2026-05-25","44340","サーバーワークス","サーバーワークス","Serverworks Co.,Ltd.","国内","","株式","スタンダード","情報・通信業","100","2019-03-13","","2000-02-21","東京都","02月末日","08月31日",""
"2026-05-25","44350","カオナビ","Ｇ－カオナビ","kaonavi,inc.","国内","","株式","上場廃止","情報・通信業","100","2019-03-15","2025-06-11","2008-05-27","東京都","03月31日","09月30日",""
"2026-05-25","44360","ミンカブ・ジ・インフォノイド","Ｇ－ミンカブ","MINKABU THE INFONOID,Inc.","国内","","株式","グロース","情報・通信業","100","2019-03-19","","2006-07-07","東京都","03月31日","09月30日",""
"2026-05-25","44370","ｇｏｏｄｄａｙｓホールディングス","Ｇ－ＧＤＨ","gooddays holdings,Inc.","国内","","株式","グロース","情報・通信業","100","2019-03-25","","2016-03-01","東京都","03月31日","09月30日",""
"2026-05-25","44380","Ｗｅｌｂｙ","Ｇ－Ｗｅｌｂｙ","Welby Inc.","国内","","株式","グロース","情報・通信業","100","2019-03-29","","2011-09-20","東京都","12月31日","06月30日",""
"2026-05-25","44390","東名","東名","TOUMEI CO.,LTD.","国内","","株式","スタンダード","情報・通信業","100","2019-04-03","","1997-12-12","三重県","08月31日","02月末日",""
"2026-05-25","44400","ヴィッツ","ヴィッツ","WITZ Corporation","国内","","株式","スタンダード","情報・通信業","100","2019-04-08","","1997-06-11","愛知県","08月31日","02月末日",""
"2026-05-25","44410","トビラシステムズ","トビラシステムズ","Tobila Systems Inc.","国内","","株式","スタンダード","情報・通信業","100","2019-04-25","","2006-12-01","愛知県","10月31日","04月30日",""
"2026-05-25","44420","バルテス・ホールディングス","Ｇ－バルテスＨＤ","VALTES HOLDINGS CO.,LTD.","国内","","株式","グロース","情報・通信業","100","2019-05-30","","2004-04-19","大阪府","03月31日","09月30日",""
"2026-05-25","44430","Ｓａｎｓａｎ","Ｓａｎｓａｎ","Sansan,Inc.","国内","","株式","プライム","情報・通信業","100","2019-06-19","","2007-06-11","東京都","05月31日","11月30日",""
"2026-05-25","44440","インフォネット","Ｇ－インフォネット","infoNet inc.","国内","","株式","グロース","情報・通信業","100","2019-06-25","","2002-10-15","東京都","03月31日","09月30日",""
"2026-05-25","44450","リビン・テクノロジーズ","Ｇ－リビンＴ","Living Technologies Inc.","国内","","株式","グロース","情報・通信業","100","2019-06-28","","2004-01-15","東京都","09月30日","03月31日",""
"2026-05-25","44460","Ｌｉｎｋ－Ｕグループ","Ｌｉｎｋ－Ｕグループ","Link-U Group Inc.","国内","","株式","プライム","情報・通信業","100","2019-07-18","","2013-08-20","東京都","07月31日","01月31日",""
"2026-05-25","44470","ピー・ビーシステムズ","Ｇ－ＰＢシステムズ","PBsystems,Inc.","国内","","株式","グロース","情報・通信業","100","2022-10-06","","1997-02-06","福岡県","09月30日","03月31日",""
"2026-05-25","44480","ｋｕｂｅｌｌ","Ｇ－ｋｕｂｅｌｌ","kubell Co.,Ltd.","国内","","株式","グロース","情報・通信業","100","2019-09-24","","2004-11-11","東京都","12月31日","06月30日",""
"2026-05-25","44490","ギフティ","ギフティ","giftee Inc.","国内","","株式","プライム","情報・通信業","100","2019-09-20","","2010-08-10","東京都","12月31日","06月30日",""
"2026-05-25","44500","パワーソリューションズ","Ｇ－ＰＳＯＬ","Power Solutions,Ltd.","国内","","株式","グロース","情報・通信業","100","2019-10-01","","2002-01-07","東京都","12月31日","06月30日",""
"2026-05-25","44520","花王","花王","Kao Corporation","国内","","株式","プライム","化学","100","1949-05-16","","1940-05-21","東京都","12月31日","06月30日",""
"2026-05-25","44610","第一工業製薬","第一工業","DKS Co.Ltd.","国内","","株式","プライム","化学","100","1949-05-16","","1918-08-25","京都府","03月31日","09月30日",""
"2026-05-25","44620","石原ケミカル","石原ケミカル","ISHIHARA CHEMICAL CO.,LTD.","国内","","株式","プライム","化学","100","2011-03-11","","1939-03-03","兵庫県","03月31日","09月30日",""
"2026-05-25","44630","日華化学","日華化学","NICCA CHEMICAL CO.,LTD.","国内","","株式","スタンダード","化学","100","2015-12-25","","1941-09-15","福井県","12月31日","06月30日",""
"2026-05-25","44640","ソフト９９コーポレーション","ソフト９９","SOFT99corporation","国内","","株式","スタンダード","化学","100","2001-06-12","","1954-10-28","大阪府","03月31日","09月30日",""
"2026-05-25","44650","ニイタカ","ニイタカ","Niitaka Co., Ltd.","国内","","株式","スタンダード","化学","100","2003-04-24","","1963-04-24","大阪府","05月31日","11月30日",""
"2026-05-25","44710","三洋化成工業","三洋化成","SANYO CHEMICAL INDUSTRIES,LTD.","国内","","株式","プライム","化学","100","1973-10-11","","1949-11-01","京都府","03月31日","09月30日",""
"2026-05-25","44750","ＨＥＮＮＧＥ","Ｇ－ＨＥＮＮＧＥ","HENNGE K.K.","国内","","株式","グロース","情報・通信業","100","2019-10-08","","1996-11-05","東京都","09月30日","03月31日",""
"2026-05-25","44760","ＡＩ　ＣＲＯＳＳ","Ｇ－ＡＩ　ＣＲＯＳＳ","AI CROSS Inc.","国内","","株式","グロース","情報・通信業","100","2019-10-08","","2015-03-10","東京都","12月31日","06月30日",""
"2026-05-25","44770","ＢＡＳＥ","Ｇ－ＢＡＳＥ","BASE,Inc.","国内","","株式","グロース","情報・通信業","100","2019-10-25","","2012-12-11","東京都","12月31日","06月30日",""
"2026-05-25","44780","フリー","Ｇ－フリー","freee K.K.","国内","","株式","グロース","情報・通信業","100","2019-12-17","","2012-07-09","東京都","06月30日","12月31日",""
"2026-05-25","44790","マクアケ","Ｇ－マクアケ","Makuake,Inc.","国内","","株式","グロース","情報・通信業","100","2019-12-11","","2013-05-01","東京都","09月30日","03月31日",""
"2026-05-25","44800","メドレー","メドレー","MEDLEY,INC.","国内","","株式","プライム","情報・通信業","100","2019-12-12","","2009-06-05","東京都","12月31日","06月30日",""
"2026-05-25","44810","ベース","ベース","BASE CO.,LTD.","国内","","株式","プライム","情報・通信業","100","2019-12-16","","1997-01-28","東京都","12月31日","06月30日",""
"2026-05-25","44820","ウィルズ","Ｇ－ウィルズ","WILLs Inc.","国内","","株式","グロース","情報・通信業","100","2019-12-17","","2004-10-18","東京都","12月31日","06月30日",""
"2026-05-25","44830","ＪＭＤＣ","ＪＭＤＣ","JMDC Inc.","国内","","株式","プライム","情報・通信業","100","2019-12-16","","2013-05-07","東京都","03月31日","09月30日",""
"2026-05-25","44840","ランサーズ","Ｇ－ランサーズ","LANCERS,INC.","国内","","株式","グロース","情報・通信業","100","2019-12-16","","2008-04-01","東京都","03月31日","09月30日",""
"2026-05-25","44860","ユナイトアンドグロウ","Ｇ－ユナイト＆グロウ","Unite and Grow Inc.","国内","","株式","グロース","情報・通信業","100","2019-12-18","","2005-02-23","東京都","12月31日","06月30日",""
"2026-05-25","44870","スペースマーケット","Ｇ－スペースマーケッ","Spacemarket,Inc.","国内","","株式","グロース","情報・通信業","100","2019-12-20","","2014-01-08","東京都","09月30日","","2026-09-30"
"2026-05-25","44880","ＡＩ　ｉｎｓｉｄｅ","Ｇ－ＡＩｉｎｓｉｄｅ","AI inside Inc.","国内","","株式","グロース","情報・通信業","100","2019-12-25","","2015-08-03","東京都","03月31日","09月30日",""
"2026-05-25","44900","ビザスク","Ｇ－ビザスク","VisasQ Inc.","国内","","株式","グロース","情報・通信業","100","2020-03-10","","2012-03-19","東京都","02月末日","08月31日",""
"2026-05-25","44910","コンピューターマネージメント","Ｃマネージメント","Computer Management Co.,Ltd.","国内","","株式","スタンダード","情報・通信業","100","2020-03-11","","1981-11-26","大阪府","03月31日","09月30日",""
"2026-05-25","44920","ゼネテック","ゼネテック","GENETEC CORPORATION","国内","","株式","スタンダード","情報・通信業","100","2020-03-19","","1985-07-01","東京都","03月31日","09月30日",""
"2026-05-25","44930","サイバーセキュリティクラウド","Ｇ－サイバーセキュリ","Cyber Security Cloud,Inc.","国内","","株式","グロース","情報・通信業","100","2020-03-26","","2010-08-11","東京都","12月31日","06月30日",""
"2026-05-25","44940","バリオセキュア","バリオセキュア","Vario Secure Inc.","国内","","株式","スタンダード","情報・通信業","100","2020-11-30","","2015-09-17","東京都","02月末日","08月31日",""
"2026-05-25","44950","アイキューブドシステムズ","Ｇ－アイキューブド","i Cubed Systems,Inc.","国内","","株式","グロース","情報・通信業","100","2020-07-15","","2001-09-27","福岡県","06月30日","12月31日",""
"2026-05-25","44960","コマースＯｎｅホールディングス","Ｇ－コマースワン","Commerce One Holdings Inc.","国内","","株式","グロース","情報・通信業","100","2020-06-26","","2006-08-01","東京都","03月31日","09月30日",""
"2026-05-25","44980","サイバートラスト","Ｇ－サイバートラスト","Cybertrust Japan Co.,Ltd.","国内","","株式","グロース","情報・通信業","100","2021-04-15","","2000-06-01","東京都","03月31日","09月30日",""
"2026-05-25","44990","Ｓｐｅｅｅ","Ｓｐｅｅｅ","Speee,Inc.","国内","","株式","スタンダード","情報・通信業","100","2020-07-10","","2007-11-29","東京都","09月30日","03月31日",""
"2026-05-25","45020","武田薬品工業","武田薬","Takeda Pharmaceutical Company Limited","国内","","株式","プライム","医薬品","100","1949-05-16","","1925-01-12","大阪府","03月31日","09月30日",""
"2026-05-25","45030","アステラス製薬","アステラス薬","Astellas Pharma Inc.","国内","","株式","プライム","医薬品","100","1949-05-16","","1939-03-20","東京都","03月31日","09月30日",""
"2026-05-25","45060","住友ファーマ","住友ファーマ","Sumitomo Pharma Co.,Ltd.","国内","","株式","プライム","医薬品","100","1949-05-16","","1897-05-14","大阪府","03月31日","09月30日",""
"2026-05-25","45070","塩野義製薬","塩野義薬","Shionogi & Co.,Ltd.","国内","","株式","プライム","医薬品","100","1949-05-16","","1919-06-05","大阪府","03月31日","09月30日",""
"2026-05-25","45120","わかもと製薬","わかもと","WAKAMOTO PHARMACEUTICAL CO.,LTD.","国内","","株式","スタンダード","医薬品","100","1949-05-16","","1933-01-15","東京都","03月31日","09月30日",""
"2026-05-25","45160","日本新薬","日本新薬","Nippon Shinyaku Co.,Ltd.","国内","","株式","プライム","医薬品","100","1962-09-21","","1919-09-23","京都府","03月31日","09月30日",""
"2026-05-25","45190","中外製薬","中外薬","CHUGAI PHARMACEUTICAL CO.,LTD.","国内","","株式","プライム","医薬品","100","1956-03-03","","1943-03-08","東京都","12月31日","06月30日",""
"2026-05-25","45210","科研製薬","科研薬","KAKEN PHARMACEUTICAL CO.,LTD.","国内","","株式","プライム","医薬品","100","1961-10-02","","1948-03-01","東京都","03月31日","09月30日",""
"2026-05-25","45230","エーザイ","エーザイ","Eisai Co.,Ltd.","国内","","株式","プライム","医薬品","100","1961-09-14","","1941-12-06","東京都","03月31日","09月30日",""
"2026-05-25","45240","森下仁丹","仁丹","MORISHITA JINTAN CO.,LTD.","国内","","株式","スタンダード","医薬品","100","1961-10-02","","1936-11-28","大阪府","03月31日","09月30日",""
"2026-05-25","45260","理研ビタミン","理研ビタミン","RIKEN VITAMIN CO.,LTD.","国内","","株式","プライム","食料品","100","1961-10-02","","1949-08-27","東京都","03月31日","09月30日",""
"2026-05-25","45270","ロート製薬","ロート薬","ROHTO PHARMACEUTICAL CO.,LTD.","国内","","株式","プライム","医薬品","100","1962-10-15","","1949-09-15","大阪府","03月31日","09月30日",""
"2026-05-25","45280","小野薬品工業","小野薬","ONO PHARMACEUTICAL CO.,LTD.","国内","","株式","プライム","医薬品","100","1963-06-01","","1947-06-06","大阪府","03月31日","09月30日",""
"2026-05-25","45300","久光製薬","久光薬","HISAMITSU PHARMACEUTICAL CO.,INC.","国内","","株式","上場廃止","医薬品","100","1962-09-01","2026-05-11","1944-05-22","佐賀県","02月末日","08月31日",""
"2026-05-25","45310","有機合成薬品工業","有機薬","Yuki Gosei Kogyo Co.,Ltd.","国内","","株式","スタンダード","化学","100","1962-10-02","","1947-11-04","東京都","03月31日","09月30日",""
"2026-05-25","45340","持田製薬","持田薬","Mochida Pharmaceutical Co.,Ltd.","国内","","株式","プライム","医薬品","100","1963-05-13","","1945-04-28","東京都","03月31日","09月30日",""
"2026-05-25","45360","参天製薬","参天薬","SANTEN PHARMACEUTICAL CO.,LTD.","国内","","株式","プライム","医薬品","100","1964-04-20","","1925-07-04","大阪府","03月31日","09月30日",""
"2026-05-25","45380","扶桑薬品工業","扶桑薬","Fuso Pharmaceutical Industries,Ltd.","国内","","株式","プライム","医薬品","100","1989-12-22","","1937-03-25","大阪府","03月31日","09月30日",""
"2026-05-25","45390","日本ケミファ","日ケミファ","NIPPON CHEMIPHAR CO.,LTD.","国内","","株式","スタンダード","医薬品","100","1971-10-01","","1950-06-16","東京都","03月31日","09月30日",""
"2026-05-25","45400","ツムラ","ツムラ","TSUMURA & CO.","国内","","株式","プライム","医薬品","100","1980-11-21","","1936-04-25","東京都","03月31日","09月30日",""
"2026-05-25","45430","テルモ","テルモ","TERUMO CORPORATION","国内","","株式","プライム","精密機器","100","1982-06-21","","1921-09-17","東京都","03月31日","09月30日",""
"2026-05-25","45440","Ｈ．Ｕ．グループホールディングス","ＨＵグループＨＤ","H.U. Group Holdings,Inc.","国内","","株式","プライム","サービス業","100","1983-09-01","","1950-12-18","東京都","03月31日","09月30日",""
"2026-05-25","45470","キッセイ薬品工業","キッセイ薬","KISSEI PHARMACEUTICAL CO.,LTD.","国内","","株式","プライム","医薬品","100","1988-12-22","","1946-08-09","長野県","03月31日","09月30日",""
"2026-05-25","45480","生化学工業","生化学","SEIKAGAKU CORPORATION","国内","","株式","プライム","医薬品","100","2004-03-23","","1947-06-02","東京都","03月31日","09月30日",""
"2026-05-25","45490","栄研化学","栄研化","EIKEN CHEMICAL CO.,LTD.","国内","","株式","プライム","医薬品","100","1990-01-29","","1939-02-20","東京都","03月31日","09月30日",""
"2026-05-25","45510","鳥居薬品","鳥居薬","TORII PHARMACEUTICAL CO.,LTD.","国内","","株式","上場廃止","医薬品","100","1993-10-01","2025-08-28","1921-11-01","東京都","12月31日","06月30日",""
"2026-05-25","45520","ＪＣＲファーマ","ＪＣＲファーマ","JCR Pharmaceuticals Co.,Ltd.","国内","","株式","プライム","医薬品","100","2011-03-18","","1975-09-13","兵庫県","03月31日","09月30日",""
"2026-05-25","45530","東和薬品","東和薬品","TOWA PHARMACEUTICAL CO.,LTD.","国内","","株式","プライム","医薬品","100","2004-04-05","","1957-04-19","大阪府","03月31日","09月30日",""
"2026-05-25","45540","富士製薬工業","富士製薬","Fuji Pharma Co.,Ltd.","国内","","株式","プライム","医薬品","100","2011-07-11","","1965-04-01","東京都","09月30日","03月31日",""
"2026-05-25","45560","カイノス","カイノス","KAINOS Laboratories,Inc.","国内","","株式","スタンダード","医薬品","100","2013-07-16","","1975-05-01","東京都","03月31日","09月30日",""
"2026-05-25","45580","中京医薬品","中京医薬","CHUKYO IYAKUHIN CO.,LTD.","国内","","株式","スタンダード","医薬品","100","2013-07-16","","1978-05-01","愛知県","03月31日","09月30日",""
"2026-05-25","45590","ゼリア新薬工業","ゼリア新薬","ZERIA PHARMACEUTICAL CO.,LTD.","国内","","株式","プライム","医薬品","100","1998-12-22","","1955-12-22","東京都","03月31日","09月30日",""
"2026-05-25","45630","アンジェス","Ｇ－アンジェス","AnGes,Inc.","国内","","株式","グロース","医薬品","100","2002-09-25","","1999-12-17","東京都","12月31日","06月30日",""
"2026-05-25","45640","オンコセラピー・サイエンス","Ｇ－ＯＴＳ","OncoTherapy Science,Inc.","国内","","株式","グロース","医薬品","100","2003-12-08","","2001-04-06","神奈川県","03月31日","09月30日",""
"2026-05-25","45650","ネクセラファーマ","ネクセラファーマ","Nxera Pharma Co.,Ltd.","国内","","株式","プライム","医薬品","100","2004-07-29","","1990-06-22","東京都","12月31日","06月30日",""
"2026-05-25","45680","第一三共","第一三共","DAIICHI SANKYO COMPANY,LIMITED","国内","","株式","プライム","医薬品","100","2005-09-28","","2005-09-28","東京都","03月31日","09月30日",""
"2026-05-25","45690","杏林製薬","杏林製薬","KYORIN Pharmaceutical Co.,Ltd.","国内","","株式","プライム","医薬品","100","2006-03-10","","1958-10-31","東京都","03月31日","09月30日",""
"2026-05-25","45700","免疫生物研究所","Ｇ－免疫生物研究所","Immuno-Biological Laboratories Co.,Ltd.","国内","","株式","グロース","医薬品","100","2013-07-16","","1982-09-09","群馬県","03月31日","09月30日",""
"2026-05-25","45710","ＮＡＮＯホールディングス","Ｇ－ＮＡＮＯ","Nano Holdings,Inc.","国内","","株式","グロース","医薬品","100","2008-03-05","","1996-06-14","東京都","03月31日","09月30日",""
"2026-05-25","45720","カルナバイオサイエンス","Ｇ－カルナバイオ","Carna Biosciences,Inc.","国内","","株式","グロース","医薬品","100","2013-07-16","","2003-04-10","兵庫県","12月31日","06月30日",""
"2026-05-25","45740","大幸薬品","大幸薬品","TAIKO PHARMACEUTICAL CO.,LTD.","国内","","株式","プライム","医薬品","100","2009-03-18","","1946-11-18","大阪府","12月31日","06月30日",""
"2026-05-25","45750","キャンバス","Ｇ－ＣＡＮＢＡＳ","CanBas Co.,Ltd.","国内","","株式","グロース","医薬品","100","2009-09-17","","2000-01-18","静岡県","06月30日","12月31日",""
"2026-05-25","45760","デ・ウエスタン・セラピテクス研究所","Ｇ－ＤＷＴＩ","D.Western Therapeutics Institute, Inc.","国内","","株式","グロース","医薬品","100","2013-07-16","","2004-11-26","愛知県","12月31日","06月30日",""
"2026-05-25","45770","ダイト","ダイト","Daito Pharmaceutical Co.,Ltd.","国内","","株式","プライム","医薬品","100","2010-03-24","","1942-06-30","富山県","05月31日","11月30日",""
"2026-05-25","45780","大塚ホールディングス","大塚ＨＤ","Otsuka Holdings Co.,Ltd.","国内","","株式","プライム","医薬品","100","2010-12-15","","2008-07-08","東京都","12月31日","06月30日",""
"2026-05-25","45790","ラクオリア創薬","Ｇ－ラクオリア創薬","RaQualia Pharma Inc.","国内","","株式","グロース","医薬品","100","2013-07-16","","2008-02-19","愛知県","12月31日","06月30日",""
"2026-05-25","45820","シンバイオ製薬","Ｇ－シンバイオ製薬","SymBio Pharmaceuticals Limited","国内","","株式","グロース","医薬品","100","2013-07-16","","2005-03-25","東京都","12月31日","06月30日",""
"2026-05-25","45830","カイオム・バイオサイエンス","Ｇ－カイオム","Chiome Bioscience Inc.","国内","","株式","グロース","医薬品","100","2011-12-20","","2005-02-08","東京都","12月31日","06月30日",""
"2026-05-25","45840","キッズウェル・バイオ","Ｇ－キッズ・バイオ","Kidswell Bio Corporation","国内","","株式","グロース","医薬品","100","2012-11-30","","2001-03-01","東京都","03月31日","09月30日",""
"2026-05-25","45860","メドレックス","Ｇ－メドレック","Medrx Co.,Ltd.","国内","","株式","グロース","医薬品","100","2013-02-13","","2002-01-15","東京都","12月31日","06月30日",""
"2026-05-25","45870","ペプチドリーム","ペプチドリーム","PeptiDream Inc.","国内","","株式","プライム","医薬品","100","2013-06-11","","2006-07-03","神奈川県","12月31日","06月30日",""
"2026-05-25","45880","オンコリスバイオファーマ","Ｇ－オンコリスバイオ","Oncolys BioPharma Inc.","国内","","株式","グロース","医薬品","100","2013-12-06","","2004-03-18","東京都","12月31日","06月30日",""
"2026-05-25","45910","リボミック","Ｇ－リボミック","RIBOMIC Inc.","国内","","株式","グロース","医薬品","100","2014-09-25","","2003-08-01","東京都","03月31日","09月30日",""
"2026-05-25","45920","サンバイオ","Ｇ－サンバイオ","SanBio Company Limited","国内","","株式","グロース","医薬品","100","2015-04-08","","2013-02-27","東京都","01月31日","07月31日",""
"2026-05-25","45930","ヘリオス","Ｇ－ヘリオス","HEALIOS K.K.","国内","","株式","グロース","医薬品","100","2015-06-16","","2011-02-24","東京都","12月31日","06月30日",""
"2026-05-25","45940","ブライトパス・バイオ","Ｇ－ブライトパス","BrightPath Biotherapeutics Co.,Ltd.","国内","","株式","グロース","医薬品","100","2015-10-22","","2003-05-08","東京都","03月31日","09月30日",""
"2026-05-25","45950","ミズホメディー","ミズホメディー","MIZUHO MEDY CO.,LTD.","国内","","株式","スタンダード","医薬品","100","2015-12-17","","1977-11-02","佐賀県","12月31日","06月30日",""
"2026-05-25","45960","窪田製薬ホールディングス","Ｇ－窪田製薬ＨＤ","Kubota Pharmaceutical Holdings Co.,Ltd.","国内","","株式","グロース","医薬品","100","2016-12-06","","2015-12-11","東京都","12月31日","06月30日",""
"2026-05-25","45970","ソレイジア・ファーマ","Ｇ－ソレイジア","Solasia Pharma K.K.","国内","","株式","グロース","医薬品","100","2017-03-24","","2007-01-22","東京都","12月31日","06月30日",""
"2026-05-25","45980","Ｄｅｌｔａ－Ｆｌｙ　Ｐｈａｒｍａ","Ｇ－ＤＥＬＴＡ－Ｐ","Delta-Fly Pharma,Inc.","国内","","株式","グロース","医薬品","100","2018-10-12","","2010-12-06","徳島県","03月31日","09月30日",""
"2026-05-25","45990","ステムリム","Ｇ－ステムリム","StemRIM Inc.","国内","","株式","グロース","医薬品","100","2019-08-09","","2006-10-30","大阪府","07月31日","01月31日",""
"2026-05-25","46110","大日本塗料","大日塗料","Dai Nippon Toryo Company,Limited","国内","","株式","プライム","化学","100","1949-05-16","","1929-07-25","大阪府","03月31日","09月30日",""
"2026-05-25","46120","日本ペイントホールディングス","日ペイントＨＤ","NIPPON PAINT HOLDINGS CO.,LTD.","国内","","株式","プライム","化学","100","1949-05-30","","1898-01-20","大阪府","12月31日","06月30日",""
"2026-05-25","46130","関西ペイント","関ペイント","KANSAI PAINT CO.,LTD.","国内","","株式","プライム","化学","100","1949-05-16","","1918-05-15","大阪府","03月31日","09月30日",""
"2026-05-25","46150","神東塗料","神東塗料","SHINTO PAINT COMPANY,LIMITED","国内","","株式","スタンダード","化学","100","2013-07-16","","1933-04-17","兵庫県","03月31日","09月30日",""
"2026-05-25","46160","川上塗料","川上塗料","KAWAKAMI PAINT MANUFACTURING CO.,LTD.","国内","","株式","スタンダード","化学","100","2013-07-16","","1945-01-20","兵庫県","11月30日","05月31日",""
"2026-05-25","46170","中国塗料","中国塗料","Chugoku Marine Paints,Ltd.","国内","","株式","プライム","化学","100","1961-10-02","","1923-05-10","広島県","03月31日","09月30日",""
"2026-05-25","46190","日本特殊塗料","日特塗料","Nihon Tokushu Toryo Co.,Ltd.","国内","","株式","スタンダード","化学","100","1961-10-02","","1936-08-03","東京都","03月31日","09月30日",""
"2026-05-25","46200","藤倉化成","藤倉化","FUJIKURA KASEI CO.,LTD.","国内","","株式","スタンダード","化学","100","1962-08-02","","1938-09-22","東京都","03月31日","09月30日",""
"2026-05-25","46230","アサヒペン","アサヒペン","ASAHIPEN CORPORATION","国内","","株式","スタンダード","化学","100","2013-07-16","","1947-09-19","大阪府","03月31日","09月30日",""
"2026-05-25","46240","イサム塗料","イサム塗料","Isamu Paint Co.,Ltd.","国内","","株式","スタンダード","化学","100","2013-07-16","","1947-07-12","大阪府","03月31日","09月30日",""
"2026-05-25","46250","アトミクス","アトミクス","ATOMIX CO.,LTD.","国内","","株式","スタンダード","化学","100","2013-07-16","","1948-05-10","東京都","03月31日","09月30日",""
"2026-05-25","46260","太陽ホールディングス","太陽ＨＤ","TAIYO HOLDINGS CO.,LTD.","国内","","株式","プライム","化学","100","2001-01-18","","1953-09-29","東京都","03月31日","09月30日",""
"2026-05-25","46270","ナトコ","ナトコ","NATOCO CO.,LTD.","国内","","株式","スタンダード","化学","100","2013-07-16","","1948-11-01","愛知県","10月31日","04月30日",""
"2026-05-25","46280","エスケー化研","エスケー化研","SK KAKEN CO.,LTD.","国内","","株式","スタンダード","化学","100","2013-07-16","","1958-04-17","大阪府","03月31日","09月30日",""
"2026-05-25","46290","大伸化学","大伸化学","DAISHIN CHEMICAL CO.,LTD.","国内","","株式","スタンダード","化学","100","2013-07-16","","1952-12-11","東京都","03月31日","09月30日",""
"2026-05-25","46310","ＤＩＣ","ＤＩＣ","DIC Corporation","国内","","株式","プライム","化学","100","1950-05-29","","1937-03-15","東京都","12月31日","06月30日",""
"2026-05-25","46330","サカタインクス","サカタインクス","SAKATA INX CORPORATION","国内","","株式","プライム","化学","100","1988-12-15","","1920-09-05","大阪府","12月31日","06月30日",""
"2026-05-25","46340","ａｒｔｉｅｎｃｅ","ａｒｔｉｅｎｃｅ","artience Co.,Ltd.","国内","","株式","プライム","化学","100","1961-10-02","","1907-01-15","東京都","12月31日","06月30日",""
"2026-05-25","46350","東京インキ","東インキ","TOKYO PRINTING INK MFG.CO.,LTD.","国内","","株式","スタンダード","化学","100","1961-10-02","","1923-12-10","東京都","03月31日","09月30日",""
"2026-05-25","46410","アルプス技研","アルプス技","Altech Corporation","国内","","株式","プライム","サービス業","100","2000-09-28","","1971-01-12","神奈川県","12月31日","06月30日",""
"2026-05-25","46420","オリジナル設計","オリジナル設","ORIGINAL ENGINEERING CONSULTANTS CO.,LTD.","国内","","株式","スタンダード","サービス業","100","1998-09-30","","1962-01-23","東京都","12月31日","06月30日",""
"2026-05-25","46440","イマジニア","イマジニア","Imagineer Co.,Ltd.","国内","","株式","スタンダード","情報・通信業","100","2013-07-16","","1977-06-01","東京都","03月31日","09月30日",""
"2026-05-25","46450","市進ホールディングス","市進ＨＤ","ICHISHIN HOLDINGS CO.,LTD.","国内","","株式","スタンダード","サービス業","100","2013-07-16","","1979-02-17","千葉県","02月末日","08月31日",""
"2026-05-25","46500","ＳＤエンターテイメント","ＳＤエンター","SD ENTERTAINMENT,Inc.","国内","","株式","スタンダード","サービス業","100","2013-07-16","","1954-05-26","北海道","03月31日","09月30日",""
"2026-05-25","46510","サニックスホールディングス","サニックスＨＤ","SANIX HOLDINGS INCORPORATED","国内","","株式","スタンダード","サービス業","100","1997-09-26","","1978-09-12","福岡県","03月31日","09月30日",""
"2026-05-25","46570","環境管理センター","環境管理","ENVIRONMENTAL CONTROL CENTER CO.,LTD.","国内","","株式","スタンダード","サービス業","100","2013-07-16","","1971-07-23","東京都","06月30日","12月31日",""
"2026-05-25","46580","日本空調サービス","日本空調","Nippon Air Conditioning Services Co.,Ltd.","国内","","株式","プライム","サービス業","100","2006-09-07","","1964-04-28","愛知県","03月31日","09月30日",""
"2026-05-25","46590","エイジス","エイジス","AJIS CO.,LTD.","国内","","株式","スタンダード","サービス業","100","2013-07-16","","1978-05-23","千葉県","03月31日","09月30日",""
"2026-05-25","46610","オリエンタルランド","ＯＬＣ","ORIENTAL LAND CO.,LTD.","国内","","株式","プライム","サービス業","100","1996-12-11","","1960-07-11","千葉県","03月31日","09月30日",""
"2026-05-25","46620","フォーカスシステムズ","フォーカスシステムズ","Focus Systems Corporation","国内","","株式","プライム","情報・通信業","100","2013-07-16","","1977-04-01","東京都","03月31日","09月30日",""
"2026-05-25","46640","アール・エス・シー","アールエスシー","JAPAN RELIANCE SERVICE CORPORATION","国内","","株式","スタンダード","サービス業","100","2013-07-16","","1971-09-10","東京都","03月31日","09月30日",""
"2026-05-25","46650","ダスキン","ダスキン","DUSKIN CO.,LTD.","国内","","株式","プライム","サービス業","100","2006-12-12","","1963-02-04","大阪府","03月31日","09月30日",""
"2026-05-25","46660","パーク２４","パーク２４","PARK24 Co.,Ltd.","国内","","株式","プライム","不動産業","100","1999-04-28","","1973-02-03","東京都","10月31日","04月30日",""
"2026-05-25","46670","アイサンテクノロジー","アイサンテクノロ","AISAN TECHNOLOGY CO.,LTD.","国内","","株式","スタンダード","情報・通信業","100","2013-07-16","","1970-08-12","愛知県","03月31日","09月30日",""
"2026-05-25","46680","明光ネットワークジャパン","明光ネット","MEIKO NETWORK JAPAN CO.,LTD.","国内","","株式","プライム","サービス業","100","2003-08-06","","1982-08-27","東京都","08月31日","02月末日",""
"2026-05-25","46710","ファルコホールディングス","ファルコＨＤ","FALCO HOLDINGS Co.,Ltd.","国内","","株式","スタンダード","サービス業","100","2004-10-29","","1982-08-24","大阪府","03月31日","09月30日",""
"2026-05-25","46730","川崎地質","川崎地質","Kawasaki Geological Engineering Co.,Ltd.","国内","","株式","スタンダード","サービス業","100","2013-07-16","","1951-08-28","東京都","11月30日","05月31日",""
"2026-05-25","46740","クレスコ","クレスコ","CRESCO LTD.","国内","","株式","プライム","情報・通信業","100","2000-09-19","","1948-09-09","東京都","03月31日","09月30日",""
"2026-05-25","46760","フジ・メディア・ホールディングス","フジＨＤ","FUJI MEDIA HOLDINGS,INC.","国内","","株式","プライム","情報・通信業","100","1997-08-08","","1957-11-18","東京都","03月31日","09月30日",""
"2026-05-25","46780","秀英予備校","秀英","SHUEI YOBIKO Co.,Ltd.","国内","","株式","スタンダード","サービス業","100","2000-12-12","","1972-01-28","静岡県","03月31日","09月30日",""
"2026-05-25","46790","田谷","田谷","TAYA Co.,Ltd.","国内","","株式","スタンダード","サービス業","100","1999-12-06","","1975-09-30","東京都","03月31日","09月30日",""
"2026-05-25","46800","ラウンドワン","ラウンドワン","ROUND ONE Corporation","国内","","株式","プライム","サービス業","100","1998-12-08","","1980-12-25","大阪府","03月31日","09月30日",""
"2026-05-25","46810","リゾートトラスト","リゾートトラ","RESORTTRUST,INC.","国内","","株式","プライム","サービス業","100","2000-11-27","","1973-04-02","愛知県","03月31日","09月30日",""
"2026-05-25","46840","オービック","オービック","OBIC Co.,Ltd.","国内","","株式","プライム","情報・通信業","100","1998-12-17","","1968-04-08","東京都","03月31日","09月30日",""
"2026-05-25","46850","菱友システムズ","菱友システム","Ryoyu Systems Co.,Ltd.","国内","","株式","スタンダード","情報・通信業","100","2013-07-16","","1968-07-05","東京都","03月31日","09月30日",""
"2026-05-25","46860","ジャストシステム","ジャストシステム","JUSTSYSTEMS CORPORATION","国内","","株式","プライム","情報・通信業","100","2013-07-16","","1980-09-26","徳島県","03月31日","09月30日",""
"2026-05-25","46870","ＴＤＣソフト","ＴＤＣソフト","TDC SOFT Inc.","国内","","株式","プライム","情報・通信業","100","2001-01-09","","1963-12-17","東京都","03月31日","09月30日",""
"2026-05-25","46890","ＬＩＮＥヤフー","ＬＩＮＥヤフー","LY Corporation","国内","","株式","プライム","情報・通信業","100","2003-10-28","","1996-01-31","東京都","03月31日","09月30日",""
"2026-05-25","46900","日本パレットプール","日パレット","NIPPON PALLET POOL CO.,LTD.","国内","","株式","上場廃止","サービス業","100","2013-07-16","2026-04-15","1972-05-13","大阪府","03月31日","09月30日",""
"2026-05-25","46910","ワシントンホテル","ワシントンホテル","WASHINGTON HOTEL CORPORATION","国内","","株式","スタンダード","サービス業","100","2019-10-18","","1961-05-11","愛知県","03月31日","09月30日",""
"2026-05-25","46940","ビー・エム・エル","ＢＭＬ","BML,INC.","国内","","株式","プライム","サービス業","100","2001-04-25","","1955-07-05","東京都","03月31日","09月30日",""
"2026-05-25","47040","トレンドマイクロ","トレンド","Trend Micro Incorporated","国内","","株式","プライム","情報・通信業","100","2000-08-17","","1965-03-29","東京都","12月31日","06月30日",""
"2026-05-25","47050","クリップコーポレーション","クリップ","CLIP Corporation","国内","","株式","スタンダード","サービス業","100","2013-07-16","","1981-05-23","愛知県","03月31日","09月30日",""
"2026-05-25","47070","キタック","キタック","KITAC CORPORATION","国内","","株式","スタンダード","サービス業","100","2013-07-16","","1973-02-01","新潟県","10月20日","04月20日",""
"2026-05-25","47090","ＩＤホールディングス","ＩＤホールディングス","ID Holdings Corporation","国内","","株式","プライム","情報・通信業","100","2013-07-16","","1969-10-20","東京都","03月31日","09月30日",""
"2026-05-25","47120","ＫｅｙＨｏｌｄｅｒ","ＫｅｙＨ","KeyHolder,Inc.","国内","","株式","スタンダード","サービス業","100","2013-07-16","","1967-12-25","東京都","12月31日","06月30日",""
"2026-05-25","47140","リソー教育グループ","リソー教育Ｇ","RISO KYOIKU GROUP CORPORATION","国内","","株式","プライム","サービス業","100","2001-03-09","","1985-07-06","東京都","02月末日","08月31日",""
"2026-05-25","47160","日本オラクル","日本オラクル","ORACLE CORPORATION JAPAN","国内","","株式","スタンダード","情報・通信業","100","2000-04-28","","1982-02-27","東京都","05月31日","11月30日",""
"2026-05-25","47180","早稲田アカデミー","早稲アカ","WASEDA ACADEMY CO.,LTD.","国内","","株式","プライム","サービス業","100","2007-01-26","","1974-11-15","東京都","03月31日","09月30日",""
"2026-05-25","47190","アルファシステムズ","アルファシステムズ","ALPHA SYSTEMS INC.","国内","","株式","プライム","情報・通信業","100","2000-04-19","","1972-10-11","神奈川県","03月31日","09月30日",""
"2026-05-25","47200","城南進学研究社","城南進研","JOHNAN ACADEMIC PREPARATORY INSTITUTE,INC.","国内","","株式","スタンダード","サービス業","100","2013-07-16","","1982-09-16","神奈川県","03月31日","09月30日",""
"2026-05-25","47220","フューチャー","フューチャー","Future Corporation","国内","","株式","プライム","情報・通信業","100","2002-06-21","","1989-11-28","東京都","12月31日","06月30日",""
"2026-05-25","47250","ＣＡＣ　Ｈｏｌｄｉｎｇｓ","ＣＡＣＨＤ","CAC Holdings Corporation","国内","","株式","プライム","情報・通信業","100","2000-10-30","","1979-10-18","東京都","12月31日","06月30日",""
"2026-05-25","47280","トーセ","トーセ","TOSE CO.,LTD.","国内","","株式","スタンダード","情報・通信業","100","2000-09-27","","1979-11-01","京都府","08月31日","02月末日",""
"2026-05-25","47320","ユー・エス・エス","ＵＳＳ","USS Co.,Ltd.","国内","","株式","プライム","サービス業","100","2000-12-18","","1969-11-13","愛知県","03月31日","09月30日",""
"2026-05-25","47330","オービックビジネスコンサルタント","ＯＢＣ","OBIC BUSINESS CONSULTANTS CO.,LTD.","国内","","株式","プライム","情報・通信業","100","2004-03-12","","1980-12-12","東京都","03月31日","09月30日",""
"2026-05-25","47350","京進","京進","KYOSHIN CO.,LTD.","国内","","株式","スタンダード","サービス業","100","2013-07-16","","1981-04-02","京都府","02月末日","08月31日",""
"2026-05-25","47360","日本ラッド","日本ラッド","Nippon RAD Inc.","国内","","株式","スタンダード","情報・通信業","100","2013-07-16","","1971-06-07","東京都","03月31日","09月30日",""
"2026-05-25","47430","アイティフォー","アイティフォー","ITFOR Inc.","国内","","株式","プライム","情報・通信業","100","2005-04-08","","1959-05-08","東京都","03月31日","09月30日",""
"2026-05-25","47450","東京個別指導学院","東京個別","Tokyo Individualized Educational Institute,INC.","国内","","株式","上場廃止","サービス業","100","2002-08-09","2026-01-08","1965-06-17","東京都","02月末日","08月31日",""
"2026-05-25","47460","東計電算","東計電算","Toukei Computer Co.,Ltd.","国内","","株式","スタンダード","情報・通信業","100","2000-03-07","","1970-04-01","神奈川県","12月31日","06月30日",""
"2026-05-25","47500","ダイサン","ダイサン","DAISAN CO.,LTD.","国内","","株式","スタンダード","サービス業","100","2013-07-16","","1975-04-01","大阪府","04月20日","10月20日",""
"2026-05-25","47510","サイバーエージェント","サイバーエージェント","CyberAgent,Inc.","国内","","株式","プライム","サービス業","100","2000-03-24","","1998-03-18","東京都","09月30日","03月31日",""
"2026-05-25","47520","昭和システムエンジニアリング","昭和システム","SHOWA SYSTEM ENGINEERING CORPORATION","国内","","株式","スタンダード","情報・通信業","100","2013-07-16","","1966-04-07","東京都","03月31日","09月30日",""
"2026-05-25","47540","トスネット","トスネット","TOSNET CORPORATION","国内","","株式","スタンダード","サービス業","100","2013-07-16","","1977-03-30","宮城県","09月30日","03月31日",""
"2026-05-25","47550","楽天グループ","楽天グループ","Rakuten Group,Inc.","国内","","株式","プライム","サービス業","100","2013-07-16","","1997-02-07","東京都","12月31日","06月30日",""
"2026-05-25","47600","アルファ","アルファ","ALPHA CO.,LTD.","国内","","株式","スタンダード","サービス業","100","2013-07-16","","1974-08-24","岡山県","08月31日","02月末日",""
"2026-05-25","47610","さくらケーシーエス","さくらＫＣＳ","SAKURA KCS Corporation","国内","","株式","スタンダード","情報・通信業","100","2013-07-16","","1969-03-29","兵庫県","03月31日","09月30日",""
"2026-05-25","47620","エックスネット","ＸＮＥＴ","XNET Corporation","国内","","株式","スタンダード","情報・通信業","100","2003-02-19","","1991-06-03","東京都","03月31日","09月30日",""
"2026-05-25","47630","クリーク・アンド・リバー社","Ｃ＆Ｒ社","CREEK & RIVER Co.,Ltd.","国内","","株式","プライム","サービス業","100","2013-07-16","","1990-03-20","東京都","02月末日","08月31日",""
"2026-05-25","47650","ＳＢＩグローバルアセットマネジメント","ＳＢＩＧアセットＭ","SBI Global Asset Management Co.,Ltd.","国内","","株式","プライム","サービス業","100","2013-07-16","","1998-03-27","東京都","03月31日","09月30日",""
"2026-05-25","47660","ピーエイ","ピーエイ","PA Co.,Ltd.","国内","","株式","スタンダード","サービス業","100","2000-07-06","","1973-12-17","東京都","12月31日","06月30日",""
"2026-05-25","47670","テー・オー・ダブリュー","ＴＯＷ","TOW CO.,LTD.","国内","","株式","スタンダード","サービス業","100","2007-06-25","","1980-02-26","東京都","06月30日","12月31日",""
"2026-05-25","47680","大塚商会","大塚商会","OTSUKA CORPORATION","国内","","株式","プライム","情報・通信業","100","2000-07-14","","1961-12-13","東京都","12月31日","06月30日",""
"2026-05-25","47690","ＩＣ","ＩＣ","IC CO.,LTD.","国内","","株式","スタンダード","情報・通信業","100","2013-07-16","","1978-02-20","東京都","09月30日","03月31日",""
"2026-05-25","47710","エフアンドエム","エフアンドエム","F&M CO.,LTD.","国内","","株式","スタンダード","サービス業","100","2013-07-16","","1990-07-30","大阪府","03月31日","09月30日",""
"2026-05-25","47720","ＳＭ　ＥＮＴＥＲＴＡＩＮＭＥＮＴ　ＪＡＰＡＮ","Ｇ－ＳＭ　ＥＮＴＥＲ","SM ENTERTAINMENT JAPAN Co.,Ltd.","国内","","株式","グロース","情報・通信業","100","2013-07-16","","1971-12-24","東京都","12月31日","06月30日",""
"2026-05-25","47760","サイボウズ","ＣＹＢＯＺＵ","Cybozu,Inc.","国内","","株式","プライム","情報・通信業","100","2000-08-23","","1997-08-08","東京都","12月31日","06月30日",""
"2026-05-25","47770","ガーラ","ガーラ","GALA INCORPORATED","国内","","株式","スタンダード","情報・通信業","100","2013-07-16","","1993-09-03","東京都","12月31日","06月30日",""
"2026-05-25","47830","ＮＣＤ","ＮＣＤ","NCD Co.,Ltd.","国内","","株式","スタンダード","情報・通信業","100","2013-07-16","","1967-03-16","東京都","03月31日","09月30日",""
"2026-05-25","47840","ＧＭＯインターネット","ＧＭＯインターネット","GMO internet,Inc.","国内","","株式","プライム","サービス業","100","2013-07-16","","1999-09-08","東京都","12月31日","06月30日",""
"2026-05-25","47920","山田コンサルティンググループ","山田コンサル","YAMADA Consulting Group Co.,Ltd.","国内","","株式","プライム","サービス業","100","2013-07-16","","1989-07-10","東京都","03月31日","09月30日",""
"2026-05-25","48000","オリコン","オリコン","Oricon Inc.","国内","","株式","スタンダード","情報・通信業","100","2013-07-16","","1999-10-01","東京都","03月31日","09月30日",""
"2026-05-25","48010","セントラルスポーツ","セントラルＳＰ","CENTRAL SPORTS CO.,LTD.","国内","","株式","プライム","サービス業","100","2002-03-25","","1970-05-13","東京都","03月31日","09月30日",""
"2026-05-25","48090","パラカ","パラカ","Paraca Inc.","国内","","株式","プライム","不動産業","100","2004-12-09","","1997-08-22","東京都","09月30日","03月31日",""
"2026-05-25","48110","ドリーム・アーツ","Ｇ－ドリーム・アーツ","DreamArts Corporation","国内","","株式","グロース","情報・通信業","100","2023-10-27","","1996-12-02","東京都","12月31日","06月30日",""
"2026-05-25","48120","電通総研","電通総研","DENTSU SOKEN INC.","国内","","株式","プライム","情報・通信業","100","2000-11-30","","1975-12-11","東京都","12月31日","06月30日",""
"2026-05-25","48130","ＡＣＣＥＳＳ","ＡＣＣＥＳＳ","ACCESS CO.,LTD.","国内","","株式","プライム","情報・通信業","100","2001-02-26","","1984-02-01","東京都","01月31日","07月31日",""
"2026-05-25","48140","ネクストウェア","ネクストウェア","Nextware Ltd.","国内","","株式","スタンダード","情報・通信業","100","2013-07-16","","1990-06-01","大阪府","03月31日","09月30日",""
"2026-05-25","48160","東映アニメーション","東映アニメ","TOEI ANIMATION CO.,LTD.","国内","","株式","スタンダード","情報・通信業","100","2013-07-16","","1948-01-23","東京都","03月31日","09月30日",""
"2026-05-25","48190","デジタルガレージ","デジタルガレージ","Digital Garage,Inc.","国内","","株式","プライム","情報・通信業","100","2013-07-16","","1995-08-17","東京都","03月31日","09月30日",""
"2026-05-25","48200","イーエムシステムズ","ＥＭシステムズ","EM SYSTEMS CO.,LTD.","国内","","株式","プライム","情報・通信業","100","2003-05-02","","1980-01-23","大阪府","12月31日","06月30日",""
"2026-05-25","48250","ウェザーニューズ","ＷＮＩウェザー","WEATHERNEWS INC.","国内","","株式","プライム","情報・通信業","100","2002-12-26","","1978-05-26","千葉県","05月31日","11月30日",""
"2026-05-25","48260","ＣＩＪ","ＣＩＪ","Computer Institute of Japan, Ltd.","国内","","株式","プライム","情報・通信業","100","2002-02-05","","1976-01-07","神奈川県","06月30日","12月31日",""
"2026-05-25","48280","ビジネスエンジニアリング","ビーエンジ","Business Engineering Corporation","国内","","株式","プライム","情報・通信業","100","2013-04-04","","1980-12-20","東京都","03月31日","09月30日",""
"2026-05-25","48290","日本エンタープライズ","日本エンタープライズ","Nihon Enterprise Co.,Ltd.","国内","","株式","スタンダード","情報・通信業","100","2007-07-10","","1989-05-30","東京都","05月31日","11月30日",""
"2026-05-25","48320","ＪＦＥシステムズ","ＪＦＥ－ＳＩ","JFE Systems, Inc.","国内","","株式","スタンダード","情報・通信業","100","2001-03-08","","1983-09-01","東京都","03月31日","09月30日",""
"2026-05-25","48330","Ｄｅｆ　ｃｏｎｓｕｌｔｉｎｇ","Ｇ－Ｄｅｆコンサル","Def consulting,inc.","国内","","株式","グロース","サービス業","100","2013-07-16","","1987-08-20","東京都","03月31日","09月30日",""
"2026-05-25","48380","スペースシャワーＳＫＩＹＡＫＩホールディングス","ＳＳＳＫ　ＨＤ","SPACE SHOWER SKIYAKI HOLDINGS INC.","国内","","株式","スタンダード","情報・通信業","100","2013-07-16","","1996-12-24","東京都","03月31日","09月30日",""
"2026-05-25","48390","ＷＯＷＯＷ","ＷＯＷＯＷ","WOWOW INC.","国内","","株式","プライム","情報・通信業","100","2001-04-20","","1984-12-25","東京都","03月31日","09月30日",""
"2026-05-25","48400","トライアイズ","トライアイズ","TriIs Incorporated","国内","","株式","スタンダード","サービス業","100","2013-07-16","","1995-03-16","東京都","12月31日","06月30日",""
"2026-05-25","48450","スカラ","スカラ","Scala,Inc.","国内","","株式","スタンダード","情報・通信業","100","2013-07-16","","1987-02-20","東京都","06月30日","12月31日",""
"2026-05-25","48470","インテリジェント　ウェイブ","ＩＷＩ","INTELLIGENT WAVE INC.","国内","","株式","プライム","情報・通信業","100","2013-07-16","","1984-12-27","東京都","06月30日","12月31日",""
"2026-05-25","48480","フルキャストホールディングス","フルキャストＨＤ","FULLCAST HOLDINGS CO.,LTD.","国内","","株式","プライム","サービス業","100","2003-09-03","","1990-09-14","東京都","12月31日","06月30日",""
"2026-05-25","48490","エン","エン","en Inc.","国内","","株式","プライム","サービス業","100","2013-07-16","","2000-01-14","東京都","03月31日","09月30日",""
"2026-05-25","48750","メディシノバ・インク","メディシノバ","MediciNova,Inc.","国外","アメリカ合衆国","株式","スタンダード","医薬品","100","2013-07-16","","2000-09-26","","12月31日","06月30日",""
"2026-05-25","48800","セルソース","セルソース","CellSource Co.,Ltd.","国内","","株式","スタンダード","医薬品","100","2019-10-28","","2015-11-30","東京都","10月31日","04月30日",""
"2026-05-25","48810","ファンペップ","Ｇ－ファンペップ","FunPep Company Limited","国内","","株式","グロース","医薬品","100","2020-12-25","","2013-10-11","東京都","12月31日","06月30日",""
"2026-05-25","48820","ペルセウスプロテオミクス","Ｇ－ペルセウス","Perseus Proteomics Inc.","国内","","株式","グロース","医薬品","100","2021-06-22","","2001-02-01","東京都","03月31日","09月30日",""
"2026-05-25","48830","モダリス","Ｇ－モダリス","Modalis Therapeutics Corporation","国内","","株式","グロース","医薬品","100","2020-08-03","","2016-01-14","東京都","12月31日","06月30日",""
"2026-05-25","48840","クリングルファーマ","Ｇ－クリングル","Kringle Pharma,Inc.","国内","","株式","グロース","医薬品","100","2020-12-28","","2001-12-21","大阪府","09月30日","03月31日",""
"2026-05-25","48850","室町ケミカル","室町ケミカル","MUROMACHI CHEMICALS INC.","国内","","株式","スタンダード","医薬品","100","2021-02-26","","1947-07-07","福岡県","05月31日","11月30日",""
"2026-05-25","48860","あすか製薬ホールディングス","あすか製薬ＨＤ","ASKA Pharmaceutical Holdings Co.,Ltd.","国内","","株式","プライム","医薬品","100","2021-04-01","","2021-04-01","東京都","03月31日","09月30日",""
"2026-05-25","48870","サワイグループホールディングス","サワイグループＨＤ","SAWAI GROUP HOLDINGS Co.,Ltd.","国内","","株式","プライム","医薬品","100","2021-04-01","","2021-04-01","大阪府","03月31日","09月30日",""
"2026-05-25","48880","ステラファーマ","Ｇ－ステラファーマ","STELLA PHARMA CORPORATION","国内","","株式","グロース","医薬品","100","2021-04-22","","2007-06-01","大阪府","03月31日","09月30日",""
"2026-05-25","48890","レナサイエンス","Ｇ－レナサイエンス","Renascience Inc.","国内","","株式","グロース","医薬品","100","2021-09-24","","2000-02-15","宮城県","03月31日","09月30日",""
"2026-05-25","48900","坪田ラボ","Ｇ－坪田ラボ","Tsubota Laboratory Incorporated","国内","","株式","グロース","医薬品","100","2022-06-23","","2012-05-28","東京都","03月31日","09月30日",""
"2026-05-25","48910","ティムス","Ｇ－ティムス","TMS Co.,Ltd.","国内","","株式","グロース","医薬品","100","2022-11-22","","2005-02-17","東京都","12月31日","06月30日",""
"2026-05-25","48920","サイフューズ","Ｇ－サイフューズ","Cyfuse Biomedical K.K.","国内","","株式","グロース","医薬品","100","2022-12-01","","2010-08-11","東京都","12月31日","06月30日",""
"2026-05-25","48930","ノイルイミューン・バイオテック","Ｇ－ノイルイミューン","Noile-Immune Biotech Inc.","国内","","株式","グロース","医薬品","100","2023-06-28","","2015-04-16","東京都","12月31日","06月30日",""
"2026-05-25","48940","クオリプス","Ｇ－クオリプス","Cuorips Inc.","国内","","株式","グロース","医薬品","100","2023-06-27","","2017-03-21","東京都","03月31日","09月30日",""
"2026-05-25","48960","ケイファーマ","Ｇ－ケイファーマ","K Pharma,Inc.","国内","","株式","グロース","医薬品","100","2023-10-17","","2016-11-01","東京都","12月31日","06月30日",""
"2026-05-25","49010","富士フイルムホールディングス","富士フイルム","FUJIFILM Holdings Corporation","国内","","株式","プライム","化学","100","1949-05-16","","1934-01-20","東京都","03月31日","09月30日",""
"2026-05-25","49020","コニカミノルタ","コニカミノルタ","KONICA MINOLTA,INC.","国内","","株式","プライム","電気機器","100","1949-05-16","","1936-11-22","東京都","03月31日","09月30日",""
"2026-05-25","49110","資生堂","資生堂","Shiseido Company,Limited","国内","","株式","プライム","化学","100","1949-05-16","","1927-06-24","東京都","12月31日","06月30日",""
"2026-05-25","49120","ライオン","ライオン","Lion Corporation","国内","","株式","プライム","化学","100","1949-09-15","","1918-09-03","東京都","12月31日","06月30日",""
"2026-05-25","49140","高砂香料工業","高砂香料","TAKASAGO INTERNATIONAL CORPORATION","国内","","株式","プライム","化学","100","1963-01-04","","1951-02-01","東京都","03月31日","09月30日",""
"2026-05-25","49170","マンダム","マンダム","MANDOM CORPORATION","国内","","株式","上場廃止","化学","100","2002-01-22","2026-05-15","1927-12-23","大阪府","03月31日","09月30日",""
"2026-05-25","49180","アイビー化粧品","アイビー","IVY COSMETICS CORPORATION","国内","","株式","スタンダード","化学","100","2013-07-16","","1975-12-16","東京都","03月31日","09月30日",""
"2026-05-25","49190","ミルボン","ミルボン","Milbon Co.,Ltd.","国内","","株式","プライム","化学","100","2000-07-19","","1960-07-02","東京都","12月31日","06月30日",""
"2026-05-25","49200","日本色材工業研究所","日本色材","Nippon Shikizai,Inc.","国内","","株式","スタンダード","化学","100","2013-07-16","","1957-03-01","東京都","02月末日","08月31日",""
"2026-05-25","49220","コーセーホールディングス","コーセーＨＤ","KOSE Holdings Corporation","国内","","株式","プライム","化学","100","2000-12-04","","1948-06-11","東京都","12月31日","06月30日",""
"2026-05-25","49230","コタ","ＣＯＴＡ","COTA CO.,LTD.","国内","","株式","プライム","化学","100","2013-07-16","","1979-09-27","京都府","03月31日","09月30日",""
"2026-05-25","49250","ハーバー研究所","ＨＡＢＡ","HABA LABORATORIES,INC.","国内","","株式","スタンダード","化学","100","2013-07-16","","1976-05-21","東京都","03月31日","09月30日",""
"2026-05-25","49260","シーボン","シーボン","C'BON COSMETICS Co.,Ltd.","国内","","株式","スタンダード","化学","100","2012-03-22","","1966-01-24","東京都","03月31日","09月30日",""
"2026-05-25","49270","ポーラ・オルビスホールディングス","ポーラオルＨＤ","POLA ORBIS HOLDINGS INC.","国内","","株式","プライム","化学","100","2010-12-10","","2006-09-29","東京都","12月31日","06月30日",""
"2026-05-25","49280","ノエビアホールディングス","ノエビアＨＤ","Noevir Holdings Co.,Ltd.","国内","","株式","プライム","化学","100","2011-03-22","","2011-03-22","兵庫県","09月30日","03月31日",""
"2026-05-25","49290","アジュバンホールディングス","アジュバンＨＤ","ADJUVANT HOLDINGS CO.,LTD.","国内","","株式","スタンダード","化学","100","2012-12-13","","1990-04-10","兵庫県","03月20日","09月20日",""
"2026-05-25","49310","新日本製薬","新日本製薬","Shinnihonseiyaku Co.,Ltd.","国内","","株式","プライム","化学","100","2019-06-27","","1992-03-11","福岡県","09月30日","03月31日",""
"2026-05-25","49320","アルマード","アルマード","ALMADO,INC.","国内","","株式","スタンダード","化学","100","2021-06-24","","2000-10-18","東京都","03月31日","09月30日",""
"2026-05-25","49330","Ｉ－ｎｅ","Ｉｎｅ","I-ne CO.,LTD.","国内","","株式","プライム","化学","100","2020-09-25","","2007-03-28","大阪府","12月31日","06月30日",""
"2026-05-25","49340","プレミアアンチエイジング","Ｇ－Ｐアンチエイジ","Premier Anti-Aging Co.,Ltd.","国内","","株式","グロース","化学","100","2020-10-28","","2009-12-01","東京都","07月31日","01月31日",""
"2026-05-25","49350","リベルタ","リベルタ","LIBERTA CO.,LTD.","国内","","株式","スタンダード","化学","100","2020-12-17","","1997-02-12","東京都","12月31日","06月30日",""
"2026-05-25","49360","アクシージア","アクシージア","AXXZIA Inc.","国内","","株式","スタンダード","化学","100","2021-02-18","","2011-12-21","東京都","07月31日","01月31日",""
"2026-05-25","49370","Ｗａｑｏｏ","Ｇ－Ｗａｑｏｏ","Waqoo Inc.","国内","","株式","グロース","化学","100","2021-06-29","","2005-12-02","東京都","09月30日","03月31日",""
"2026-05-25","49510","エステー","エステー","S.T.CORPORATION","国内","","株式","プライム","化学","100","1986-04-23","","1948-08-31","東京都","03月31日","09月30日",""
"2026-05-25","49560","コニシ","コニシ","KONISHI CO.,LTD.","国内","","株式","プライム","化学","100","1997-09-01","","1925-09-25","大阪府","03月31日","09月30日",""
"2026-05-25","49570","ヤスハラケミカル","ヤスハラケミ","YASUHARA CHEMICAL CO.,LTD.","国内","","株式","上場廃止","化学","100","2000-03-01","2026-03-06","1959-02-24","広島県","03月31日","09月30日",""
"2026-05-25","49580","長谷川香料","長谷川香","T.HASEGAWA CO.,LTD.","国内","","株式","プライム","化学","100","2000-03-27","","1961-12-15","東京都","09月30日","03月31日",""
"2026-05-25","49600","ケミプロ化成","ケミプロ化成","CHEMIPRO KASEI KAISHA,LTD.","国内","","株式","スタンダード","化学","100","2013-07-16","","1949-10-06","兵庫県","03月31日","09月30日",""
"2026-05-25","49660","上村工業","上村工業","C.Uyemura & Co.,Ltd.","国内","","株式","スタンダード","化学","100","2013-07-16","","1933-12-03","大阪府","03月31日","09月30日",""
"2026-05-25","49670","小林製薬","小林製薬","KOBAYASHI PHARMACEUTICAL CO.,LTD.","国内","","株式","プライム","化学","100","2000-08-22","","1919-08-22","大阪府","12月31日","06月30日",""
"2026-05-25","49680","荒川化学工業","荒川化学","ARAKAWA CHEMICAL INDUSTRIES,LTD.","国内","","株式","プライム","化学","100","2000-10-06","","1936-05-31","大阪府","03月31日","09月30日",""
"2026-05-25","49700","東洋合成工業","東洋合成","Toyo Gosei Co.,Ltd.","国内","","株式","スタンダード","化学","100","2013-07-16","","1954-09-27","東京都","03月31日","09月30日",""
"2026-05-25","49710","メック","メック","MEC COMPANY LTD.","国内","","株式","プライム","化学","100","2003-04-07","","1969-05-01","兵庫県","12月31日","06月30日",""
"2026-05-25","49720","綜研化学","綜研化学","Soken Chemical & Engineering Co.,Ltd.","国内","","株式","スタンダード","化学","100","2013-07-16","","1948-09-02","東京都","03月31日","09月30日",""
"2026-05-25","49730","日本高純度化学","高純度化","JAPAN PURE CHEMICAL CO.,LTD.","国内","","株式","プライム","化学","100","2004-03-22","","1991-06-13","東京都","03月31日","09月30日",""
"2026-05-25","49740","タカラバイオ","タカラバイオ","TAKARA BIO INC.","国内","","株式","プライム","化学","100","2004-12-07","","2002-04-01","滋賀県","03月31日","09月30日",""
"2026-05-25","49750","ＪＣＵ","ＪＣＵ","JCU CORPORATION","国内","","株式","プライム","化学","100","2005-12-22","","1968-04-01","東京都","03月31日","09月30日",""
"2026-05-25","49760","東洋ドライルーブ","ドライルーブ","TOYO DRILUBE CO.,LTD.","国内","","株式","スタンダード","化学","100","2013-07-16","","1962-07-31","東京都","06月30日","12月31日",""
"2026-05-25","49770","新田ゼラチン","ニッタゼラチン","Nitta Gelatin Inc.","国内","","株式","スタンダード","化学","100","2011-12-20","","1945-02-10","大阪府","03月31日","09月30日",""
"2026-05-25","49780","リプロセル","Ｇ－リプロセル","ReproCELL Incorporated","国内","","株式","グロース","化学","100","2013-07-16","","2003-02-26","神奈川県","03月31日","09月30日",""
"2026-05-25","49790","ＯＡＴアグリオ","ＯＡＴアグリオ","OAT Agrio Co.,Ltd.","国内","","株式","スタンダード","化学","100","2014-06-25","","2010-09-28","東京都","12月31日","06月30日",""
"2026-05-25","49800","デクセリアルズ","デクセリアルズ","Dexerials Corporation","国内","","株式","プライム","化学","100","2015-07-29","","2012-06-20","栃木県","03月31日","09月30日",""
"2026-05-25","49850","アース製薬","アース製薬","Earth Corporation","国内","","株式","プライム","化学","100","2005-11-30","","1925-08-26","東京都","12月31日","06月30日",""
"2026-05-25","49900","昭和化学工業","昭和化","Showa Chemical Industry Co.,Ltd.","国内","","株式","スタンダード","化学","100","1971-11-15","","1933-11-16","東京都","03月31日","09月30日",""
"2026-05-25","49920","北興化学工業","北興化","HOKKO CHEMICAL INDUSTRY CO.,LTD.","国内","","株式","スタンダード","化学","100","1961-10-02","","1950-02-27","東京都","11月30日","05月31日",""
"2026-05-25","49940","大成ラミックグループ","大成ラミックＧ","Taisei Lamick Group Head Quarter & Innovation Co.,Ltd.","国内","","株式","スタンダード","化学","100","2002-04-12","","1943-11-06","埼玉県","03月31日","09月30日",""
"2026-05-25","49960","クミアイ化学工業","クミアイ化","KUMIAI CHEMICAL INDUSTRY CO.,LTD.","国内","","株式","プライム","化学","100","1962-11-07","","1949-06-20","東京都","10月31日","04月30日",""
"2026-05-25","49970","日本農薬","日農薬","NIHON NOHYAKU CO.,LTD.","国内","","株式","プライム","化学","100","1963-07-05","","1926-02-10","東京都","03月31日","09月30日",""
"2026-05-25","49980","フマキラー","フマキラー","FUMAKILLA LIMITED","国内","","株式","スタンダード","化学","100","1964-05-19","","1950-12-25","東京都","03月31日","09月30日",""
"2026-05-25","50090","富士興産","富士興産","FUJI KOSAN COMPANY,LTD.","国内","","株式","上場廃止","卸売業","100","1970-05-20","2025-09-29","1949-09-17","東京都","03月31日","09月30日",""
"2026-05-25","50100","日本精蝋","日精蝋","NIPPON SEIRO CO.,LTD.","国内","","株式","スタンダード","石油・石炭製品","100","1963-07-02","","1951-02-10","東京都","12月31日","06月30日",""
"2026-05-25","50110","ニチレキグループ","ニチレキＧ","NICHIREKI GROUP CO.,LTD.","国内","","株式","プライム","石油・石炭製品","100","1970-01-19","","1949-09-12","東京都","03月31日","09月30日",""
"2026-05-25","50130","ユシロ","ユシロ","Yushiro Inc.","国内","","株式","スタンダード","石油・石炭製品","100","1985-12-18","","1944-07-24","東京都","03月31日","09月30日",""
"2026-05-25","50150","ビーピー・カストロール","ＢＰカストロール","BP Castrol K.K.","国内","","株式","スタンダード","石油・石炭製品","100","2000-03-21","","1978-09-22","東京都","12月31日","06月30日",""
"2026-05-25","50170","富士石油","富士石油","Fuji Oil Company,Ltd.","国内","","株式","上場廃止","石油・石炭製品","100","2003-01-30","2026-01-20","2003-01-31","東京都","03月31日","09月30日",""
"2026-05-25","50180","ＭＯＲＥＳＣＯ","ＭＯＲＥＳＣＯ","MORESCO Corporation","国内","","株式","スタンダード","石油・石炭製品","100","2008-07-29","","1958-10-27","兵庫県","02月末日","08月31日",""
"2026-05-25","50190","出光興産","出光興産","Idemitsu Kosan Co.,Ltd.","国内","","株式","プライム","石油・石炭製品","100","2006-10-24","","1940-03-30","東京都","03月31日","09月30日",""
"2026-05-25","50200","ＥＮＥＯＳホールディングス","ＥＮＥＯＳ","ENEOS Holdings,Inc.","国内","","株式","プライム","石油・石炭製品","100","2010-04-01","","2010-04-01","東京都","03月31日","09月30日",""
"2026-05-25","50210","コスモエネルギーホールディングス","コスモエネルギーＨＤ","COSMO ENERGY HOLDINGS COMPANY,LIMITED","国内","","株式","プライム","石油・石炭製品","100","2015-10-01","","2015-10-01","東京都","03月31日","09月30日",""
"2026-05-25","50220","レボインターナショナル","Ｐ－レボインター","REVO International Inc.","国内","","株式","TOKYO PRO Market","石油・石炭製品","100","2023-10-31","","1999-10-05","京都府","03月31日","09月30日",""
"2026-05-25","50250","マーキュリー","Ｇ－マーキュリー","MERCURY Inc.","国内","","株式","グロース","情報・通信業","100","2022-02-25","","1991-05-24","東京都","02月末日","08月31日",""
"2026-05-25","50260","トリプルアイズ","Ｇ－トリプルアイズ","TRIPLEIZE CO.,LTD.","国内","","株式","グロース","情報・通信業","100","2022-05-31","","2008-09-03","東京都","08月31日","02月末日",""
"2026-05-25","50270","ＡｎｙＭｉｎｄ　Ｇｒｏｕｐ","Ｇ－ＡｎｙＭｉｎｄ","AnyMind Group Inc.","国内","","株式","グロース","情報・通信業","100","2023-03-29","","2019-12-26","東京都","12月31日","06月30日",""
"2026-05-25","50280","セカンドサイトアナリティカ","Ｇ－セカンドサイト","SecondXight Analytica,Inc.","国内","","株式","グロース","情報・通信業","100","2022-04-04","","2016-06-01","東京都","12月31日","06月30日",""
"2026-05-25","50290","サークレイス","Ｇ－サークレイス","circlace Inc","国内","","株式","グロース","情報・通信業","100","2022-04-12","","2012-11-01","東京都","03月31日","09月30日",""
"2026-05-25","50310","モイ","Ｇ－モイ","Moi Corporation","国内","","株式","グロース","情報・通信業","100","2022-04-27","","2012-02-29","東京都","01月31日","07月31日",""
"2026-05-25","50320","ＡＮＹＣＯＬＯＲ","ＡＮＹＣＯＬＯＲ","ANYCOLOR Inc.","国内","","株式","プライム","情報・通信業","100","2022-06-08","","2017-05-02","東京都","04月30日","10月31日",""
"2026-05-25","50330","ヌーラボ","Ｇ－ヌーラボ","Nulab Inc.","国内","","株式","グロース","情報・通信業","100","2022-06-28","","2004-03-29","福岡県","03月31日","09月30日",""
"2026-05-25","50340","ｕｎｅｒｒｙ","Ｇ－ｕｎｅｒｒｙ","unerry,Inc.","国内","","株式","グロース","情報・通信業","100","2022-07-28","","2015-08-20","東京都","06月30日","12月31日",""
"2026-05-25","50350","ＨＯＵＳＥＩ","Ｇ－ＨＯＵＳＥＩ","HOUSEI Inc.","国内","","株式","グロース","情報・通信業","100","2022-07-28","","1996-03-15","東京都","12月31日","06月30日",""
"2026-05-25","50360","日本ビジネスシステムズ","日本ビジネスシステム","Japan Business Systems,Inc.","国内","","株式","プライム","情報・通信業","100","2022-08-02","","1990-10-04","東京都","09月30日","03月31日",""
"2026-05-25","50370","フィットワークス","Ｐ－フィットワークス","Fitworks Co.,Ltd.","国内","","株式","TOKYO PRO Market","情報・通信業","100","2022-08-26","","2006-05-23","大阪府","11月30日","05月31日",""
"2026-05-25","50380","ｅＷｅＬＬ","Ｇ－ｅＷｅＬＬ","eWeLL Co.,Ltd.","国内","","株式","グロース","情報・通信業","100","2022-09-16","","2012-06-11","大阪府","12月31日","06月30日",""
"2026-05-25","50700","ドラフト","Ｇ－ドラフト","DRAFT Inc.","国内","","株式","上場廃止","建設業","100","2020-03-17","2025-12-12","2008-04-01","東京都","12月31日","06月30日",""
"2026-05-25","50710","ヴィス","ヴィス","VIS co.ltd.","国内","","株式","スタンダード","サービス業","100","2020-03-25","","1998-04-13","大阪府","03月31日","09月30日",""
"2026-05-25","50720","アートフォースジャパン","Ｐ－アートフォース","ART FORCE JAPAN Co.,Ltd.","国内","","株式","TOKYO PRO Market","建設業","100","2020-10-21","","1990-01-22","静岡県","12月31日","06月30日",""
"2026-05-25","50740","テスホールディングス","テスホールディングス","TESS Holdings Co.,Ltd.","国内","","株式","プライム","建設業","100","2021-04-27","","2009-07-09","大阪府","06月30日","12月31日",""
"2026-05-25","50760","インフロニア・ホールディングス","インフロニアＨＤ","INFRONEER Holdings Inc.","国内","","株式","プライム","建設業","100","2021-10-01","","2021-10-01","東京都","03月31日","09月30日",""
"2026-05-25","50770","ハンズ","Ｐ－ハンズ","Hands Co.,Ltd.","国内","","株式","TOKYO PRO Market","建設業","100","2022-02-17","","1990-07-11","東京都","06月30日","12月31日",""
"2026-05-25","50780","セレコーポレーション","セレコーポレーション","CEL Corporation","国内","","株式","スタンダード","建設業","100","2022-03-11","","1993-08-05","東京都","02月末日","08月31日",""
"2026-05-25","50790","ノバック","ノバック","NOVAC CO.,LTD.","国内","","株式","スタンダード","建設業","100","2022-03-31","","1965-04-28","兵庫県","04月30日","10月31日",""
"2026-05-25","51010","横浜ゴム","浜ゴム","The Yokohama Rubber Company,Limited","国内","","株式","プライム","ゴム製品","100","1950-04-24","","1917-10-13","神奈川県","12月31日","06月30日",""
"2026-05-25","51030","昭和ホールディングス","昭和ＨＤ","Showa Holdings Co.,Ltd.","国内","","株式","スタンダード","ゴム製品","100","1952-12-20","","1937-06-01","千葉県","03月31日","09月30日",""
"2026-05-25","51050","ＴＯＹＯ　ＴＩＲＥ","ＴＯＹＯ　ＴＩＲＥ","Toyo Tire Corporation","国内","","株式","プライム","ゴム製品","100","1955-05-25","","1943-12-04","兵庫県","12月31日","06月30日",""
"2026-05-25","51080","ブリヂストン","ブリヂス","BRIDGESTONE CORPORATION","国内","","株式","プライム","ゴム製品","100","1961-10-02","","1931-03-01","東京都","12月31日","06月30日",""
"2026-05-25","51100","住友ゴム工業","住友ゴム","Sumitomo Rubber Industries,Ltd.","国内","","株式","プライム","ゴム製品","100","1975-01-14","","1917-03-06","兵庫県","12月31日","06月30日",""
"2026-05-25","51210","藤倉コンポジット","藤コンポ","FUJIKURA COMPOSITES Inc.","国内","","株式","プライム","ゴム製品","100","1949-05-16","","1920-04-01","東京都","03月31日","09月30日",""
"2026-05-25","51220","オカモト","オカモト","OKAMOTO INDUSTRIES,INC.","国内","","株式","プライム","ゴム製品","100","1949-06-10","","1934-01-10","東京都","03月31日","09月30日",""
"2026-05-25","51250","ファインズ","Ｇ－ファインズ","Fines inc.","国内","","株式","グロース","情報・通信業","100","2022-09-28","","2019-03-15","東京都","06月30日","12月31日",""
"2026-05-25","51260","ポーターズ","Ｇ－ポーターズ","PORTERS CORPORATION","国内","","株式","グロース","情報・通信業","100","2022-09-29","","2001-08-29","東京都","12月31日","06月30日",""
"2026-05-25","51290","ＦＩＸＥＲ","Ｇ－ＦＩＸＥＲ","FIXER Inc.","国内","","株式","グロース","情報・通信業","100","2022-10-06","","2008-09-04","東京都","08月31日","02月末日",""
"2026-05-25","51300","ヒロホールディングス","Ｐ－ヒロＨＤ","HiroHoldings Co.,ltd.","国内","","株式","TOKYO PRO Market","情報・通信業","100","2022-09-28","","1990-12-13","奈良県","08月31日","02月末日",""
"2026-05-25","51310","リンカーズ","Ｇ－リンカーズ","Linkers Corporation","国内","","株式","グロース","情報・通信業","100","2022-10-26","","2011-09-01","東京都","07月31日","01月31日",""
"2026-05-25","51320","ｐｌｕｓｚｅｒｏ","Ｇ－ｐｌｕｓｚｅｒｏ","pluszero,Inc.","国内","","株式","グロース","情報・通信業","100","2022-10-28","","2018-07-10","東京都","10月31日","04月30日",""
"2026-05-25","51330","テリロジーホールディングス","テリロジーＨＤ","Terilogy Holdings Corporation","国内","","株式","スタンダード","情報・通信業","100","2022-11-01","","2022-11-01","東京都","03月31日","09月30日",""
"2026-05-25","51340","ＰＯＰＥＲ","Ｇ－ＰＯＰＥＲ","POPER Co.,Ltd.","国内","","株式","グロース","情報・通信業","100","2022-11-15","","2015-01-15","東京都","10月31日","04月30日",""
"2026-05-25","51350","ＡＩＲ－Ｕ","Ｐ－ＡＩＲ－Ｕ","AIR-U LTD.","国内","","株式","TOKYO PRO Market","情報・通信業","100","2022-11-04","","2017-01-12","東京都","12月31日","06月30日",""
"2026-05-25","51360","ｔｒｉｐｌａ","Ｇ－ｔｒｉｐｌａ","tripla Co.,Ltd.","国内","","株式","グロース","情報・通信業","100","2022-11-25","","2015-04-15","東京都","10月31日","04月30日",""
"2026-05-25","51370","スマートドライブ","Ｇ－スマートドライブ","SmartDrive inc.","国内","","株式","グロース","情報・通信業","100","2022-12-15","","2013-10-01","東京都","09月30日","03月31日",""
"2026-05-25","51380","Ｒｅｂａｓｅ","Ｇ－Ｒｅｂａｓｅ","Rebase,Inc.","国内","","株式","グロース","情報・通信業","100","2022-12-16","","2014-04-08","東京都","03月31日","09月30日",""
"2026-05-25","51390","オープンワーク","Ｇ－オープンワーク","OpenWork Inc.","国内","","株式","グロース","情報・通信業","100","2022-12-16","","2007-06-18","東京都","12月31日","06月30日",""
"2026-05-25","51420","アキレス","アキレス","Achilles Corporation","国内","","株式","プライム","化学","100","1961-10-02","","1947-05-30","東京都","03月31日","09月30日",""
"2026-05-25","51610","西川ゴム工業","西川ゴム","NISHIKAWA RUBBER CO.,LTD.","国内","","株式","スタンダード","ゴム製品","100","2000-03-01","","1949-04-26","広島県","03月31日","09月30日",""
"2026-05-25","51620","朝日ラバー","朝日ラバー","ASAHI RUBBER INC.","国内","","株式","スタンダード","ゴム製品","100","2013-07-16","","1976-06-22","埼玉県","03月31日","09月30日",""
"2026-05-25","51840","ニチリン","ニチリン","NICHIRIN CO.,LTD.","国内","","株式","スタンダード","ゴム製品","100","2013-07-16","","1924-03-08","兵庫県","12月31日","06月30日",""
"2026-05-25","51850","フコク","フコク","Fukoku Co.,Ltd.","国内","","株式","プライム","ゴム製品","100","2004-03-01","","1953-12-24","埼玉県","03月31日","09月30日",""
"2026-05-25","51860","ニッタ","ニッタ","Nitta Corporation","国内","","株式","プライム","ゴム製品","100","1996-09-05","","1945-02-10","大阪府","03月31日","09月30日",""
"2026-05-25","51870","クリエートメディック","クリエート","CREATE MEDIC CO.,LTD.","国内","","株式","スタンダード","精密機器","100","2000-07-19","","1974-08-12","神奈川県","12月31日","06月30日",""
"2026-05-25","51890","櫻護謨","桜ゴム","SAKURA RUBBER CO.,LTD.","国内","","株式","スタンダード","ゴム製品","100","1964-03-17","","1918-05-20","東京都","03月31日","09月30日",""
"2026-05-25","51910","住友理工","住友理工","Sumitomo Riko Company Limited","国内","","株式","上場廃止","ゴム製品","100","1994-02-17","2026-01-29","1929-12-20","愛知県","03月31日","09月30日",""
"2026-05-25","51920","三ツ星ベルト","三星ベルト","Mitsuboshi Belting Ltd.","国内","","株式","プライム","ゴム製品","100","1962-07-25","","1932-10-10","兵庫県","03月31日","09月30日",""
"2026-05-25","51940","相模ゴム工業","相模ゴム","SAGAMI RUBBER INDUSTRIES CO.,LTD.","国内","","株式","スタンダード","ゴム製品","100","1961-10-02","","1944-12-11","神奈川県","03月31日","09月30日",""
"2026-05-25","51950","バンドー化学","バンドー化","Bando Chemical Industries,Ltd.","国内","","株式","プライム","ゴム製品","100","1970-10-20","","1937-01-07","兵庫県","03月31日","09月30日",""
"2026-05-25","51990","不二ラテックス","不二ラテ","FUJI LATEX CO.,LTD.","国内","","株式","スタンダード","ゴム製品","100","2013-07-16","","1949-03-02","東京都","03月31日","09月30日",""
"2026-05-25","52010","ＡＧＣ","ＡＧＣ","AGC Inc.","国内","","株式","プライム","ガラス・土石製品","100","1950-06-12","","1950-06-01","東京都","12月31日","06月30日",""
"2026-05-25","52020","日本板硝子","板硝子","Nippon Sheet Glass Company,Limited","国内","","株式","プライム","ガラス・土石製品","100","1950-06-28","","1918-11-22","東京都","03月31日","09月30日",""
"2026-05-25","52040","石塚硝子","石塚硝","ISHIZUKA GLASS CO.,LTD.","国内","","株式","スタンダード","ガラス・土石製品","100","1962-10-10","","1941-04-16","愛知県","03月20日","09月20日",""
"2026-05-25","52080","有沢製作所","有沢製","Arisawa Mfg.Co.,Ltd.","国内","","株式","プライム","化学","100","1961-10-02","","1949-07-01","新潟県","03月31日","09月30日",""
"2026-05-25","52100","日本山村硝子","日山村硝","Nihon Yamamura Glass Co.,Ltd.","国内","","株式","スタンダード","ガラス・土石製品","100","1962-11-01","","1941-12-11","兵庫県","03月31日","09月30日",""
"2026-05-25","52140","日本電気硝子","日電硝","Nippon Electric Glass Co.,Ltd.","国内","","株式","プライム","ガラス・土石製品","100","1973-04-23","","1944-10-31","滋賀県","12月31日","06月30日",""
"2026-05-25","52160","倉元製作所","倉元","KURAMOTO CO.,LTD.","国内","","株式","スタンダード","ガラス・土石製品","100","2013-07-16","","1980-08-29","宮城県","12月31日","06月30日",""
"2026-05-25","52180","オハラ","オハラ","OHARA INC.","国内","","株式","スタンダード","ガラス・土石製品","100","2005-10-21","","1941-11-01","神奈川県","10月31日","04月30日",""
"2026-05-25","52320","住友大阪セメント","住友大阪","Sumitomo Osaka Cement Co.,Ltd.","国内","","株式","プライム","ガラス・土石製品","100","1949-05-16","","1907-11-29","東京都","03月31日","09月30日",""
"2026-05-25","52330","太平洋セメント","太平洋セメ","TAIHEIYO CEMENT CORPORATION","国内","","株式","プライム","ガラス・土石製品","100","1949-05-16","","1881-05-03","東京都","03月31日","09月30日",""
"2026-05-25","52370","ノザワ","ノザワ","NOZAWA CORPORATION","国内","","株式","スタンダード","ガラス・土石製品","100","2013-07-16","","1913-09-28","兵庫県","03月31日","09月30日",""
"2026-05-25","52400","ｍｏｎｏＡＩ　ｔｅｃｈｎｏｌｏｇｙ","Ｇ－ｍｏｎｏＡＩ","monoAI technology Co.,Ltd.","国内","","株式","グロース","情報・通信業","100","2022-12-20","","2013-01-04","兵庫県","12月31日","06月30日",""
"2026-05-25","52420","アイズ","Ｇ－アイズ","EYEZ,INC.","国内","","株式","グロース","情報・通信業","100","2022-12-21","","2007-02-14","東京都","12月31日","06月30日",""
"2026-05-25","52430","ｎｏｔｅ","Ｇ－ｎｏｔｅ","note inc.","国内","","株式","グロース","情報・通信業","100","2022-12-21","","2011-12-08","東京都","11月30日","05月31日",""
"2026-05-25","52440","ｊｉｇ．ｊｐ","Ｇ－ｊｉｇ．ｊｐ","jig.jp co.,ltd.","国内","","株式","グロース","情報・通信業","100","2022-12-22","","2003-05-28","東京都","03月31日","09月30日",""
"2026-05-25","52460","ＥＬＥＭＥＮＴＳ","Ｇ－ＥＬＥＭＥＮＴＳ","ELEMENTS,Inc.","国内","","株式","グロース","情報・通信業","100","2022-12-27","","2013-12-24","東京都","11月30日","05月31日",""
"2026-05-25","52470","ＢＴＭ","Ｇ－ＢＴＭ","BTM,Inc.","国内","","株式","グロース","情報・通信業","100","2022-12-27","","2011-08-04","東京都","03月31日","09月30日",""
"2026-05-25","52480","テクノロジーズ","Ｇ－テクノロジーズ","TECHNOLOGIES,Inc.","国内","","株式","グロース","情報・通信業","100","2023-01-26","","2014-08-05","東京都","01月31日","07月31日",""
"2026-05-25","52490","あさかわシステムズ","Ｐ－あさかわシス","Asakawa Systems Co.,Ltd.","国内","","株式","TOKYO PRO Market","情報・通信業","100","2023-01-26","","1984-07-04","大阪府","03月31日","09月30日",""
"2026-05-25","52500","ＧＭＯプライム・ストラテジー","ＧＭＯプライム","GMO PRIME STRATEGY CO.,LTD.","国内","","株式","スタンダード","情報・通信業","100","2023-02-22","","2002-12-02","東京都","12月31日","","2026-12-31"
"2026-05-25","52510","ウイズ・ワン","Ｐ－ウイズ・ワン","WISS1 Co.,Ltd.","国内","","株式","TOKYO PRO Market","情報・通信業","100","2023-03-16","","1999-01-04","東京都","12月31日","06月30日",""
"2026-05-25","52520","日本ナレッジ","Ｇ－日本ナレッジ","Nihon Knowledge Co,Ltd.","国内","","株式","グロース","情報・通信業","100","2023-03-23","","1985-10-22","東京都","03月31日","09月30日",""
"2026-05-25","52530","カバー","Ｇ－カバー","COVER Corporation","国内","","株式","グロース","情報・通信業","100","2023-03-27","","2016-06-13","東京都","03月31日","09月30日",""
"2026-05-25","52540","Ａｒｅｎｔ","Ｇ－Ａｒｅｎｔ","Arent Inc.","国内","","株式","グロース","情報・通信業","100","2023-03-28","","2012-07-02","東京都","06月30日","12月31日",""
"2026-05-25","52550","モンスターラボ","Ｇ－モンスターラボ","Monstarlab Inc.","国内","","株式","グロース","情報・通信業","100","2023-03-28","","2006-02-03","東京都","12月31日","06月30日",""
"2026-05-25","52560","Ｆｕｓｉｃ","Ｇ－Ｆｕｓｉｃ","Fusic Co.,Ltd.","国内","","株式","グロース","情報・通信業","100","2023-03-31","","2003-10-10","福岡県","06月30日","12月31日",""
"2026-05-25","52570","ノバシステム","ノバシステム","NOVA SYSTEM CO.,LTD.","国内","","株式","スタンダード","情報・通信業","100","2023-03-30","","1982-09-10","大阪府","12月31日","06月30日",""
"2026-05-25","52580","トランザクション・メディア・ネットワークス","Ｇ－ＴＭＮ","Transaction Media Networks Inc.","国内","","株式","グロース","情報・通信業","100","2023-04-04","","2008-03-03","東京都","03月31日","09月30日",""
"2026-05-25","52590","ＢＢＤイニシアティブ","Ｇ－ＢＢＤＩ","BBD Initiative Inc.","国内","","株式","上場廃止","情報・通信業","100","2023-04-03","2026-04-28","2023-04-03","東京都","09月30日","03月31日",""
"2026-05-25","52610","リソルホールディングス","リソル","RESOL HOLDINGS Co.,Ltd.","国内","","株式","プライム","サービス業","100","1949-05-16","","1931-02-27","東京都","03月31日","09月30日",""
"2026-05-25","52620","日本ヒューム","日ヒューム","Nippon Hume Corporation","国内","","株式","プライム","ガラス・土石製品","100","1949-05-16","","1925-10-20","東京都","03月31日","09月30日",""
"2026-05-25","52680","旭コンクリート工業","旭コンクリ","ASAHI CONCRETE WORKS CO.,LTD.","国内","","株式","スタンダード","ガラス・土石製品","100","1961-10-02","","1923-11-14","東京都","03月31日","09月30日",""
"2026-05-25","52690","日本コンクリート工業","日コンクリ","NIPPON CONCRETE INDUSTRIES CO.,LTD.","国内","","株式","プライム","ガラス・土石製品","100","1961-10-02","","1948-08-05","東京都","03月31日","09月30日",""
"2026-05-25","52710","トーヨーアサノ","トーヨーアサノ","TOYO ASANO FOUNDATION CO.,LTD.","国内","","株式","スタンダード","ガラス・土石製品","100","1962-09-03","","1951-12-24","静岡県","02月末日","08月31日",""
"2026-05-25","52730","三谷セキサン","三谷セキサン","MITANI SEKISAN CO.,LTD.","国内","","株式","スタンダード","ガラス・土石製品","100","2013-07-16","","1946-02-26","福井県","03月31日","09月30日",""
"2026-05-25","52790","日本興業","日本興業","NIHON KOGYO CO.,LTD.","国内","","株式","スタンダード","ガラス・土石製品","100","2013-07-16","","1956-08-10","香川県","03月31日","09月30日",""
"2026-05-25","52800","ヨシコン","ヨシコン","Yoshicon Co.,Ltd.","国内","","株式","スタンダード","不動産業","100","2013-07-16","","1969-01-13","静岡県","03月31日","09月30日",""
"2026-05-25","52820","ジオスター","ジオスター","GEOSTR Corporation","国内","","株式","スタンダード","ガラス・土石製品","100","1995-04-11","","1970-03-05","東京都","03月31日","09月30日",""
"2026-05-25","52830","高見澤","高見澤","TAKAMISAWA CO.,LTD.","国内","","株式","スタンダード","卸売業","100","2013-07-16","","1951-03-29","長野県","06月30日","12月31日",""
"2026-05-25","52840","ヤマウホールディングス","ヤマウＨＤ","YAMAU HOLDINGS CO.,LTD.","国内","","株式","スタンダード","ガラス・土石製品","100","2013-07-16","","1968-02-16","福岡県","03月31日","09月30日",""
"2026-05-25","52850","ヤマックス","ヤマックス","YAMAX Corp.","国内","","株式","スタンダード","ガラス・土石製品","100","2013-07-16","","1963-10-10","熊本県","03月31日","09月30日",""
"2026-05-25","52870","イトーヨーギョー","イトーヨーギョー","ITO YOGYO CO.,LTD.","国内","","株式","スタンダード","ガラス・土石製品","100","2013-07-16","","1950-12-25","大阪府","03月31日","09月30日",""
"2026-05-25","52880","アジアパイルホールディングス","アジアパイルＨＤ","ASIA PILE HOLDINGS CORPORATION","国内","","株式","プライム","ガラス・土石製品","100","2009-02-06","","2005-04-01","東京都","03月31日","09月30日",""
"2026-05-25","52900","ベルテクスコーポレーション","ベルテクス","Vertex Corporation","国内","","株式","スタンダード","ガラス・土石製品","100","2018-10-01","","2018-10-01","東京都","03月31日","09月30日",""
"2026-05-25","53010","東海カーボン","東海カーボン","TOKAI CARBON CO.,LTD.","国内","","株式","プライム","ガラス・土石製品","100","1949-05-16","","1918-04-08","東京都","12月31日","06月30日",""
"2026-05-25","53020","日本カーボン","日カーボン","Nippon Carbon Co.,Ltd.","国内","","株式","プライム","ガラス・土石製品","100","1949-05-16","","1915-12-20","東京都","12月31日","06月30日",""
"2026-05-25","53040","ＳＥＣカーボン","ＳＥＣカーボン","SEC CARBON,LIMITED","国内","","株式","スタンダード","ガラス・土石製品","100","2013-07-16","","1934-10-23","兵庫県","03月31日","09月30日",""
"2026-05-25","53100","東洋炭素","東洋炭素","TOYO TANSO CO.,LTD.","国内","","株式","プライム","ガラス・土石製品","100","2006-03-29","","1947-07-31","大阪府","12月31日","06月30日",""
"2026-05-25","53310","ノリタケ","ノリタケ","NORITAKE CO.,LIMITED","国内","","株式","プライム","ガラス・土石製品","100","1949-05-16","","1917-07-25","愛知県","03月31日","09月30日",""
"2026-05-25","53320","ＴＯＴＯ","ＴＯＴＯ","TOTO LTD.","国内","","株式","プライム","ガラス・土石製品","100","1949-05-16","","1917-05-15","福岡県","03月31日","09月30日",""
"2026-05-25","53330","ＮＧＫ","ＮＧＫ","NGK Corporation","国内","","株式","プライム","ガラス・土石製品","100","1949-05-16","","1919-05-05","愛知県","03月31日","09月30日",""
"2026-05-25","53340","日本特殊陶業","日特殊陶","Niterra Co.,Ltd.","国内","","株式","プライム","ガラス・土石製品","100","1949-05-16","","1936-10-26","愛知県","03月31日","09月30日",""
"2026-05-25","53370","ダントーホールディングス","ダントーＨＤ","DANTO HOLDINGS CORPORATION","国内","","株式","スタンダード","ガラス・土石製品","100","1962-06-08","","1885-08-15","大阪府","12月31日","06月30日",""
"2026-05-25","53410","ＡＳＡＨＩ　ＥＩＴＯホールディングス","ＡＳＡＨＩ　ＥＩＴＯ","ASAHI EITO HOLDINGS CO.,LTD.","国内","","株式","スタンダード","ガラス・土石製品","100","2013-07-16","","1950-12-20","大阪府","11月30日","05月31日",""
"2026-05-25","53440","ＭＡＲＵＷＡ","ＭＡＲＵＷＡ","MARUWA CO.,LTD.","国内","","株式","プライム","ガラス・土石製品","100","1998-12-02","","1973-04-05","愛知県","03月31日","09月30日",""
"2026-05-25","53510","品川リフラ","品川リフラ","SHINAGAWA REFRA CO.,LTD.","国内","","株式","プライム","ガラス・土石製品","100","1949-05-16","","1903-06-25","東京都","03月31日","09月30日",""
"2026-05-25","53520","黒崎播磨","黒崎播磨","KROSAKI HARIMA CORPORATION","国内","","株式","上場廃止","ガラス・土石製品","100","1949-05-16","2026-03-30","1918-10-14","福岡県","03月31日","09月30日",""
"2026-05-25","53550","日本坩堝","日坩堝","Nippon Crucible Co.,Ltd.","国内","","株式","スタンダード","ガラス・土石製品","100","1950-04-07","","1906-12-03","東京都","03月31日","09月30日",""
"2026-05-25","53570","ヨータイ","ヨータイ","YOTAI REFRACTORIES CO.,LTD.","国内","","株式","プライム","ガラス・土石製品","100","2013-07-16","","1936-08-01","大阪府","03月31日","09月30日",""
"2026-05-25","53630","東京窯業","ＴＹＫ","TYK CORPORATION","国内","","株式","スタンダード","ガラス・土石製品","100","1961-10-02","","1947-02-05","東京都","03月31日","09月30日",""
"2026-05-25","53670","ニッカトー","ニッカトー","NIKKATO CORPORATION","国内","","株式","スタンダード","ガラス・土石製品","100","2007-03-19","","1921-05-10","大阪府","03月31日","09月30日",""
"2026-05-25","53680","日本インシュレーション","日本インシュレ","JAPAN INSULATION CO.,LTD.","国内","","株式","スタンダード","ガラス・土石製品","100","2020-03-19","","1949-01-14","大阪府","03月31日","09月30日",""
"2026-05-25","53800","新東","新東","SHINTO COMPANY LIMITED","国内","","株式","スタンダード","ガラス・土石製品","100","2013-07-16","","1963-09-02","愛知県","06月30日","12月31日",""
"2026-05-25","53810","マイポックス","マイポックス","Mipox Corporation","国内","","株式","スタンダード","ガラス・土石製品","100","2013-07-16","","1941-12-12","栃木県","03月31日","09月30日",""
"2026-05-25","53840","フジミインコーポレーテッド","ＦＵＪＩＭＩ","FUJIMI INCORPORATED","国内","","株式","プライム","ガラス・土石製品","100","2007-02-22","","1953-03-20","愛知県","03月31日","09月30日",""
"2026-05-25","53860","鶴弥","鶴弥","TSURUYA CO.,LTD.","国内","","株式","上場廃止","ガラス・土石製品","100","2002-04-04","2026-03-17","1968-02-01","愛知県","03月31日","09月30日",""
"2026-05-25","53880","クニミネ工業","クニミネ工業","KUNIMINE INDUSTRIES CO.,LTD.","国内","","株式","スタンダード","ガラス・土石製品","100","2013-07-16","","1943-06-01","東京都","03月31日","09月30日",""
"2026-05-25","53910","エーアンドエーマテリアル","Ａ＆Ａマテリアル","A&A Material Corporation","国内","","株式","スタンダード","ガラス・土石製品","100","1949-05-16","","1924-03-04","東京都","03月31日","09月30日",""
"2026-05-25","53930","ニチアス","ニチアス","NICHIAS CORPORATION","国内","","株式","プライム","ガラス・土石製品","100","1961-10-02","","1896-04-09","東京都","03月31日","09月30日",""
"2026-05-25","54010","日本製鉄","日本製鉄","NIPPON STEEL CORPORATION","国内","","株式","プライム","鉄鋼","100","1950-10-02","","1950-04-01","東京都","03月31日","09月30日",""
"2026-05-25","54060","神戸製鋼所","神戸鋼","Kobe Steel,Ltd.","国内","","株式","プライム","鉄鋼","100","1949-05-16","","1911-06-28","兵庫県","03月31日","09月30日",""
"2026-05-25","54080","中山製鋼所","中山鋼","NAKAYAMA STEEL WORKS,LTD.","国内","","株式","プライム","鉄鋼","100","1949-05-16","","1923-12-22","大阪府","03月31日","09月30日",""
"2026-05-25","54100","合同製鐵","合同鉄","Godo Steel,Ltd.","国内","","株式","プライム","鉄鋼","100","1961-10-02","","1937-12-09","大阪府","03月31日","09月30日",""
"2026-05-25","54110","ＪＦＥホールディングス","ＪＦＥ","JFE Holdings,Inc.","国内","","株式","プライム","鉄鋼","100","2002-09-26","","2002-09-27","東京都","03月31日","09月30日",""
"2026-05-25","54230","東京製鐵","東製鉄","TOKYO STEEL MANUFACTURING CO.,LTD.","国内","","株式","プライム","鉄鋼","100","1974-07-08","","1934-11-23","東京都","03月31日","09月30日",""
"2026-05-25","54400","共英製鋼","共英製鋼","KYOEI STEEL LTD.","国内","","株式","プライム","鉄鋼","100","2006-12-19","","1947-08-21","大阪府","03月31日","09月30日",""
"2026-05-25","54440","大和工業","大和工","YAMATO KOGYO CO.,LTD.","国内","","株式","プライム","鉄鋼","100","1961-10-02","","1944-11-08","兵庫県","03月31日","09月30日",""
"2026-05-25","54450","東京鐵鋼","東京鉄","TOKYO TEKKO CO.,LTD.","国内","","株式","プライム","鉄鋼","100","1971-06-01","","1939-06-23","東京都","03月31日","09月30日",""
"2026-05-25","54460","北越メタル","北越メタル","HOKUETSU METAL Co.,Ltd.","国内","","株式","スタンダード","鉄鋼","100","2000-03-01","","1942-06-23","新潟県","03月31日","09月30日",""
"2026-05-25","54490","大阪製鐵","大阪製鉄","OSAKA STEEL CO.,LTD.","国内","","株式","スタンダード","鉄鋼","100","1996-11-26","","1978-05-15","大阪府","03月31日","09月30日",""
"2026-05-25","54510","ヨドコウ","ヨドコウ","YODOKO,Ltd.","国内","","株式","プライム","鉄鋼","100","1949-05-16","","1935-01-30","大阪府","03月31日","09月30日",""
"2026-05-25","54580","高砂鐵工","高砂鉄","TAKASAGO TEKKO K.K.","国内","","株式","スタンダード","鉄鋼","100","1961-10-02","","1923-11-16","東京都","03月31日","09月30日",""
"2026-05-25","54610","中部鋼鈑","中部鋼鈑","Chubu Steel Plate Co.,Ltd.","国内","","株式","プライム","鉄鋼","100","2022-12-28","","1950-02-15","愛知県","03月31日","09月30日",""
"2026-05-25","54630","丸一鋼管","丸一鋼管","Maruichi Steel Tube Ltd.","国内","","株式","プライム","鉄鋼","100","1962-07-25","","1947-12-18","大阪府","03月31日","09月30日",""
"2026-05-25","54640","モリ工業","モリ工業","MORY INDUSTRIES INC.","国内","","株式","スタンダード","鉄鋼","100","1980-07-16","","1944-05-29","大阪府","03月31日","09月30日",""
"2026-05-25","54710","大同特殊鋼","大同特鋼","Daido Steel Co.,Ltd.","国内","","株式","プライム","鉄鋼","100","1951-06-05","","1950-02-01","愛知県","03月31日","09月30日",""
"2026-05-25","54760","日本高周波鋼業","高周波","Nippon Koshuha Steel Co.,Ltd.","国内","","株式","上場廃止","鉄鋼","100","1952-02-04","2026-01-29","1950-05-18","東京都","03月31日","09月30日",""
"2026-05-25","54800","日本冶金工業","冶金工","Nippon Yakin kogyo Co.,Ltd.","国内","","株式","プライム","鉄鋼","100","1949-05-16","","1925-08-22","東京都","03月31日","09月30日",""
"2026-05-25","54820","愛知製鋼","愛知鋼","AICHI STEEL CORPORATION","国内","","株式","プライム","鉄鋼","100","1961-09-06","","1940-03-08","愛知県","03月31日","09月30日",""
"2026-05-25","54840","東北特殊鋼","東北鋼","Tohoku Steel Co.,Ltd.","国内","","株式","スタンダード","鉄鋼","100","2013-07-16","","1937-04-20","宮城県","03月31日","09月30日",""
"2026-05-25","54910","日本金属","日本金属","NIPPON KINZOKU CO.,LTD.","国内","","株式","スタンダード","鉄鋼","100","1949-05-16","","1939-12-02","東京都","03月31日","09月30日",""
"2026-05-25","55250","フロンティアホールディングス","Ｐ－フロンティアＨＤ","Frontier Holdings Co.,Ltd.","国内","","株式","TOKYO PRO Market","不動産業","100","2022-09-14","","2007-10-04","大阪府","12月31日","06月30日",""
"2026-05-25","55270","ｐｒｏｐｅｒｔｙ　ｔｅｃｈｎｏｌｏｇｉｅｓ","Ｇ－ｐｒｏｐｅｔｅｃ","property technologies Inc.","国内","","株式","グロース","不動産業","100","2022-12-13","","2020-11-16","東京都","11月30日","05月31日",""
"2026-05-25","55280","フロンティアハウス","Ｐ－フロンティアＨＳ","Frontier House Co.,Ltd.","国内","","株式","TOKYO PRO Market","不動産業","100","2022-12-28","","1999-04-08","神奈川県","06月30日","12月31日",""
"2026-05-25","55310","中山不動産","Ｐ－中山不動産","NAKAYAMA FUDOUSAN Co.,Ltd.","国内","","株式","TOKYO PRO Market","不動産業","100","2023-04-26","","2009-02-05","愛知県","01月31日","07月31日",""
"2026-05-25","55320","リアルゲイト","Ｇ－リアルゲイト","REALGATE INC.","国内","","株式","グロース","不動産業","100","2023-06-22","","2009-08-24","東京都","09月30日","03月31日",""
"2026-05-25","55330","エリッツホールディングス","エリッツＨＤ","Elitz Holdings Co.,Ltd.","国内","","株式","スタンダード","不動産業","100","2023-06-27","","2012-03-23","京都府","09月30日","03月31日",""
"2026-05-25","55340","エンゼルグループ","Ｐ－エンゼルグループ","Angel Group Inc.","国内","","株式","TOKYO PRO Market","不動産業","100","2023-09-21","","2020-09-01","東京都","08月31日","02月末日",""
"2026-05-25","55350","ミガロホールディングス","ミガロＨＤ","MIGALO HOLDINGS Inc.","国内","","株式","プライム","不動産業","100","2023-10-02","","2023-10-02","東京都","03月31日","09月30日",""
"2026-05-25","55360","京橋アートレジデンス","Ｐ－京橋アートレジ","Kyobashi Art Residence Co.,Ltd.","国内","","株式","TOKYO PRO Market","不動産業","100","2023-11-10","","1996-03-28","東京都","11月30日","05月31日",""
"2026-05-25","55370","ＡｌｂａＬｉｎｋ","Ｇ－ＡｌｂａＬｉｎｋ","AlbaLink Co.,Ltd.","国内","","株式","グロース","不動産業","100","2025-12-15","","2011-01-11","東京都","12月31日","06月30日",""
"2026-05-25","55410","大平洋金属","大平洋金","PACIFIC METALS CO.,LTD.","国内","","株式","プライム","鉄鋼","100","1952-01-04","","1949-12-01","東京都","03月31日","09月30日",""
"2026-05-25","55420","新報国マテリアル","新報国マテリアル","Shinhokoku Material Corp.","国内","","株式","スタンダード","鉄鋼","100","2013-07-16","","1949-10-20","埼玉県","12月31日","06月30日",""
"2026-05-25","55630","新日本電工","新日本電工","Nippon Denko Co.,Ltd.","国内","","株式","プライム","鉄鋼","100","1949-05-16","","1934-12-31","東京都","12月31日","06月30日",""
"2026-05-25","55700","ジェノバ","Ｇ－ジェノバ","JENOBA CO.,LTD.","国内","","株式","グロース","情報・通信業","100","2023-04-18","","1997-02-21","東京都","09月30日","03月31日",""
"2026-05-25","55710","エキサイトホールディングス","エキサイトＨＤ","Excite Holdings Co.,Ltd.","国内","","株式","スタンダード","情報・通信業","100","2023-04-19","","2018-07-18","東京都","03月31日","09月30日",""
"2026-05-25","55720","Ｒｉｄｇｅ－ｉ","Ｇ－リッジアイ","Ridge-i Inc.","国内","","株式","グロース","情報・通信業","100","2023-04-26","","2016-07-29","東京都","07月31日","01月31日",""
"2026-05-25","55730","働楽ホールディングス","Ｐ－働楽ＨＤ","Doraku Holdings Co.,Ltd.","国内","","株式","TOKYO PRO Market","情報・通信業","100","2023-04-28","","2012-04-02","東京都","03月31日","09月30日",""
"2026-05-25","55740","ＡＢＥＪＡ","Ｇ－ＡＢＥＪＡ","ABEJA,Inc.","国内","","株式","グロース","情報・通信業","100","2023-06-13","","2012-09-10","東京都","08月31日","02月末日",""
"2026-05-25","55750","Ｇｌｏｂｅｅ","Ｇ－Ｇｌｏｂｅｅ","Globee Inc.","国内","","株式","グロース","情報・通信業","100","2023-06-14","","2014-06-12","東京都","05月31日","11月30日",""
"2026-05-25","55760","オービーシステム","オービーシステム","O.B.System Inc.","国内","","株式","スタンダード","情報・通信業","100","2023-06-21","","1972-08-25","大阪府","03月31日","09月30日",""
"2026-05-25","55770","アイデミー","Ｇ－アイデミー","Aidemy Inc.","国内","","株式","上場廃止","情報・通信業","100","2023-06-22","2025-11-06","2014-06-10","東京都","05月31日","11月30日",""
"2026-05-25","55780","ＡＲアドバンストテクノロジ","Ｇ－ＡＲアドバンスト","AR advanced technology,Inc.","国内","","株式","グロース","情報・通信業","100","2023-06-23","","2010-01-20","東京都","08月31日","02月末日",""
"2026-05-25","55800","プロディライト","Ｇ－プロディライト","Prodelight Co.,Ltd.","国内","","株式","グロース","情報・通信業","100","2023-06-28","","2008-06-04","大阪府","08月31日","02月末日",""
"2026-05-25","55810","カイテクノロジー","Ｐ－カイテクノロジー","Chi-technology Co.,Ltd.","国内","","株式","TOKYO PRO Market","情報・通信業","100","2023-06-30","","2015-12-17","東京都","08月31日","02月末日",""
"2026-05-25","55820","グリッド","Ｇ－グリッド","GRID Inc.","国内","","株式","グロース","情報・通信業","100","2023-07-07","","2009-10-06","東京都","06月30日","12月31日",""
"2026-05-25","55840","Ｓｔｒａｗｂｅｒｒｙ　ｊａｍｓ","Ｐ－ストロベリｊａｍ","Strawberry jams Co.,Ltd.","国内","","株式","TOKYO PRO Market","情報・通信業","100","2023-07-12","","1992-01-10","東京都","12月31日","06月30日",""
"2026-05-25","55850","エコナビスタ","Ｇ－エコナビスタ","EcoNaviSta,Inc.","国内","","株式","上場廃止","情報・通信業","100","2023-07-26","2025-06-17","2009-11-18","東京都","10月31日","04月30日",""
"2026-05-25","55860","Ｌａｂｏｒｏ．ＡＩ","Ｇ－ＬａｂｏｒｏＡＩ","Laboro.AI Inc.","国内","","株式","グロース","情報・通信業","100","2023-07-31","","2016-04-01","東京都","09月30日","03月31日",""
"2026-05-25","55870","インバウンドプラットフォーム","Ｇ－インバウンドＰＦ","Inbound Platform Corp.","国内","","株式","グロース","情報・通信業","100","2023-08-30","","2015-10-01","東京都","09月30日","03月31日",""
"2026-05-25","55880","ファーストアカウンティング","Ｇ－ファーストＡ","Fast Accounting Co.,Ltd.","国内","","株式","グロース","情報・通信業","100","2023-09-22","","2016-06-03","東京都","12月31日","06月30日",""
"2026-05-25","55890","オートサーバー","オートサーバー","AUTOSERVER CO.,LTD.","国内","","株式","スタンダード","情報・通信業","100","2023-09-26","","2015-11-13","東京都","12月31日","06月30日",""
"2026-05-25","55900","ネットスターズ","Ｇ－ネットスターズ","NETSTARS Co.,Ltd.","国内","","株式","グロース","情報・通信業","100","2023-09-26","","2009-02-12","東京都","12月31日","06月30日",""
"2026-05-25","55910","ＡＶＩＬＥＮ","Ｇ－ＡＶＩＬＥＮ","AVILEN Inc.","国内","","株式","グロース","情報・通信業","100","2023-09-27","","2018-08-15","東京都","12月31日","06月30日",""
"2026-05-25","55920","くすりの窓口","Ｇ－くすりの窓口","Kusurinomadoguchi,Inc.","国内","","株式","グロース","情報・通信業","100","2023-10-04","","2004-09-01","東京都","03月31日","09月30日",""
"2026-05-25","55940","エム・デー・ビー","Ｐ－エム・デー・ビー","M.D.B Corporation","国内","","株式","TOKYO PRO Market","情報・通信業","100","2023-11-30","","1991-03-29","東京都","04月30日","10月31日",""
"2026-05-25","55950","ＱＰＳ研究所","Ｇ－ＱＰＳ研究所","Institute for Q-shu Pioneers of Space,Inc.","国内","","株式","上場廃止","情報・通信業","100","2023-12-06","2025-11-27","2005-06-15","福岡県","05月31日","11月30日",""
"2026-05-25","55960","アウトルックコンサルティング","Ｇ－アウトルック","OutlookConsulting Co.,Ltd.","国内","","株式","上場廃止","情報・通信業","100","2023-12-12","2026-02-25","2006-04-12","東京都","03月31日","09月30日",""
"2026-05-25","55970","ブルーイノベーション","Ｇ－ブルーイノベ","Blue innovation Co.,Ltd.","国内","","株式","グロース","情報・通信業","100","2023-12-12","","1999-06-10","東京都","12月31日","06月30日",""
"2026-05-25","55980","Ｙｏｔｔａｖｉａｓ","Ｐ－Ｙｏｔｔａｖｉａ","Yottavias Co.,Ltd.","国内","","株式","TOKYO PRO Market","情報・通信業","100","2023-12-13","","2013-10-01","東京都","01月31日","07月31日",""
"2026-05-25","55990","Ｓ＆Ｊ","Ｇ－Ｓ＆Ｊ","S&J Corporation","国内","","株式","グロース","情報・通信業","100","2023-12-15","","2008-11-07","東京都","03月31日","09月30日",""
"2026-05-25","56020","栗本鐵工所","栗本鉄","Kurimoto,Ltd.","国内","","株式","プライム","鉄鋼","100","1949-05-16","","1934-05-10","大阪府","03月31日","09月30日",""
"2026-05-25","56030","虹技","虹技","KOGI CORPORATION","国内","","株式","スタンダード","鉄鋼","100","2013-07-16","","1940-06-11","兵庫県","03月31日","09月30日",""
"2026-05-25","56090","日本鋳造","日鋳造","NIPPON CHUZO K.K.","国内","","株式","スタンダード","鉄鋼","100","1961-10-02","","1948-12-01","神奈川県","03月31日","09月30日",""
"2026-05-25","56120","日本鋳鉄管","日鋳鉄管","NIPPON CHUTETSUKAN K.K.","国内","","株式","スタンダード","鉄鋼","100","1962-07-02","","1937-10-15","東京都","03月31日","09月30日",""
"2026-05-25","56160","雨風太陽","Ｇ－雨風太陽","Ame Kaze Taiyo,Inc.","国内","","株式","グロース","情報・通信業","100","2023-12-18","","2015-02-10","東京都","12月31日","06月30日",""
"2026-05-25","56170","ウィル・ドゥ","Ｐ－ウィル・ドゥ","WiLLDo Inc.","国内","","株式","TOKYO PRO Market","情報・通信業","100","2023-12-19","","2001-08-13","三重県","02月末日","08月31日",""
"2026-05-25","56180","ナイル","Ｇ－ナイル","Nyle Inc.","国内","","株式","グロース","情報・通信業","100","2023-12-20","","2007-01-15","東京都","12月31日","06月30日",""
"2026-05-25","56190","マーソ","Ｇ－マーソ","MRSO.,Inc","国内","","株式","グロース","情報・通信業","100","2023-12-21","","2015-02-06","東京都","12月31日","06月30日",""
"2026-05-25","56200","エスピーオー","Ｐ－エスピーオー","SPO Entertainment Inc.","国内","","株式","TOKYO PRO Market","情報・通信業","100","2023-12-22","","1987-03-25","東京都","03月31日","09月30日",""
"2026-05-25","56210","ヒューマンテクノロジーズ","Ｇ－ヒューマンＴ","Human Technologies,Inc.","国内","","株式","グロース","情報・通信業","100","2023-12-22","","2011-12-13","東京都","03月31日","09月30日",""
"2026-05-25","56310","日本製鋼所","日製鋼所","The Japan Steel Works,Ltd.","国内","","株式","プライム","機械","100","1951-06-11","","1950-12-11","東京都","03月31日","09月30日",""
"2026-05-25","56320","三菱製鋼","三菱製鋼","Mitsubishi Steel Mfg.Co.,Ltd.","国内","","株式","プライム","鉄鋼","100","1951-04-09","","1949-12-01","東京都","03月31日","09月30日",""
"2026-05-25","56440","メタルアート","メタルアート","METALART CORPORATION","国内","","株式","スタンダード","鉄鋼","100","2013-07-16","","1943-08-06","滋賀県","03月31日","09月30日",""
"2026-05-25","56580","日亜鋼業","日亜鋼","NICHIA STEEL WORKS,LTD.","国内","","株式","スタンダード","鉄鋼","100","1986-02-21","","1952-06-16","兵庫県","03月31日","09月30日",""
"2026-05-25","56590","日本精線","日精線","Nippon Seisen Co.,Ltd.","国内","","株式","プライム","鉄鋼","100","1962-03-01","","1951-06-30","大阪府","03月31日","09月30日",""
"2026-05-25","56600","神鋼鋼線工業","神鋼鋼線","KOBELCO WIRE COMPANY,LTD.","国内","","株式","スタンダード","鉄鋼","100","1993-03-15","","1954-03-18","兵庫県","03月31日","09月30日",""
"2026-05-25","56950","パウダーテック","パウダテック","Powdertech Co.,Ltd.","国内","","株式","スタンダード","鉄鋼","100","2013-07-16","","1966-04-16","千葉県","03月31日","09月30日",""
"2026-05-25","56970","サンユウ","サンユウ","SANYU CO.,LTD.","国内","","株式","スタンダード","鉄鋼","100","2013-07-16","","1957-01-31","大阪府","03月31日","09月30日",""
"2026-05-25","56980","エンビプロ・ホールディングス","エンビプロＨＤ","ENVIPRO HOLDINGS Inc.","国内","","株式","スタンダード","鉄鋼","100","2013-09-25","","2010-05-21","静岡県","06月30日","12月31日",""
"2026-05-25","56990","イボキン","イボキン","IBOKIN Co.,Ltd.","国内","","株式","スタンダード","鉄鋼","100","2018-08-02","","1984-08-01","兵庫県","12月31日","06月30日",""
"2026-05-25","57020","大紀アルミニウム工業所","大紀アルミ","DAIKI ALUMINIUM INDUSTRY CO.,LTD.","国内","","株式","プライム","非鉄金属","100","2005-12-08","","1948-10-29","大阪府","03月31日","09月30日",""
"2026-05-25","57030","日本軽金属ホールディングス","日軽金ＨＤ","Nippon Light Metal Holdings Company,Ltd.","国内","","株式","プライム","非鉄金属","100","2012-10-01","","2012-10-01","東京都","03月31日","09月30日",""
"2026-05-25","57040","ＪＭＣ","Ｇ－ＪＭＣ","JMC Corporation","国内","","株式","グロース","非鉄金属","100","2016-11-29","","1992-12-18","神奈川県","12月31日","06月30日",""
"2026-05-25","57060","三井金属","三井金属","Mitsui Kinzoku Company,Limited","国内","","株式","プライム","非鉄金属","100","1950-10-02","","1950-05-01","東京都","03月31日","09月30日",""
"2026-05-25","57070","東邦亜鉛","東邦鉛","Toho Zinc Co.,Ltd.","国内","","株式","プライム","非鉄金属","100","1949-05-16","","1937-02-27","東京都","03月31日","09月30日",""
"2026-05-25","57110","三菱マテリアル","三菱マ","Mitsubishi Materials Corporation","国内","","株式","プライム","非鉄金属","100","1950-09-25","","1950-04-01","東京都","03月31日","09月30日",""
"2026-05-25","57130","住友金属鉱山","住友鉱","Sumitomo Metal Mining Co.,Ltd.","国内","","株式","プライム","非鉄金属","100","1950-06-28","","1950-03-01","東京都","03月31日","09月30日",""
"2026-05-25","57140","ＤＯＷＡホールディングス","ＤＯＷＡ","DOWA HOLDINGS CO.,LTD.","国内","","株式","プライム","非鉄金属","100","1949-08-05","","1937-03-11","東京都","03月31日","09月30日",""
"2026-05-25","57150","古河機械金属","古河機金","FURUKAWA CO.,LTD.","国内","","株式","プライム","非鉄金属","100","1949-05-16","","1918-04-15","東京都","03月31日","09月30日",""
"2026-05-25","57210","エスクリプトエナジー","エスクリプトエナジー","S Crypto Energy Inc.","国内","","株式","スタンダード","非鉄金属","100","2013-07-16","","1946-04-13","東京都","03月31日","09月30日",""
"2026-05-25","57240","アサカ理研","アサカ理研","Asaka Riken Co.,Ltd.","国内","","株式","スタンダード","非鉄金属","100","2013-07-16","","1969-08-25","福島県","09月30日","03月31日",""
"2026-05-25","57260","大阪チタニウムテクノロジーズ","大阪チタ","OSAKA Titanium technologies Co.,Ltd.","国内","","株式","プライム","非鉄金属","100","2002-03-08","","1997-05-20","兵庫県","03月31日","09月30日",""
"2026-05-25","57270","東邦チタニウム","邦チタニウム","TOHO TITANIUM COMPANY,LIMITED","国内","","株式","プライム","非鉄金属","100","1961-10-02","","1948-09-06","神奈川県","03月31日","09月30日",""
"2026-05-25","57290","日本精鉱","日精鉱","NIHON SEIKO CO.,LTD","国内","","株式","スタンダード","非鉄金属","100","1949-09-19","","1935-06-11","東京都","03月31日","09月30日",""
"2026-05-25","57410","ＵＡＣＪ","ＵＡＣＪ","UACJ Corporation","国内","","株式","プライム","非鉄金属","100","2005-12-02","","1964-12-10","東京都","03月31日","09月30日",""
"2026-05-25","57420","エヌアイシ・オートテック","ＮＩＣ","NIC Autotec,Inc.","国内","","株式","スタンダード","非鉄金属","100","2013-07-16","","1971-05-17","東京都","03月31日","09月30日",""
"2026-05-25","57530","日本伸銅","日伸銅","NIPPON SHINDO CO.,LTD.","国内","","株式","スタンダード","非鉄金属","100","1961-10-02","","1938-04-09","大阪府","03月31日","09月30日",""
"2026-05-25","57570","ＣＫサンエツ","ＣＫサンエツ","CK SAN-ETSU Co.,Ltd.","国内","","株式","プライム","非鉄金属","100","2017-03-21","","1963-07-01","富山県","03月31日","09月30日",""
"2026-05-25","58010","古河電気工業","古河電工","Furukawa Electric Co.,Ltd.","国内","","株式","プライム","非鉄金属","100","1949-05-16","","1896-06-25","東京都","03月31日","09月30日",""
"2026-05-25","58020","住友電気工業","住友電工","Sumitomo Electric Industries,Ltd.","国内","","株式","プライム","非鉄金属","100","1949-05-16","","1920-12-10","大阪府","03月31日","09月30日",""
"2026-05-25","58030","フジクラ","フジクラ","Fujikura Ltd.","国内","","株式","プライム","非鉄金属","100","1949-05-16","","1910-03-18","東京都","03月31日","09月30日",""
"2026-05-25","58050","ＳＷＣＣ","ＳＷＣＣ","SWCC Corporation","国内","","株式","プライム","非鉄金属","100","1949-05-16","","1936-05-26","神奈川県","03月31日","09月30日",""
"2026-05-25","58160","オーナンバ","オーナンバ","Onamba Co.,Ltd.","国内","","株式","スタンダード","非鉄金属","100","2006-12-22","","1941-09-15","大阪府","12月31日","06月30日",""
"2026-05-25","58170","ＪＭＡＣＳ","ＪＭＡＣＳ","JMACS Japan Co.,Ltd.","国内","","株式","スタンダード","非鉄金属","100","2013-07-16","","1948-08-03","兵庫県","02月末日","08月31日",""
"2026-05-25","58190","カナレ電気","カナレ電気","Canare Electric Co.,Ltd.","国内","","株式","スタンダード","非鉄金属","100","2006-12-22","","1974-02-02","神奈川県","12月31日","06月30日",""
"2026-05-25","58200","三ッ星","三ッ星","MITSUBOSHI CO.,LTD.","国内","","株式","スタンダード","非鉄金属","100","2013-07-16","","1947-03-24","大阪府","03月31日","09月30日",""
"2026-05-25","58210","平河ヒューテック","平河ヒューテ","HIRAKAWA HEWTECH CORP.","国内","","株式","プライム","非鉄金属","100","2006-05-02","","1948-09-29","東京都","03月31日","09月30日",""
"2026-05-25","58300","いよぎんホールディングス","いよぎんＨＤ","Iyogin Holdings,Inc.","国内","","株式","プライム","銀行業","100","2022-10-03","","2022-10-03","愛媛県","03月31日","09月30日",""
"2026-05-25","58310","しずおかフィナンシャルグループ","しずおかＦＧ","Shizuoka Financial Group,Inc.","国内","","株式","プライム","銀行業","100","2022-10-03","","2022-10-03","静岡県","03月31日","09月30日",""
"2026-05-25","58320","ちゅうぎんフィナンシャルグループ","ちゅうぎんＦＧ","Chugin Financial Group,Inc.","国内","","株式","プライム","銀行業","100","2022-10-03","","2022-10-03","岡山県","03月31日","09月30日",""
"2026-05-25","58340","ＳＢＩリーシングサービス","Ｇ－ＳＢＩリーシング","SBI Leasing Services Co.,Ltd.","国内","","株式","グロース","証券、商品先物取引業","100","2022-10-19","","2017-04-03","東京都","03月31日","09月30日",""
"2026-05-25","58380","楽天銀行","楽天銀行","Rakuten Bank,Ltd.","国内","","株式","プライム","銀行業","100","2023-04-21","","2000-01-14","東京都","03月31日","09月30日",""
"2026-05-25","58400","日本総険","Ｐ－日本総険","Nippon Souken Co.,Ltd.","国内","","株式","TOKYO PRO Market","保険業","100","2023-08-04","","1996-12-03","香川県","11月30日","05月31日",""
"2026-05-25","58420","インテグラル","Ｇ－インテグラル","Integral Corporation","国内","","株式","グロース","証券、商品先物取引業","100","2023-09-20","","2006-01-12","東京都","12月31日","06月30日",""
"2026-05-25","58430","ニッポンインシュア","ニッポンインシュア","Nippon Insure Co.,Ltd.","国内","","株式","スタンダード","その他金融業","100","2023-10-03","","2002-04-10","福岡県","09月30日","03月31日",""
"2026-05-25","58440","京都フィナンシャルグループ","京都ＦＧ","Kyoto Financial Group,Inc.","国内","","株式","プライム","銀行業","100","2023-10-02","","2023-10-02","京都府","03月31日","09月30日",""
"2026-05-25","58450","全保連","全保連","ZENHOREN CO.,LTD.","国内","","株式","スタンダード","その他金融業","100","2023-10-25","","2001-11-16","沖縄県","03月31日","09月30日",""
"2026-05-25","58510","リョービ","リョービ","RYOBI LIMITED","国内","","株式","プライム","非鉄金属","100","1961-10-02","","1943-12-16","広島県","12月31日","06月30日",""
"2026-05-25","58520","アーレスティ","アーレスティ","AHRESTY CORPORATION","国内","","株式","プライム","非鉄金属","100","1961-10-02","","1943-11-02","愛知県","03月31日","09月30日",""
"2026-05-25","58560","エルアイイーエイチ","エルアイイーエイチ","Life Intelligent Enterprise Holdings Co.,Ltd.","国内","","株式","スタンダード","小売業","100","2004-10-01","","2004-10-01","東京都","03月31日","09月30日",""
"2026-05-25","58570","ＡＲＥホールディングス","ＡＲＥＨＤ","ARE Holdings,Inc.","国内","","株式","プライム","非鉄金属","100","2009-04-01","","2009-04-01","兵庫県","03月31日","09月30日",""
"2026-05-25","58580","ＳＴＧ","Ｇ－ＳＴＧ","STG CO.,LTD.","国内","","株式","グロース","非鉄金属","100","2024-03-21","","1982-06-21","大阪府","03月31日","09月30日",""
"2026-05-25","58660","ＷｉｚＢｉｚ","Ｐ－ＷｉｚＢｉｚ","WizBiz Inc.","国内","","株式","TOKYO PRO Market","サービス業","100","2023-12-08","","2010-08-26","東京都","09月30日","03月31日",""
"2026-05-25","58670","エスネットワークス","Ｇ－エスネット","ES NETWORKS CO.,LTD.","国内","","株式","グロース","サービス業","100","2023-12-19","","1999-10-07","東京都","12月31日","06月30日",""
"2026-05-25","58700","ナルネットコミュニケーションズ","Ｇ－ナルネット","Nalnet Communications Inc.","国内","","株式","グロース","サービス業","100","2023-12-25","","2019-07-18","愛知県","03月31日","09月30日",""
"2026-05-25","58810","サンフェステ","Ｐ－サンフェステ","Sun Feste Corporation","国内","","株式","上場廃止","小売業","100","2023-03-31","2025-07-31","1996-06-11","京都府","03月31日","09月30日",""
"2026-05-25","58830","ＧＴホールディングス","Ｐ－ＧＴＨＤ","GT Holdings Co.,Ltd.","国内","","株式","上場廃止","卸売業","100","2023-04-18","2026-04-10","2020-10-19","東京都","05月31日","11月30日",""
"2026-05-25","58840","クラダシ","Ｇ－クラダシ","KURADASHI.Co.,Ltd.","国内","","株式","グロース","小売業","100","2023-06-30","","2014-07-07","東京都","06月30日","12月31日",""
"2026-05-25","58850","ジーデップ・アドバンス","ジーデップアドバンス","GDEP ADVANCE,Inc.","国内","","株式","スタンダード","卸売業","100","2023-06-30","","2016-01-15","宮城県","05月31日","11月30日",""
"2026-05-25","58860","ＯＯＫＡＢＥ　ＧＬＡＳＳ","Ｐ－ＯＯＫＡＢＥ","OOKABE GLASS CO.,LTD.","国内","","株式","TOKYO PRO Market","卸売業","100","2023-06-27","","2003-08-18","福井県","12月31日","06月30日",""
"2026-05-25","58870","光響","Ｐ－光響","Kokyo,Inc.","国内","","株式","TOKYO PRO Market","卸売業","100","2023-07-14","","2009-04-16","京都府","12月31日","06月30日",""
"2026-05-25","58880","ＤＡＩＷＡ　ＣＹＣＬＥ","Ｇ－ダイワサイクル","DAIWA CYCLE CO.,LTD.","国内","","株式","グロース","小売業","100","2023-11-08","","1990-08-08","大阪府","01月31日","07月31日",""
"2026-05-25","58890","Ｊａｐａｎ　Ｅｙｅｗｅａｒ　Ｈｏｌｄｉｎｇｓ","ＪＥＨ","Japan Eyewear Holdings Co.,Ltd.","国内","","株式","プライム","小売業","100","2023-11-16","","2019-07-29","福井県","01月31日","07月31日",""
"2026-05-25","58900","オフィスバスターズ","Ｐ－オフィスバスター","OFFICEBUSTERS CORPORATION","国内","","株式","TOKYO PRO Market","小売業","100","2023-12-13","","2003-06-20","東京都","12月31日","06月30日",""
"2026-05-25","58910","魁力屋","魁力屋","Kairikiya Co.,Ltd.","国内","","株式","スタンダード","小売業","100","2023-12-15","","2003-02-25","京都府","12月31日","06月30日",""
"2026-05-25","58920","ｙｕｔｏｒｉ","Ｇ－ｙｕｔｏｒｉ","yutori,Inc.","国内","","株式","グロース","小売業","100","2023-12-27","","2018-04-04","東京都","03月31日","09月30日",""
"2026-05-25","59000","ダイケン","ダイケン","DAIKEN CO.,LTD.","国内","","株式","スタンダード","金属製品","100","2013-07-16","","1948-03-26","大阪府","02月末日","08月31日",""
"2026-05-25","59010","東洋製罐グループホールディングス","洋缶ＨＤ","Toyo Seikan Group Holdings,Ltd.","国内","","株式","プライム","金属製品","100","1949-05-16","","1941-07-29","東京都","03月31日","09月30日",""
"2026-05-25","59020","ホッカンホールディングス","ホッカンＨＤ","HOKKAN HOLDINGS LIMITED","国内","","株式","プライム","金属製品","100","1950-05-01","","1950-02-01","東京都","03月31日","09月30日",""
"2026-05-25","59030","シンポ","ＳＨＩＮＰＯ","SHINPO CO.,LTD.","国内","","株式","スタンダード","金属製品","100","2013-07-16","","1971-04-01","愛知県","06月30日","12月31日",""
"2026-05-25","59050","日本製罐","日缶","NIHON SEIKAN K.K.","国内","","株式","スタンダード","金属製品","100","1963-12-03","","1925-06-23","埼玉県","03月31日","09月30日",""
"2026-05-25","59060","エムケー精工","エムケー精工","MK SEIKO CO.,LTD.","国内","","株式","スタンダード","金属製品","100","2013-07-16","","1956-12-17","長野県","03月20日","09月20日",""
"2026-05-25","59090","コロナ","コロナ","CORONA CORPORATION","国内","","株式","スタンダード","金属製品","100","2000-03-01","","1950-07-03","新潟県","03月31日","09月30日",""
"2026-05-25","59110","横河ブリッジホールディングス","横河ブＨＤ","Yokogawa Bridge Holdings Corp.","国内","","株式","プライム","金属製品","100","1961-10-02","","1918-04-25","東京都","03月31日","09月30日",""
"2026-05-25","59150","駒井ハルテック","駒井ハルテック","KOMAIHALTEC Inc.","国内","","株式","スタンダード","金属製品","100","1984-08-07","","1943-04-30","東京都","03月31日","09月30日",""
"2026-05-25","59180","瀧上工業","滝上工","The Takigami Steel Construction Co.,Ltd.","国内","","株式","スタンダード","金属製品","100","1961-10-02","","1937-01-28","愛知県","03月31日","09月30日",""
"2026-05-25","59210","川岸工業","川岸工","Kawagishi Bridge Works Co.,Ltd.","国内","","株式","スタンダード","金属製品","100","1962-01-18","","1947-03-22","東京都","09月30日","03月31日",""
"2026-05-25","59220","那須電機鉄工","那須鉄","NASU DENKI-TEKKO CO.,LTD.","国内","","株式","スタンダード","金属製品","100","1962-02-20","","1939-06-20","東京都","03月31日","09月30日",""
"2026-05-25","59230","高田機工","高田機工","TAKADAKIKO(Steel Construction)CO.,LTD.","国内","","株式","スタンダード","金属製品","100","1993-12-22","","1932-03-01","大阪府","03月31日","09月30日",""
"2026-05-25","59280","アルメタックス","アルメタックス","ALMETAX MANUFACTURING CO,LTD.","国内","","株式","スタンダード","金属製品","100","2013-07-16","","1969-11-12","大阪府","03月31日","09月30日",""
"2026-05-25","59290","三和ホールディングス","三和ＨＤ","Sanwa Holdings Corporation","国内","","株式","プライム","金属製品","100","1963-09-30","","1948-10-07","東京都","03月31日","09月30日",""
"2026-05-25","59300","文化シヤッター","文化シヤター","Bunka Shutter Co.,Ltd.","国内","","株式","プライム","金属製品","100","1973-11-16","","1951-04-13","東京都","03月31日","09月30日",""
"2026-05-25","59320","三協立山","三協立山","Sankyo Tateyama,Inc.","国内","","株式","プライム","金属製品","100","2012-12-01","","1960-06-20","富山県","05月31日","11月30日",""
"2026-05-25","59330","アルインコ","アルインコ","ALINCO INCORPORATED","国内","","株式","プライム","金属製品","100","2006-01-30","","1970-07-04","大阪府","03月20日","09月20日",""
"2026-05-25","59360","東洋シヤッター","洋シヤター","TOYO SHUTTER CO.,LTD.","国内","","株式","スタンダード","金属製品","100","1989-02-20","","1955-09-10","大阪府","03月31日","09月30日",""
"2026-05-25","59380","ＬＩＸＩＬ","ＬＩＸＩＬ","LIXIL Corporation","国内","","株式","プライム","金属製品","100","1985-08-01","","1949-09-19","東京都","03月31日","09月30日",""
"2026-05-25","59390","大谷工業","大谷工業","OTANI KOGYO CO.,LTD.","国内","","株式","スタンダード","金属製品","100","2013-07-16","","1947-06-30","東京都","03月31日","09月30日",""
"2026-05-25","59400","不二サッシ","不二サッシ","FUJISASH CO.,LTD.","国内","","株式","スタンダード","金属製品","100","1992-08-19","","1969-05-01","神奈川県","03月31日","09月30日",""
"2026-05-25","59410","中西製作所","中西製作所","NAKANISHI MFG. CO.,LTD.","国内","","株式","スタンダード","金属製品","100","2013-07-16","","1958-08-27","大阪府","03月31日","09月30日",""
"2026-05-25","59420","日本フイルコン","日フイルコン","NIPPON FILCON CO.,LTD.","国内","","株式","スタンダード","金属製品","100","1961-10-02","","1936-03-18","東京都","11月30日","05月31日",""
"2026-05-25","59430","ノーリツ","ノーリツ","NORITZ CORPORATION","国内","","株式","プライム","金属製品","100","1985-08-06","","1951-03-10","兵庫県","12月31日","06月30日",""
"2026-05-25","59450","天龍製鋸","天龍製鋸","Tenryu Saw Mfg.Co.,Ltd.","国内","","株式","スタンダード","金属製品","100","2013-07-16","","1913-10-10","静岡県","03月31日","09月30日",""
"2026-05-25","59460","長府製作所","長府製","CHOFU SEISAKUSHO CO.,LTD.","国内","","株式","プライム","金属製品","100","1997-11-07","","1950-04-16","山口県","12月31日","06月30日",""
"2026-05-25","59470","リンナイ","リンナイ","RINNAI CORPORATION","国内","","株式","プライム","金属製品","100","1982-11-22","","1950-09-02","愛知県","03月31日","09月30日",""
"2026-05-25","59490","ユニプレス","ユニプレス","UNIPRES CORPORATION","国内","","株式","プライム","輸送用機器","100","2004-02-24","","1945-03-01","神奈川県","03月31日","09月30日",""
"2026-05-25","59500","日本パワーファスニング","日本パワーファス","JAPAN POWER FASTENING CO.,LTD.","国内","","株式","スタンダード","金属製品","100","2013-07-16","","1951-03-28","大阪府","12月31日","06月30日",""
"2026-05-25","59510","ダイニチ工業","ダイニチ工","Dainichi Co.,Ltd.","国内","","株式","スタンダード","金属製品","100","1998-06-23","","1964-04-01","新潟県","03月31日","09月30日",""
"2026-05-25","59520","アマテイ","アマテイ","Amatei Incorporated","国内","","株式","スタンダード","金属製品","100","2013-07-16","","1949-12-01","兵庫県","03月31日","09月30日",""
"2026-05-25","59550","ワイズホールディングス","ワイズＨＤ","WISE HOLDINGS CO.,LTD.","国内","","株式","スタンダード","金属製品","100","2013-07-16","","1917-09-01","京都府","03月31日","09月30日",""
"2026-05-25","59560","トーソー","トーソー","TOSO CO.,LTD.","国内","","株式","スタンダード","金属製品","100","1996-01-31","","1949-09-01","東京都","03月31日","09月30日",""
"2026-05-25","59570","日東精工","日東精工","NITTOSEIKO CO.,LTD.","国内","","株式","プライム","金属製品","100","1985-08-06","","1938-02-11","京都府","12月31日","06月30日",""
"2026-05-25","59580","三洋工業","三洋工","SANYO INDUSTRIES,LTD.","国内","","株式","スタンダード","金属製品","100","1971-02-01","","1947-07-28","東京都","03月31日","09月30日",""
"2026-05-25","59590","岡部","岡部","OKABE CO.,LTD.","国内","","株式","プライム","金属製品","100","1972-07-03","","1944-02-01","東京都","12月31日","06月30日",""
"2026-05-25","59620","浅香工業","浅香工業","ASAKA INDUSTRIAL CO.,LTD.","国内","","株式","スタンダード","その他製品","100","2013-07-16","","1931-11-25","大阪府","03月31日","09月30日",""
"2026-05-25","59650","フジマック","フジマック","FUJIMAK CORPORATION","国内","","株式","スタンダード","金属製品","100","1998-02-10","","1950-03-31","東京都","12月31日","06月30日",""
"2026-05-25","59660","京都機械工具","京都機械工具","KYOTO TOOL CO.,LTD.","国内","","株式","スタンダード","金属製品","100","2013-07-16","","1950-08-02","京都府","03月31日","09月30日",""
"2026-05-25","59670","ＴＯＮＥ","ＴＯＮＥ","TONE CO.,LTD.","国内","","株式","スタンダード","金属製品","100","2013-07-16","","1949-07-27","大阪府","05月31日","11月30日",""
"2026-05-25","59690","ロブテックス","ロブテックス","LOBTEX Co.,Ltd.","国内","","株式","スタンダード","金属製品","100","2013-07-16","","1923-08-12","大阪府","03月31日","09月30日",""
"2026-05-25","59700","ジーテクト","ジーテクト","G-TEKT CORPORATION","国内","","株式","プライム","金属製品","100","2013-07-16","","1963-03-01","埼玉県","03月31日","09月30日",""
"2026-05-25","59710","共和工業所","共和工業","KYOWAKOGYOSYO CO.,LTD.","国内","","株式","スタンダード","金属製品","100","2013-07-16","","1961-12-05","石川県","04月30日","10月31日",""
"2026-05-25","59730","トーアミ","トーアミ","TOAMI CORPORATION","国内","","株式","スタンダード","金属製品","100","2013-07-16","","1940-09-10","大阪府","03月31日","09月30日",""
"2026-05-25","59740","中国工業","中国工","CHUGOKUKOGYO CO.,LTD.","国内","","株式","スタンダード","金属製品","100","1961-11-04","","1950-10-04","広島県","03月31日","09月30日",""
"2026-05-25","59750","東プレ","東プレ","Topre Corporation","国内","","株式","プライム","金属製品","100","1962-08-15","","1935-04-30","東京都","03月31日","09月30日",""
"2026-05-25","59760","高周波熱錬","ネツレン","Neturen Co.,Ltd.","国内","","株式","プライム","金属製品","100","1964-04-13","","1940-07-12","東京都","03月31日","09月30日",""
"2026-05-25","59810","東京製綱","東製綱","TOKYO ROPE MFG.CO.,LTD","国内","","株式","プライム","金属製品","100","1949-05-16","","1887-04-01","東京都","03月31日","09月30日",""
"2026-05-25","59820","マルゼン","マルゼン","MARUZEN CO.,LTD.","国内","","株式","スタンダード","金属製品","100","1999-02-22","","1961-03-20","東京都","02月末日","08月31日",""
"2026-05-25","59830","イワブチ","イワブチ","IWABUCHI CORPORATION","国内","","株式","スタンダード","金属製品","100","2013-07-16","","1969-08-21","千葉県","03月31日","09月30日",""
"2026-05-25","59840","兼房","兼房","KANEFUSA CORPORATION","国内","","株式","スタンダード","金属製品","100","2006-03-09","","1948-11-25","愛知県","03月31日","09月30日",""
"2026-05-25","59850","サンコール","サンコール","SUNCALL CORPORATION","国内","","株式","スタンダード","金属製品","100","2013-07-16","","1943-06-02","京都府","03月31日","09月30日",""
"2026-05-25","59860","モリテック　スチール","モリテック","MOLITEC STEEL CO.,LTD.","国内","","株式","スタンダード","金属製品","100","2013-07-16","","1950-11-18","大阪府","03月31日","09月30日",""
"2026-05-25","59870","オーネックス","オーネックス","ONEX Corporation","国内","","株式","スタンダード","金属製品","100","2013-07-16","","1951-08-04","東京都","06月30日","12月31日",""
"2026-05-25","59880","パイオラックス","パイオラックス","PIOLAX,INC.","国内","","株式","プライム","金属製品","100","1998-04-20","","1939-09-24","神奈川県","03月31日","09月30日",""
"2026-05-25","59890","エイチワン","エイチワン","H-ONE CO.,LTD.","国内","","株式","プライム","金属製品","100","2013-07-16","","1939-04-23","埼玉県","03月31日","09月30日",""
"2026-05-25","59900","スーパーツール","スーパーツール","SUPER TOOL CO.,LTD.","国内","","株式","スタンダード","金属製品","100","2013-07-16","","1960-12-10","大阪府","03月15日","09月15日",""
"2026-05-25","59910","日本発條","ニッパツ","NHK SPRING CO.,LTD.","国内","","株式","プライム","金属製品","100","1954-03-03","","1936-06-06","神奈川県","03月31日","09月30日",""
"2026-05-25","59920","中央発條","中央発条","CHUO SPRING CO.,LTD.","国内","","株式","スタンダード","金属製品","100","1985-01-09","","1948-12-25","愛知県","03月31日","09月30日",""
"2026-05-25","59940","ファインシンター","ファインシンター","FINE SINTER CO.,LTD.","国内","","株式","スタンダード","金属製品","100","1962-06-01","","1950-12-14","愛知県","03月31日","09月30日",""
"2026-05-25","59970","協立エアテック","協立エアテク","KYORITSU AIR TECH INC.","国内","","株式","スタンダード","金属製品","100","2013-07-16","","1973-06-15","福岡県","12月31日","06月30日",""
"2026-05-25","59980","アドバネクス","アドバネクス","Advanex Inc.","国内","","株式","スタンダード","金属製品","100","1964-05-11","","1946-11-22","東京都","03月31日","09月30日",""
"2026-05-25","60050","三浦工業","三浦工","MIURA CO.,LTD.","国内","","株式","プライム","機械","100","1984-12-18","","1947-01-25","愛媛県","03月31日","09月30日",""
"2026-05-25","60130","タクマ","タクマ","TAKUMA CO.,LTD.","国内","","株式","プライム","機械","100","1949-05-16","","1938-06-10","兵庫県","03月31日","09月30日",""
"2026-05-25","60160","ジャパンエンジンコーポレーション","ジャパンエンジン","Japan Engine Corporation","国内","","株式","スタンダード","輸送用機器","100","2013-07-16","","1920-06-10","兵庫県","03月31日","09月30日",""
"2026-05-25","60180","阪神内燃機工業","阪神内燃機工業","THE HANSHIN DIESEL WORKS,LTD.","国内","","株式","スタンダード","輸送用機器","100","2013-07-16","","1918-01-28","兵庫県","03月31日","09月30日",""
"2026-05-25","60220","赤阪鐵工所","赤阪鉄","Akasaka Diesels Ltd.","国内","","株式","スタンダード","機械","100","1961-10-02","","1934-12-26","東京都","03月31日","09月30日",""
"2026-05-25","60230","ダイハツインフィニアース","ダイハツインフィ","DAIHATSU INFINEARTH MFG.CO.,LTD.","国内","","株式","スタンダード","輸送用機器","100","2013-07-16","","1939-04-29","大阪府","03月31日","09月30日",""
"2026-05-25","60260","ＧＭＯ　ＴＥＣＨ","Ｇ－ＧＭＯＴＥＣＨ","GMO TECH,Inc.","国内","","株式","上場廃止","サービス業","100","2014-12-11","2025-09-29","2006-12-04","東京都","12月31日","06月30日",""
"2026-05-25","60270","弁護士ドットコム","弁護士ドットコム","Bengo4.com,Inc.","国内","","株式","プライム","サービス業","100","2014-12-11","","2005-07-04","東京都","03月31日","09月30日",""
"2026-05-25","60280","テクノプロ・ホールディングス","テクノプロＨＤ","TechnoPro Holdings,Inc.","国内","","株式","上場廃止","サービス業","100","2014-12-15","2025-12-09","2006-07-25","東京都","06月30日","12月31日",""
"2026-05-25","60290","アトラグループ","アトラＧ","Artra Group Corporation","国内","","株式","スタンダード","サービス業","100","2014-12-16","","2005-01-18","大阪府","12月31日","06月30日",""
"2026-05-25","60300","アドベンチャー","Ｇ－アドベンチャー","Adventure,Inc.","国内","","株式","グロース","サービス業","100","2014-12-18","","2006-12-21","東京都","06月30日","12月31日",""
"2026-05-25","60310","ＺＥＴＡ","Ｇ－ＺＥＴＡ","ZETA INC.","国内","","株式","グロース","サービス業","100","2014-12-19","","2005-08-15","東京都","12月31日","06月30日",""
"2026-05-25","60330","エクストリーム","Ｇ－エクストリーム","EXTREME CO.,LTD.","国内","","株式","グロース","サービス業","100","2014-12-25","","2005-05-06","東京都","03月31日","09月30日",""
"2026-05-25","60340","ＭＲＴ","Ｇ－ＭＲＴ","MRT Inc.","国内","","株式","グロース","サービス業","100","2014-12-26","","2000-01-26","東京都","12月31日","06月30日",""
"2026-05-25","60350","アイ・アールジャパンホールディングス","ＩＲＪａｐａｎ　ＨＤ","IR Japan Holdings,Ltd.","国内","","株式","スタンダード","サービス業","100","2015-02-02","","2015-02-02","東京都","03月31日","09月30日",""
"2026-05-25","60360","ＫｅｅＰｅｒ技研","ＫｅｅＰｅｒ技研","KeePer Technical Laboratory Co.,Ltd.","国内","","株式","プライム","サービス業","100","2015-02-12","","1993-02-15","愛知県","06月30日","12月31日",""
"2026-05-25","60370","楽待","楽待","RAKUMACHI,INC.","国内","","株式","スタンダード","サービス業","100","2015-02-18","","2005-08-23","東京都","07月31日","01月31日",""
"2026-05-25","60380","イード","Ｇ－イード","IID,Inc.","国内","","株式","グロース","サービス業","100","2015-03-24","","2000-04-28","東京都","06月30日","12月31日",""
"2026-05-25","60390","日本動物高度医療センター","Ｇ－日本動物高度医療","Japan Animal Referral Medical Center Co.,Ltd.","国内","","株式","グロース","サービス業","100","2015-03-26","","2005-09-26","神奈川県","03月31日","09月30日",""
"2026-05-25","60400","日本スキー場開発","Ｇ－日本スキー","Nippon Ski Resort Development Co.,Ltd.","国内","","株式","グロース","サービス業","100","2015-04-22","","2005-12-22","長野県","07月31日","01月31日",""
"2026-05-25","60420","ニッキ","ニッキ","NIKKI CO.,LTD.","国内","","株式","スタンダード","輸送用機器","100","1961-10-02","","1932-02-05","神奈川県","03月31日","09月30日",""
"2026-05-25","60440","三機サービス","三機サービス","SANKI SERVICE CORPORATION","国内","","株式","スタンダード","サービス業","100","2015-04-24","","1977-07-11","兵庫県","05月31日","11月30日",""
"2026-05-25","60450","レントラックス","Ｇ－レントラックス","Rentracks CO.,LTD.","国内","","株式","グロース","サービス業","100","2015-04-24","","2005-12-22","東京都","03月31日","09月30日",""
"2026-05-25","60460","リンクバル","リンクバル","LINKBAL INC.","国内","","株式","スタンダード","サービス業","100","2015-04-28","","2011-12-09","東京都","09月30日","03月31日",""
"2026-05-25","60470","Ｇｕｎｏｓｙ","Ｇｕｎｏｓｙ","Gunosy Inc.","国内","","株式","プライム","サービス業","100","2015-04-28","","2012-11-14","東京都","05月31日","11月30日",""
"2026-05-25","60480","デザインワン・ジャパン","デザインワン","DesignOne Japan,Inc.","国内","","株式","上場廃止","サービス業","100","2015-04-30","2025-09-29","2005-09-13","東京都","12月31日","06月30日",""
"2026-05-25","60490","イトクロ","Ｇ－イトクロ","ItoKuro Inc.","国内","","株式","グロース","サービス業","100","2015-07-30","","2006-03-30","東京都","10月31日","04月30日",""
"2026-05-25","60500","イー・ガーディアン","Ｅガーディアン","E-Guardian Inc.","国内","","株式","プライム","サービス業","100","2010-12-01","","1998-05-12","東京都","09月30日","03月31日",""
"2026-05-25","60540","リブセンス","リブセンス","Livesense Inc.","国内","","株式","スタンダード","サービス業","100","2011-12-07","","2006-02-08","東京都","12月31日","06月30日",""
"2026-05-25","60550","ジャパンマテリアル","Ｊマテリアル","JAPAN MATERIAL Co.,Ltd.","国内","","株式","プライム","サービス業","100","2011-12-19","","1997-04-28","三重県","03月31日","09月30日",""
"2026-05-25","60580","ベクトル","ベクトル","VECTOR INC.","国内","","株式","プライム","サービス業","100","2012-03-27","","1993-03-30","東京都","02月末日","08月31日",""
"2026-05-25","60590","ウチヤマホールディングス","ウチヤマＨＤ","UCHIYAMA HOLDINGS Co.,Ltd.","国内","","株式","スタンダード","サービス業","100","2013-07-16","","2006-10-02","福岡県","03月31日","09月30日",""
"2026-05-25","60600","こころネット","こころネット","Cocolonet CO., LTD.","国内","","株式","上場廃止","サービス業","100","2013-07-16","2026-01-29","1971-12-27","福島県","03月31日","09月30日",""
"2026-05-25","60610","ユニバーサル園芸社","ユニバ園芸","UNIVERSAL ENGEISHA CO.,LTD","国内","","株式","スタンダード","サービス業","100","2013-07-16","","1974-02-01","大阪府","06月30日","12月31日",""
"2026-05-25","60620","チャーム・ケア・コーポレーション","チャームケア","CHARM CARE CORPORATION","国内","","株式","プライム","サービス業","100","2013-07-16","","1984-08-22","大阪府","06月30日","12月31日",""
"2026-05-25","60630","日本エマージェンシーアシスタンス","ＥＡＪ","Emergency Assistance Japan Co., Ltd.","国内","","株式","スタンダード","サービス業","100","2013-07-16","","2003-01-16","東京都","12月31日","06月30日",""
"2026-05-25","60690","トレンダーズ","Ｇ－Ｔｒｅｎｄｓ","Trenders,Inc.","国内","","株式","グロース","サービス業","100","2012-10-19","","2000-04-19","東京都","03月31日","09月30日",""
"2026-05-25","60700","キャリアリンク","キャリアリンク","CAREERLINK CO.,LTD.","国内","","株式","プライム","サービス業","100","2012-11-15","","1996-10-01","東京都","03月31日","09月30日",""
"2026-05-25","60710","ＩＢＪ","ＩＢＪ","IBJ,Inc.","国内","","株式","プライム","サービス業","100","2013-07-16","","2006-02-23","東京都","12月31日","06月30日",""
"2026-05-25","60720","地盤ネットホールディングス","地盤ネットＨＤ","Jibannet Holdings Co.,Ltd.","国内","","株式","スタンダード","サービス業","100","2012-12-21","","2008-06-25","東京都","03月31日","09月30日",""
"2026-05-25","60730","アサンテ","アサンテ","ASANTE INCORPORATED","国内","","株式","プライム","サービス業","100","2013-03-19","","1973-09-18","東京都","03月31日","09月30日",""
"2026-05-25","60740","ジェイエスエス","ＪＳＳ","JSS CORPORATION","国内","","株式","スタンダード","サービス業","100","2013-07-16","","1976-07-26","大阪府","03月31日","09月30日",""
"2026-05-25","60780","バリューＨＲ","バリューＨＲ","Value HR Co.,Ltd.","国内","","株式","プライム","サービス業","100","2013-10-04","","2001-07-04","東京都","12月31日","06月30日",""
"2026-05-25","60800","Ｍ＆Ａキャピタルパートナーズ","Ｍ＆Ａキャピタル","M&A Capital Partners Co.,Ltd.","国内","","株式","プライム","サービス業","100","2013-11-20","","2005-10-12","東京都","09月30日","03月31日",""
"2026-05-25","60810","アライドアーキテクツ","Ｇ－アライドアーキ","Allied Architects,Inc.","国内","","株式","グロース","サービス業","100","2013-11-29","","2005-08-30","東京都","12月31日","06月30日",""
"2026-05-25","60820","ライドオンエクスプレスホールディングス","ライドオンＥＸＨＤ","RIDE ON EXPRESS HOLDINGS Co.,Ltd.","国内","","株式","スタンダード","サービス業","100","2013-12-03","","2001-07-31","東京都","03月31日","09月30日",""
"2026-05-25","60830","ＥＲＩホールディングス","ＥＲＩ　ＨＤ","ERI HOLDINGS CO.,LTD.","国内","","株式","スタンダード","サービス業","100","2013-12-02","","2013-12-02","東京都","05月31日","11月30日",""
"2026-05-25","60850","アーキテクツ・スタジオ・ジャパン","Ｇ－アーキテクツＳＪ","ARCHITECTS STUDIO JAPAN INC.","国内","","株式","グロース","サービス業","100","2013-12-18","","2007-11-09","東京都","02月末日","08月31日",""
"2026-05-25","60860","シンメンテホールディングス","Ｇ－シンメンテＨＤ","Shin Maint Holdings Co.,Ltd.","国内","","株式","グロース","サービス業","100","2013-12-19","","1985-08-23","東京都","02月末日","08月31日",""
"2026-05-25","60870","アビスト","アビスト","ABIST Co.,Ltd.","国内","","株式","スタンダード","サービス業","100","2013-12-18","","2006-03-17","東京都","09月30日","03月31日",""
"2026-05-25","60880","シグマクシス・ホールディングス","シグマクシスＨＤ","SIGMAXYZ Holdings Inc.","国内","","株式","プライム","サービス業","100","2013-12-18","","2008-05-09","東京都","03月31日","09月30日",""
"2026-05-25","60890","ウィルグループ","ウィルグループ","WILL GROUP,INC.","国内","","株式","プライム","サービス業","100","2013-12-19","","2006-04-03","東京都","03月31日","09月30日",""
"2026-05-25","60900","ヒューマン・メタボローム・テクノロジーズ","ＨＭＴ","Human Metabolome Technologies,Inc.","国内","","株式","スタンダード","サービス業","100","2013-12-24","","2003-07-01","東京都","06月30日","12月31日",""
"2026-05-25","60910","ウエスコホールディングス","ウエスコＨＤ","Wesco Holdings Inc.","国内","","株式","スタンダード","サービス業","100","2014-02-03","","2014-02-03","岡山県","07月31日","01月31日",""
"2026-05-25","60920","エンバイオ・ホールディングス","エンバイオＨＤ","EnBio Holdings,Inc","国内","","株式","スタンダード","サービス業","100","2014-03-12","","1999-06-23","東京都","03月31日","09月30日",""
"2026-05-25","60930","エスクロー・エージェント・ジャパン","エスクローＡＪ","Escrow Agent Japan,Inc.","国内","","株式","スタンダード","サービス業","100","2014-03-28","","2007-04-02","東京都","02月末日","08月31日",""
"2026-05-25","60940","フリークアウト・ホールディングス","Ｇ－フリークアウト","FreakOut Holdings,inc.","国内","","株式","グロース","サービス業","100","2014-06-24","","2010-10-01","東京都","09月30日","03月31日",""
"2026-05-25","60950","メドピア","メドピア","MedPeer,Inc.","国内","","株式","上場廃止","サービス業","100","2014-06-27","2025-10-17","2004-12-09","東京都","09月30日","03月31日",""
"2026-05-25","60960","レアジョブ","レアジョブ","RareJob,Inc.","国内","","株式","スタンダード","サービス業","100","2014-06-27","","2007-10-18","東京都","03月31日","09月30日",""
"2026-05-25","60980","リクルートホールディングス","リクルートＨＤ","Recruit Holdings Co.,Ltd.","国内","","株式","プライム","サービス業","100","2014-10-16","","1963-08-26","東京都","03月31日","09月30日",""
"2026-05-25","60990","エラン","エラン","ELAN Corporation","国内","","株式","プライム","サービス業","100","2014-11-07","","1995-02-06","長野県","12月31日","06月30日",""
"2026-05-25","61010","ツガミ","ツガミ","TSUGAMI CORPORATION","国内","","株式","プライム","機械","100","1959-07-01","","1937-03-15","東京都","03月31日","09月30日",""
"2026-05-25","61030","オークマ","オークマ","OKUMA Corporation","国内","","株式","プライム","機械","100","1949-05-16","","1918-07-15","愛知県","03月31日","09月30日",""
"2026-05-25","61040","芝浦機械","芝浦機械","SHIBAURA MACHINE CO.,LTD.","国内","","株式","プライム","機械","100","1949-08-01","","1949-03-18","静岡県","03月31日","09月30日",""
"2026-05-25","61130","アマダ","アマダ","AMADA CO.,LTD.","国内","","株式","プライム","機械","100","1961-10-02","","1948-05-01","神奈川県","03月31日","09月30日",""
"2026-05-25","61180","アイダエンジニアリング","アイダ","AIDA ENGINEERING,LTD.","国内","","株式","プライム","機械","100","1962-06-12","","1937-03-25","神奈川県","03月31日","09月30日",""
"2026-05-25","61250","岡本工作機械製作所","岡本工機","OKAMOTO MACHINE TOOL WORKS,LTD.","国内","","株式","スタンダード","機械","100","1963-10-03","","1935-06-10","群馬県","03月31日","09月30日",""
"2026-05-25","61310","浜井産業","浜井産","HAMAI CO.,LTD.","国内","","株式","上場廃止","機械","100","1963-07-15","2025-06-09","1938-01-13","東京都","03月31日","09月30日",""
"2026-05-25","61340","ＦＵＪＩ","ＦＵＪＩ","FUJI CORPORATION","国内","","株式","プライム","機械","100","2013-06-20","","1948-07-24","愛知県","03月31日","09月30日",""
"2026-05-25","61350","牧野フライス製作所","牧野フライス","Makino Milling Machine Co.,Ltd.","国内","","株式","プライム","機械","100","1964-07-22","","1951-05-01","東京都","03月31日","09月30日",""
"2026-05-25","61360","オーエスジー","ＯＳＧ","OSG Corporation","国内","","株式","プライム","機械","100","1970-12-01","","1938-03-26","愛知県","11月30日","05月31日",""
"2026-05-25","61370","小池酸素工業","小池酸工","KOIKE SANSO KOGYO CO.,LTD.","国内","","株式","スタンダード","機械","100","1969-10-01","","1936-12-08","東京都","03月31日","09月30日",""
"2026-05-25","61380","ダイジェット工業","ダイジェット","DIJET INDUSTRIAL CO.,LTD.","国内","","株式","スタンダード","機械","100","1985-12-24","","1950-12-23","大阪府","03月31日","09月30日",""
"2026-05-25","61400","旭ダイヤモンド工業","旭ダイヤ","Asahi Diamond Industrial Co.,Ltd.","国内","","株式","プライム","機械","100","1972-10-09","","1937-10-09","東京都","03月31日","09月30日",""
"2026-05-25","61410","ＤＭＧ森精機","ＤＭＧ森精機","DMG MORI CO.,LTD.","国内","","株式","プライム","機械","100","1981-11-20","","1948-10-26","東京都","12月31日","06月30日",""
"2026-05-25","61430","ソディック","ソディック","Sodick Co.,Ltd.","国内","","株式","プライム","機械","100","1986-02-19","","1976-08-03","神奈川県","12月31日","06月30日",""
"2026-05-25","61440","西部電機","西部電機","Seibu Electric & Machinery Co.,Ltd.","国内","","株式","スタンダード","機械","100","2006-12-25","","1939-02-01","福岡県","03月31日","09月30日",""
"2026-05-25","61450","ＮＩＴＴＯＫＵ","ＮＩＴＴＯＫＵ","NITTOKU CO.,LTD.","国内","","株式","スタンダード","機械","100","2013-07-16","","1972-09-28","埼玉県","03月31日","09月30日",""
"2026-05-25","61460","ディスコ","ディスコ","DISCO CORPORATION","国内","","株式","プライム","機械","100","1999-12-07","","1940-03-02","東京都","03月31日","09月30日",""
"2026-05-25","61470","ヤマザキ","ヤマザキ","YAMAZAKI CO.,LTD.","国内","","株式","スタンダード","機械","100","2013-07-16","","1960-09-01","静岡県","03月31日","09月30日",""
"2026-05-25","61490","小田原エンジニアリング","小田原エン","Odawara Engineering Co.,Ltd.","国内","","株式","スタンダード","機械","100","2013-07-16","","1979-10-15","神奈川県","12月31日","06月30日",""
"2026-05-25","61500","タケダ機械","タケダ機械","TAKEDA MACHINERY CO.,LTD.","国内","","株式","スタンダード","機械","100","2013-07-16","","1971-06-02","石川県","05月31日","11月30日",""
"2026-05-25","61510","日東工器","日東工器","NITTO KOHKI CO.,LTD.","国内","","株式","プライム","機械","100","1998-04-27","","1951-06-04","東京都","03月31日","09月30日",""
"2026-05-25","61550","高松機械工業","高松機械","TAKAMATSU MACHINERY CO.,LTD.","国内","","株式","スタンダード","機械","100","2006-04-21","","1961-07-01","石川県","03月31日","09月30日",""
"2026-05-25","61560","エーワン精密","エーワン精密","A-ONE SEIMITSU INC.","国内","","株式","スタンダード","機械","100","2013-07-16","","1990-07-02","東京都","06月30日","12月31日",""
"2026-05-25","61570","日進工具","日進工具","NS TOOL CO.,LTD.","国内","","株式","スタンダード","機械","100","2013-07-16","","1979-12-06","東京都","03月31日","09月30日",""
"2026-05-25","61580","和井田製作所","和井田","WAIDA MFG.CO.,LTD.","国内","","株式","スタンダード","機械","100","2013-07-16","","1946-10-22","岐阜県","03月31日","09月30日",""
"2026-05-25","61590","ミクロン精密","ミクロン精密","MICRON MACHINERY CO.,LTD.","国内","","株式","スタンダード","機械","100","2013-07-16","","1961-10-06","山形県","08月31日","02月末日",""
"2026-05-25","61610","エスティック","エスティック","ESTIC CORPORATION","国内","","株式","スタンダード","機械","100","2006-01-30","","1993-08-25","大阪府","03月20日","09月20日",""
"2026-05-25","61650","パンチ工業","パンチ","PUNCH INDUSTRY CO.,LTD.","国内","","株式","スタンダード","機械","100","2012-12-20","","1975-03-29","東京都","03月31日","09月30日",""
"2026-05-25","61660","中村超硬","Ｇ－中村超硬","NAKAMURA CHOUKOU CO.,LTD.","国内","","株式","グロース","機械","100","2015-06-24","","1970-12-21","大阪府","03月31日","09月30日",""
"2026-05-25","61670","冨士ダイス","冨士ダイス","Fuji Die Co.,Ltd.","国内","","株式","プライム","機械","100","2015-06-25","","1956-04-03","東京都","03月31日","09月30日",""
"2026-05-25","61680","ＯＮＥ　ＧＲＯＵＰ","Ｐ－ＯＮＥＧＲＯＵＰ","ONE GROUP CORP.","国内","","株式","TOKYO PRO Market","機械","100","2021-06-30","","1976-09-03","大阪府","06月30日","12月31日",""
"2026-05-25","61710","土木管理総合試験所","土木管理総合試験所","C.E.Management Integrated Laboratory Co.Ltd","国内","","株式","スタンダード","サービス業","100","2015-08-26","","1985-10-01","長野県","12月31日","06月30日",""
"2026-05-25","61730","アクアライン","Ｇ－アクアライン","Aqualine Ltd.","国内","","株式","グロース","サービス業","100","2015-08-31","","1995-11-01","広島県","02月末日","08月31日",""
"2026-05-25","61740","デンタス","Ｐ－デンタス","DENTAS CO.,LTD.","国内","","株式","TOKYO PRO Market","サービス業","100","2015-09-11","","1996-06-11","徳島県","03月31日","09月30日",""
"2026-05-25","61760","ブランジスタ","ブランジスタ","Brangista Inc.","国内","","株式","スタンダード","サービス業","100","2015-09-17","","2000-11-30","東京都","09月30日","03月31日",""
"2026-05-25","61770","ＡｐｐＢａｎｋ","Ｇ－ＡｐｐＢａｎｋ","AppBank Inc.","国内","","株式","グロース","サービス業","100","2015-10-15","","2012-01-23","東京都","12月31日","06月30日",""
"2026-05-25","61780","日本郵政","日本郵政","JAPAN POST HOLDINGS Co.,Ltd.","国内","","株式","プライム","サービス業","100","2015-11-04","","2006-01-23","東京都","03月31日","09月30日",""
"2026-05-25","61800","ＧＭＯメディア","Ｇ－ＧＭＯメディア","GMO Media,Inc.","国内","","株式","グロース","サービス業","100","2015-10-23","","2000-10-13","東京都","12月31日","06月30日",""
"2026-05-25","61810","タメニー","Ｇ－タメニー","Tameny Inc.","国内","","株式","グロース","サービス業","100","2015-10-27","","2004-06-15","東京都","03月31日","09月30日",""
"2026-05-25","61820","メタリアル","Ｇ－メタリアル","MetaReal Corporation","国内","","株式","グロース","サービス業","100","2015-11-19","","1952-04-05","東京都","02月末日","08月31日",""
"2026-05-25","61830","ベルシステム２４ホールディングス","ベル２４ＨＤ","BELLSYSTEM24 HOLDINGS,INC.","国内","","株式","プライム","サービス業","100","2015-11-20","","2014-06-23","東京都","02月末日","08月31日",""
"2026-05-25","61840","鎌倉新書","鎌倉新書","Kamakura Shinsho,Ltd.","国内","","株式","プライム","サービス業","100","2015-12-04","","1984-04-17","東京都","01月31日","07月31日",""
"2026-05-25","61850","ＳＭＮ","ＳＭＮ","SMN Corporation","国内","","株式","スタンダード","サービス業","100","2015-12-22","","2000-03-21","東京都","03月31日","09月30日",""
"2026-05-25","61860","一蔵","一蔵","ICHIKURA CO.,LTD.","国内","","株式","スタンダード","サービス業","100","2015-12-25","","1991-02-05","東京都","03月31日","09月30日",""
"2026-05-25","61890","グローバルキッズＣＯＭＰＡＮＹ","グローバルキッズＣ","Global Kids Company Corp.","国内","","株式","スタンダード","サービス業","100","2016-03-18","","2015-10-01","東京都","09月30日","03月31日",""
"2026-05-25","61900","フェニックスバイオ","Ｇ－ＰＸＢ","PhoenixBio Co.,Ltd.","国内","","株式","グロース","サービス業","100","2016-03-18","","2002-03-04","広島県","03月31日","09月30日",""
"2026-05-25","61910","エアトリ","エアトリ","AirTrip Corp.","国内","","株式","プライム","サービス業","100","2016-03-31","","2007-05-11","東京都","09月30日","03月31日",""
"2026-05-25","61930","バーチャレクス・ホールディングス","Ｇ－バーチャレクス","Virtualex Holdings,Inc.","国内","","株式","グロース","サービス業","100","2016-06-23","","1999-06-15","東京都","03月31日","09月30日",""
"2026-05-25","61940","アトラエ","アトラエ","Atrae,Inc.","国内","","株式","プライム","サービス業","100","2016-06-15","","2003-10-24","東京都","09月30日","03月31日",""
"2026-05-25","61950","ホープ","Ｇ－ホープ","HOPE,INC.","国内","","株式","グロース","サービス業","100","2016-06-15","","1993-10-29","福岡県","03月31日","09月30日",""
"2026-05-25","61960","ストライクグループ","ストライクＧ","Strike Group Co.,Ltd.","国内","","株式","プライム","サービス業","100","2016-06-21","","1997-07-11","東京都","09月30日","03月31日",""
"2026-05-25","61970","ソラスト","ソラスト","Solasto Corporation","国内","","株式","プライム","サービス業","100","2016-06-29","","1968-10-02","東京都","03月31日","09月30日",""
"2026-05-25","61980","キャリア","Ｇ－キャリア","CAREER CO.,LTD.","国内","","株式","グロース","サービス業","100","2016-06-27","","2009-04-28","東京都","09月30日","03月31日",""
"2026-05-25","61990","セラク","セラク","SERAKU Co.,Ltd.","国内","","株式","スタンダード","情報・通信業","100","2016-07-01","","1987-12-21","東京都","08月31日","02月末日",""
"2026-05-25","62000","インソース","インソース","Insource Co.,Ltd.","国内","","株式","プライム","サービス業","100","2016-07-21","","2002-11-08","東京都","09月30日","03月31日",""
"2026-05-25","62010","豊田自動織機","豊田織","TOYOTA INDUSTRIES CORPORATION","国内","","株式","プライム","輸送用機器","100","1949-05-16","","1926-11-18","愛知県","03月31日","09月30日",""
"2026-05-25","62030","豊和工業","豊和工","Howa Machinery,Ltd.","国内","","株式","スタンダード","機械","100","1949-05-16","","1907-02-09","愛知県","03月31日","09月30日",""
"2026-05-25","62080","石川製作所","石川製","Ishikawa Seisakusho,Ltd.","国内","","株式","スタンダード","機械","100","1961-09-01","","1937-01-25","石川県","03月31日","09月30日",""
"2026-05-25","62090","リケンＮＰＲ","リケンＮＰＲ","NPR-RIKEN CORPORATION","国内","","株式","プライム","機械","100","2023-10-02","","2023-10-02","東京都","03月31日","09月30日",""
"2026-05-25","62100","ＴＯＹＯイノベックス","ＴＯＹＯイノベックス","TOYO INNOVEX Co.,Ltd.","国内","","株式","上場廃止","機械","100","2004-10-19","2026-03-30","1925-05-16","兵庫県","03月31日","09月30日",""
"2026-05-25","62170","津田駒工業","津田駒工","TSUDAKOMA Corp.","国内","","株式","スタンダード","機械","100","1961-10-02","","1939-12-28","石川県","11月30日","05月31日",""
"2026-05-25","62180","エンシュウ","エンシュウ","ENSHU Limited","国内","","株式","スタンダード","機械","100","1961-10-02","","1920-02-05","静岡県","03月31日","09月30日",""
"2026-05-25","62220","島精機製作所","島精機","SHIMA SEIKI MFG.,LTD.","国内","","株式","プライム","機械","100","1996-01-25","","1976-08-24","和歌山県","03月31日","09月30日",""
"2026-05-25","62230","西部技研","西部技研","Seibu Giken Co.,Ltd.","国内","","株式","スタンダード","機械","100","2023-10-03","","1965-07-22","福岡県","12月31日","06月30日",""
"2026-05-25","62240","ＪＲＣ","Ｇ－ＪＲＣ","JRC Co.,Ltd.","国内","","株式","グロース","機械","100","2023-08-09","","1991-03-01","大阪府","02月末日","08月31日",""
"2026-05-25","62260","守谷輸送機工業","守谷輸送機工業","Moriya Transportation Engineering and Manufacturing Co.,Ltd.","国内","","株式","スタンダード","機械","100","2022-03-17","","1950-03-30","神奈川県","03月31日","09月30日",""
"2026-05-25","62270","ＡＩメカテック","ＡＩメカテック","AIMECHATEC,Ltd.","国内","","株式","スタンダード","機械","100","2021-07-30","","2016-07-01","茨城県","06月30日","12月31日",""
"2026-05-25","62280","ジェイ・イー・ティ","ジェイ・イー・ティ","J.E.T.Co.,LTD.","国内","","株式","スタンダード","機械","100","2023-09-25","","2009-04-24","岡山県","12月31日","06月30日",""
"2026-05-25","62290","オーケーエム","オーケーエム","OKUMURA ENGINEERING corp.","国内","","株式","スタンダード","機械","100","2020-12-17","","1962-05-31","滋賀県","03月31日","09月30日",""
"2026-05-25","62300","ＳＡＮＥＩ","ＳＡＮＥＩ","SANEI LTD.","国内","","株式","スタンダード","機械","100","2020-12-25","","1960-12-21","大阪府","03月31日","09月30日",""
"2026-05-25","62310","木村工機","木村工機","KIMURA KOHKI Co.,Ltd.","国内","","株式","スタンダード","機械","100","2020-03-13","","1947-08-12","大阪府","03月31日","09月30日",""
"2026-05-25","62320","ＡＣＳＬ","Ｇ－ＡＣＳＬ","ACSL Ltd.","国内","","株式","グロース","機械","100","2018-12-21","","2013-11-01","東京都","12月31日","06月30日",""
"2026-05-25","62330","ＫＬＡＳＳ","ＫＬＡＳＳ","KLASS Corporation","国内","","株式","スタンダード","機械","100","2018-09-27","","1948-10-18","兵庫県","09月30日","03月31日",""
"2026-05-25","62350","オプトラン","オプトラン","OPTORUN CO.,LTD.","国内","","株式","プライム","機械","100","2017-12-20","","1999-08-25","埼玉県","12月31日","06月30日",""
"2026-05-25","62370","イワキポンプ","イワキポンプ","IWAKI CO.,LTD.","国内","","株式","プライム","機械","100","2016-03-18","","1956-04-10","東京都","03月31日","09月30日",""
"2026-05-25","62380","フリュー","フリュー","FURYU CORPORATION","国内","","株式","プライム","機械","100","2015-12-18","","2006-10-03","東京都","03月31日","09月30日",""
"2026-05-25","62390","ナガオカ","ナガオカ","NAGAOKA INTERNATIONAL CORPORATION","国内","","株式","スタンダード","機械","100","2015-06-29","","2004-11-01","大阪府","06月30日","12月31日",""
"2026-05-25","62400","ヤマシンフィルタ","ヤマシンフィルタ","YAMASHIN-FILTER CORP.","国内","","株式","プライム","機械","100","2014-10-08","","1956-04-05","神奈川県","03月31日","09月30日",""
"2026-05-25","62450","ヒラノテクシード","ヒラノテクシード","HIRANO TECSEED CO.,LTD.","国内","","株式","スタンダード","機械","100","2013-07-16","","1949-07-25","奈良県","03月31日","09月30日",""
"2026-05-25","62460","テクノスマート","テクノスマート","Techno Smart Corp.","国内","","株式","スタンダード","機械","100","2013-07-16","","1936-01-01","大阪府","03月31日","09月30日",""
"2026-05-25","62470","日阪製作所","日阪製作","HISAKA WORKS,LTD.","国内","","株式","プライム","機械","100","1985-12-12","","1942-05-05","大阪府","03月31日","09月30日",""
"2026-05-25","62480","横田製作所","横田製作所","Yokota Manufacturing Co., Ltd.","国内","","株式","スタンダード","機械","100","2013-07-16","","1953-05-20","広島県","03月31日","09月30日",""
"2026-05-25","62490","ゲームカードホールディングス","ゲームカードＨＤ","Gamecard Holdings,Inc.","国内","","株式","スタンダード","機械","100","2013-07-16","","2011-04-01","東京都","03月31日","09月30日",""
"2026-05-25","62500","やまびこ","やまびこ","YAMABIKO CORPORATION","国内","","株式","プライム","機械","100","2008-12-01","","2008-12-01","東京都","12月31日","06月30日",""
"2026-05-25","62540","野村マイクロ・サイエンス","野村マイクロ","Nomura Micro Science Co.,Ltd.","国内","","株式","プライム","機械","100","2013-07-16","","1969-04-02","神奈川県","03月31日","09月30日",""
"2026-05-25","62550","エヌ・ピー・シー","Ｇ－ＮＰＣ","NPC Incorporated","国内","","株式","グロース","機械","100","2007-06-29","","1992-12-24","東京都","08月31日","02月末日",""
"2026-05-25","62570","藤商事","藤商事","FUJISHOJI CO.,LTD.","国内","","株式","スタンダード","機械","100","2013-07-16","","1966-10-01","大阪府","03月31日","09月30日",""
"2026-05-25","62580","平田機工","平田機工","HIRATA Corporation","国内","","株式","プライム","機械","100","2013-07-16","","1920-03-20","熊本県","03月31日","09月30日",""
"2026-05-25","62620","ＰＥＧＡＳＵＳ","ＰＥＧＡＳＵＳ","PEGASUS CO.,LTD.","国内","","株式","スタンダード","機械","100","2006-02-23","","1947-01-08","大阪府","03月31日","09月30日",""
"2026-05-25","62640","マルマエ","マルマエ","Marumae Co.,Ltd.","国内","","株式","プライム","機械","100","2006-12-26","","1988-10-08","鹿児島県","08月31日","02月末日",""
"2026-05-25","62650","コンバム","コンバム","CONVUM Ltd.","国内","","株式","スタンダード","機械","100","2013-07-16","","1951-04-16","東京都","12月31日","06月30日",""
"2026-05-25","62660","タツモ","タツモ","TAZMO CO.,LTD.","国内","","株式","プライム","機械","100","2013-07-16","","1972-02-26","岡山県","12月31日","06月30日",""
"2026-05-25","62670","ゼネラルパッカー","ゼネパッカー","GENERAL PACKER CO.,LTD.","国内","","株式","スタンダード","機械","100","2013-07-16","","1966-02-09","愛知県","07月31日","01月31日",""
"2026-05-25","62680","ナブテスコ","ナブテスコ","Nabtesco Corporation","国内","","株式","プライム","機械","100","2003-09-29","","2003-09-29","東京都","12月31日","06月30日",""
"2026-05-25","62690","三井海洋開発","三井海洋","MODEC,INC.","国内","","株式","プライム","機械","100","2003-07-02","","1987-06-01","東京都","12月31日","06月30日",""
"2026-05-25","62720","レオン自動機","レオン自機","RHEON AUTOMATIC MACHINERY CO.,LTD.","国内","","株式","プライム","機械","100","1987-02-20","","1963-03-15","栃木県","03月31日","09月30日",""
"2026-05-25","62730","ＳＭＣ","ＳＭＣ","SMC CORPORATION","国内","","株式","プライム","機械","100","1987-12-23","","1959-04-27","東京都","03月31日","09月30日",""
"2026-05-25","62760","シリウスビジョン","シリウスＶ","SiriusVision CO.,LTD.","国内","","株式","スタンダード","電気機器","100","2013-07-16","","1980-01-12","神奈川県","12月31日","06月30日",""
"2026-05-25","62770","ホソカワミクロン","ホソカワミクロン","HOSOKAWA MICRON CORPORATION","国内","","株式","プライム","機械","100","1991-08-01","","1949-08-13","大阪府","09月30日","03月31日",""
"2026-05-25","62780","ユニオンツール","ユニオンツール","UNION TOOL CO.","国内","","株式","プライム","機械","100","1996-09-25","","1960-12-14","東京都","12月31日","06月30日",""
"2026-05-25","62790","瑞光","瑞光","ZUIKO CORPORATION","国内","","株式","プライム","機械","100","2013-07-16","","1963-04-03","大阪府","02月20日","08月20日",""
"2026-05-25","62820","オイレス工業","オイレス工","OILES CORPORATION","国内","","株式","プライム","機械","100","1994-03-04","","1952-03-11","神奈川県","03月31日","09月30日",""
"2026-05-25","62840","日精エー・エス・ビー機械","ＡＳＢ機械","NISSEI ASB MACHINE CO.,LTD.","国内","","株式","プライム","機械","100","2012-09-26","","1978-11-08","長野県","09月30日","03月31日",""
"2026-05-25","62860","靜甲","靜甲","SEIKO CORPORATION","国内","","株式","スタンダード","機械","100","2013-07-16","","1939-05-18","静岡県","03月31日","09月30日",""
"2026-05-25","62870","サトー","サトー","SATO CORPORATION","国内","","株式","プライム","機械","100","1994-08-09","","1951-05-16","東京都","03月31日","09月30日",""
"2026-05-25","62890","技研製作所","技研製作所","GIKEN LTD.","国内","","株式","プライム","機械","100","2013-07-16","","1981-10-24","高知県","08月31日","02月末日",""
"2026-05-25","62910","日本エアーテック","エアーテック","AIRTECH JAPAN,LTD.","国内","","株式","スタンダード","機械","100","1997-07-30","","1973-03-08","東京都","12月31日","06月30日",""
"2026-05-25","62920","カワタ","カワタ","KAWATA MFG. CO.,LTD.","国内","","株式","スタンダード","機械","100","2013-06-24","","1951-07-13","大阪府","03月31日","09月30日",""
"2026-05-25","62930","日精樹脂工業","日精樹脂","NISSEI PLASTIC INDUSTRIAL CO.,LTD.","国内","","株式","上場廃止","機械","100","2000-09-13","2026-03-30","1957-05-25","長野県","03月31日","09月30日",""
"2026-05-25","62940","オカダアイヨン","オカダアイヨン","OKADA AIYON CORPORATION","国内","","株式","プライム","機械","100","2013-07-16","","1960-09-01","大阪府","03月31日","09月30日",""
"2026-05-25","62970","鉱研工業","鉱研工業","KOKEN BORING MACHINE CO.,LTD.","国内","","株式","上場廃止","機械","100","2013-07-16","2025-11-17","1947-10-16","東京都","03月31日","09月30日",""
"2026-05-25","62980","ワイエイシイホールディングス","ワイエイシイＨＤ","Y.A.C.HOLDINGS CO.,LTD.","国内","","株式","プライム","機械","100","2006-10-31","","1973-05-11","東京都","03月31日","09月30日",""
"2026-05-25","63010","小松製作所","コマツ","KOMATSU LTD.","国内","","株式","プライム","機械","100","1949-05-16","","1921-04-30","東京都","03月31日","09月30日",""
"2026-05-25","63020","住友重機械工業","住友重","SUMITOMO HEAVY INDUSTRIES,LTD.","国内","","株式","プライム","機械","100","1949-05-16","","1934-11-01","東京都","12月31日","06月30日",""
"2026-05-25","63050","日立建機","日立建機","Hitachi Construction Machinery Co.,Ltd.","国内","","株式","プライム","機械","100","1981-12-17","","1951-01-30","東京都","03月31日","09月30日",""
"2026-05-25","63060","日工","日工","NIKKO CO.,LTD.","国内","","株式","プライム","機械","100","1962-05-07","","1919-08-03","兵庫県","03月31日","09月30日",""
"2026-05-25","63070","サンセイ","サンセイ","SANSEI CO.,LTD.","国内","","株式","スタンダード","機械","100","2013-07-16","","1963-07-22","大阪府","03月31日","09月30日",""
"2026-05-25","63090","巴工業","巴工業","TOMOE ENGINEERING CO.,LTD.(TOMOE KOGYO CO.,LTD.)","国内","","株式","プライム","機械","100","2004-10-25","","1941-05-29","東京都","10月31日","04月30日",""
"2026-05-25","63100","井関農機","井関農","ISEKI & CO.,LTD.","国内","","株式","プライム","機械","100","1961-06-26","","1936-04-06","東京都","12月31日","06月30日",""
"2026-05-25","63120","フロイント産業","フロイント","Freund Corporation","国内","","株式","上場廃止","機械","100","2013-07-16","2026-01-27","1964-04-22","東京都","02月末日","08月31日",""
"2026-05-25","63150","ＴＯＷＡ","ＴＯＷＡ","TOWA CORPORATION","国内","","株式","プライム","機械","100","2000-11-29","","1979-04-17","京都府","03月31日","09月30日",""
"2026-05-25","63160","丸山製作所","丸山製","MARUYAMA MFG.CO.,INC.","国内","","株式","スタンダード","機械","100","1961-10-02","","1937-11-01","東京都","09月30日","03月31日",""
"2026-05-25","63170","北川鉄工所","北川鉄","Kitagawa Corporation","国内","","株式","スタンダード","機械","100","1961-10-02","","1941-11-28","広島県","03月31日","09月30日",""
"2026-05-25","63190","シンニッタン","シンニッタン","SNT CORPORATION","国内","","株式","上場廃止","鉄鋼","100","1962-08-02","2025-05-26","1948-11-15","茨城県","03月31日","09月30日",""
"2026-05-25","63220","タクミナ","タクミナ","TACMINA CORPORATION","国内","","株式","スタンダード","機械","100","2013-07-16","","1977-04-26","大阪府","03月31日","09月30日",""
"2026-05-25","63230","ローツェ","ローツェ","RORZE CORPORATION","国内","","株式","プライム","機械","100","2013-07-16","","1966-03-30","広島県","02月末日","08月31日",""
"2026-05-25","63240","ハーモニック・ドライブ・システムズ","ハーモニック","Harmonic Drive Systems Inc.","国内","","株式","プライム","機械","100","2013-07-16","","1989-02-23","東京都","03月31日","09月30日",""
"2026-05-25","63250","タカキタ","タカキタ","TAKAKITA CO.,LTD.","国内","","株式","スタンダード","機械","100","1963-09-14","","1945-03-31","三重県","03月31日","09月30日",""
"2026-05-25","63260","クボタ","クボタ","KUBOTA CORPORATION","国内","","株式","プライム","機械","100","1949-05-16","","1930-12-22","大阪府","12月31日","06月30日",""
"2026-05-25","63270","北川精機","北川精機","KITAGAWA SEIKI CO.,LTD.","国内","","株式","スタンダード","機械","100","2013-07-16","","1957-01-14","広島県","06月30日","12月31日",""
"2026-05-25","63280","荏原実業","荏原実業","EBARA JITSUGYO CO.,LTD.","国内","","株式","プライム","機械","100","2001-02-16","","1946-11-26","東京都","12月31日","06月30日",""
"2026-05-25","63300","東洋エンジニアリング","洋エンジ","TOYO ENGINEERING CORPORATION","国内","","株式","プライム","建設業","100","1980-11-04","","1944-11-01","千葉県","03月31日","09月30日",""
"2026-05-25","63310","三菱化工機","菱化工機","Mitsubishi Kakoki Kaisha,Ltd.","国内","","株式","プライム","機械","100","1950-03-17","","1949-09-01","神奈川県","03月31日","09月30日",""
"2026-05-25","63320","月島ホールディングス","月島ＨＤ","TSUKISHIMA HOLDINGS CO.,LTD.","国内","","株式","プライム","機械","100","1949-05-16","","1917-05-31","東京都","03月31日","09月30日",""
"2026-05-25","63330","ＴＥＩＫＯＫＵ","ＴＥＩＫＯＫＵ","TEIKOKU CORPORATION","国内","","株式","プライム","機械","100","2005-02-28","","1939-09-12","兵庫県","03月31日","09月30日",""
"2026-05-25","63340","明治機械","明治機","Meiji Machine Co.,Ltd.","国内","","株式","スタンダード","機械","100","1949-05-16","","1925-08-20","東京都","03月31日","09月30日",""
"2026-05-25","63350","東京機械製作所","東京機","TOKYO KIKAI SEISAKUSHO,LTD.","国内","","株式","スタンダード","機械","100","1949-05-16","","1916-02-15","東京都","03月31日","09月30日",""
"2026-05-25","63360","石井表記","石井表記","ISHII HYOKI CO.,LTD.","国内","","株式","スタンダード","機械","100","2000-03-01","","1973-04-09","広島県","01月31日","07月31日",""
"2026-05-25","63370","テセック","テセック","TESEC Corporation","国内","","株式","スタンダード","機械","100","2013-07-16","","1969-12-22","東京都","03月31日","09月30日",""
"2026-05-25","63380","タカトリ","タカトリ","Takatori Corporation","国内","","株式","スタンダード","機械","100","2013-07-16","","1956-10-01","奈良県","09月30日","03月31日",""
"2026-05-25","63390","新東工業","新東工","Sintokogio,Ltd.","国内","","株式","プライム","機械","100","1962-09-25","","1934-10-02","愛知県","03月31日","09月30日",""
"2026-05-25","63400","澁谷工業","渋谷工","SHIBUYA CORPORATION","国内","","株式","プライム","機械","100","1985-03-26","","1949-06-21","石川県","06月30日","12月31日",""
"2026-05-25","63420","太平製作所","太平製作所","Taihei Machinery Works,Limited","国内","","株式","スタンダード","機械","100","2013-07-16","","1925-05-21","愛知県","03月31日","09月30日",""
"2026-05-25","63430","フリージア・マクロス","フリージアマク","FREESIA MACROSS CORPORATION","国内","","株式","スタンダード","機械","100","1963-07-22","","1947-10-30","東京都","03月31日","09月30日",""
"2026-05-25","63450","アイチ　コーポレーション","アイチ","AICHI CORPORATION","国内","","株式","プライム","機械","100","1987-04-30","","1943-06-29","埼玉県","03月31日","09月30日",""
"2026-05-25","63460","キクカワエンタープライズ","キクカワ","KIKUKAWA ENTERPRISE,INC.","国内","","株式","スタンダード","機械","100","2013-07-16","","1947-06-14","三重県","03月31日","09月30日",""
"2026-05-25","63470","プラコー","プラコー","PLACO CO.,LTD.","国内","","株式","スタンダード","機械","100","2013-07-16","","1940-12-26","埼玉県","03月31日","09月30日",""
"2026-05-25","63490","小森コーポレーション","小森","KOMORI CORPORATION","国内","","株式","プライム","機械","100","1983-04-21","","1946-12-28","東京都","03月31日","09月30日",""
"2026-05-25","63510","鶴見製作所","鶴見製","TSURUMI MANUFACTURING CO.,LTD.","国内","","株式","プライム","機械","100","1988-07-15","","1948-02-12","大阪府","03月31日","09月30日",""
"2026-05-25","63560","日本ギア工業","日ギア","NIPPON GEAR CO.,LTD.","国内","","株式","スタンダード","機械","100","1961-10-02","","1938-12-05","東京都","03月31日","09月30日",""
"2026-05-25","63570","三精テクノロジーズ","三精テクノロジーズ","Sansei Technologies,Inc.","国内","","株式","スタンダード","機械","100","2013-07-16","","1951-02-27","大阪府","03月31日","09月30日",""
"2026-05-25","63580","酒井重工業","酒井重","SAKAI HEAVY INDUSTRIES,LTD.","国内","","株式","プライム","機械","100","1964-09-24","","1949-05-07","東京都","03月31日","09月30日",""
"2026-05-25","63600","東京自働機械製作所","東自機","TOKYO AUTOMATIC MACHINERY WORKS,LTD.","国内","","株式","スタンダード","機械","100","1963-07-13","","1944-06-05","東京都","03月31日","09月30日",""
"2026-05-25","63610","荏原製作所","荏原製","EBARA CORPORATION","国内","","株式","プライム","機械","100","1949-05-16","","1920-05-20","東京都","12月31日","06月30日",""
"2026-05-25","63630","酉島製作所","酉島製","Torishima Pump Mfg.Co.,Ltd.","国内","","株式","プライム","機械","100","1981-12-16","","1928-04-20","大阪府","03月31日","09月30日",""
"2026-05-25","63640","ＡＩＲＭＡＮ","ＡＩＲＭＡＮ","AIRMAN CORPORATION","国内","","株式","プライム","機械","100","2000-03-01","","1938-05-15","新潟県","03月31日","09月30日",""
"2026-05-25","63650","電業社機械製作所","電業社","DMW CORPORATION","国内","","株式","スタンダード","機械","100","1961-10-02","","1955-03-26","東京都","03月31日","09月30日",""
"2026-05-25","63660","千代田化工建設","千代化建","Chiyoda Corporation","国内","","株式","スタンダード","建設業","100","1961-03-22","","1948-01-20","神奈川県","03月31日","09月30日",""
"2026-05-25","63670","ダイキン工業","ダイキン工","DAIKIN INDUSTRIES,LTD.","国内","","株式","プライム","機械","100","1957-06-01","","1934-02-11","大阪府","03月31日","09月30日",""
"2026-05-25","63680","オルガノ","オルガノ","ORGANO CORPORATION","国内","","株式","プライム","機械","100","1961-10-02","","1941-07-29","東京都","03月31日","09月30日",""
"2026-05-25","63690","トーヨーカネツ","トーヨーカネツ","TOYO KANETSU K.K.","国内","","株式","プライム","機械","100","1961-10-02","","1941-05-16","東京都","03月31日","09月30日",""
"2026-05-25","63700","栗田工業","栗田工","Kurita Water Industries Ltd.","国内","","株式","プライム","機械","100","1961-10-02","","1949-07-13","東京都","03月31日","09月30日",""
"2026-05-25","63710","椿本チエイン","椿本チエイン","TSUBAKIMOTO CHAIN CO.","国内","","株式","プライム","機械","100","1949-05-16","","1941-01-31","大阪府","03月31日","09月30日",""
"2026-05-25","63730","大同工業","大同工","DAIDO KOGYO CO.,LTD.","国内","","株式","上場廃止","機械","100","1961-10-02","2025-12-29","1933-05-25","石川県","03月31日","09月30日",""
"2026-05-25","63760","日機装","日機装","NIKKISO CO.,LTD.","国内","","株式","プライム","精密機器","100","1961-10-02","","1950-03-07","東京都","12月31日","06月30日",""
"2026-05-25","63780","木村化工機","木村化工","KIMURA CHEMICAL PLANTS CO.,LTD.","国内","","株式","スタンダード","機械","100","1971-10-04","","1950-06-09","兵庫県","03月31日","09月30日",""
"2026-05-25","63790","レイズネクスト","レイズネクスト","RAIZNEXT Corporation","国内","","株式","プライム","建設業","100","1961-10-02","","1938-07-20","神奈川県","03月31日","09月30日",""
"2026-05-25","63800","オリエンタルチエン工業","オリチエン工業","ORIENTAL CHAIN MFG. CO.,LTD.","国内","","株式","スタンダード","機械","100","2013-07-16","","1947-08-26","石川県","03月31日","09月30日",""
"2026-05-25","63810","アネスト岩田","アネスト岩田","ANEST IWATA Corporation","国内","","株式","プライム","機械","100","1963-12-06","","1948-06-02","神奈川県","03月31日","09月30日",""
"2026-05-25","63820","トリニティ工業","トリニ工","TRINITY INDUSTRIAL CORPORATION","国内","","株式","スタンダード","機械","100","1963-08-07","","1946-10-02","愛知県","03月31日","09月30日",""
"2026-05-25","63830","ダイフク","ダイフク","DAIFUKU CO.,LTD.","国内","","株式","プライム","機械","100","1962-07-02","","1937-05-20","大阪府","12月31日","06月30日",""
"2026-05-25","63840","昭和真空","昭和真空","SHOWA SHINKU CO.,LTD.","国内","","株式","スタンダード","機械","100","2013-07-16","","1958-08-26","神奈川県","03月31日","09月30日",""
"2026-05-25","63870","サムコ","サムコ","SAMCO INC.","国内","","株式","プライム","機械","100","2013-07-16","","1979-09-01","京都府","07月31日","01月31日",""
"2026-05-25","63900","加藤製作所","加藤製","KATO WORKS CO.,LTD.","国内","","株式","プライム","機械","100","1962-08-02","","1935-01-20","東京都","03月31日","09月30日",""
"2026-05-25","63910","加地テック","加地テック","KAJI TECHNOLOGY CORPORATION","国内","","株式","スタンダード","機械","100","2013-07-16","","1934-02-01","大阪府","03月31日","09月30日",""
"2026-05-25","63920","ヤマダコーポレーション","ヤマダコーポ","YAMADA CORPORATION","国内","","株式","スタンダード","機械","100","1962-09-11","","1939-12-20","東京都","03月31日","09月30日",""
"2026-05-25","63930","油研工業","油研工","YUKEN KOGYO CO.,LTD.","国内","","株式","スタンダード","機械","100","1962-10-02","","1947-04-05","神奈川県","03月31日","09月30日",""
"2026-05-25","63950","タダノ","タダノ","TADANO LTD.","国内","","株式","プライム","機械","100","1971-03-01","","1948-08-24","香川県","12月31日","06月30日",""
"2026-05-25","63960","宇野澤組鐵工所","宇野沢鉄","Unozawa-gumi Iron Works,Limited","国内","","株式","スタンダード","機械","100","1962-11-08","","1933-12-15","東京都","03月31日","09月30日",""
"2026-05-25","64000","不二精機","不二精機","FUJI SEIKI CO.,LTD.","国内","","株式","スタンダード","機械","100","2013-07-16","","1965-07-01","大阪府","12月31日","06月30日",""
"2026-05-25","64020","兼松エンジニアリング","兼松エンジニア","KANEMATSU ENGINEERING CO.,LTD.","国内","","株式","スタンダード","機械","100","2013-07-16","","1971-09-01","高知県","03月31日","09月30日",""
"2026-05-25","64030","水道機工","水道機工","SUIDO KIKO KAISHA,LTD.","国内","","株式","スタンダード","機械","100","2013-07-16","","1936-01-15","東京都","03月31日","09月30日",""
"2026-05-25","64050","鈴茂器工","鈴茂器工","Suzumo Machinery Co.,Ltd.","国内","","株式","スタンダード","機械","100","2013-07-16","","1961-01-13","東京都","03月31日","09月30日",""
"2026-05-25","64060","フジテック","フジテック","FUJITEC CO.,LTD.","国内","","株式","上場廃止","機械","100","1970-03-10","2026-03-23","1948-02-12","滋賀県","03月31日","09月30日",""
"2026-05-25","64070","ＣＫＤ","ＣＫＤ","CKD Corporation","国内","","株式","プライム","機械","100","1979-11-27","","1943-04-02","愛知県","03月31日","09月30日",""
"2026-05-25","64080","小倉クラッチ","小倉クラッチ","OGURA CLUTCH CO.,LTD.","国内","","株式","スタンダード","機械","100","2013-07-16","","1948-05-25","群馬県","03月31日","09月30日",""
"2026-05-25","64110","中野冷機","中野冷機","NAKANO REFRIGERATORS CO.,LTD.","国内","","株式","上場廃止","機械","100","2013-07-16","2025-10-14","1946-02-08","東京都","12月31日","06月30日",""
"2026-05-25","64120","平和","平和","Heiwa Corporation","国内","","株式","プライム","機械","100","1991-12-06","","1969-12-16","東京都","03月31日","09月30日",""
"2026-05-25","64130","理想科学工業","理想科学","RISO KAGAKU CORPORATION","国内","","株式","プライム","機械","100","2006-12-28","","1955-01-25","東京都","03月31日","09月30日",""
"2026-05-25","64160","桂川電機","桂川電機","KATSURAGAWA ELECTRIC CO.,LTD.","国内","","株式","上場廃止","機械","100","2013-07-16","2025-11-05","1945-04-09","東京都","03月31日","09月30日",""
"2026-05-25","64170","ＳＡＮＫＹＯ","ＳＡＮＫＹＯ","SANKYO CO.,LTD.","国内","","株式","プライム","機械","100","1995-08-30","","1960-10-18","東京都","03月31日","09月30日",""
"2026-05-25","64180","日本金銭機械","日金銭","JAPAN CASH MACHINE CO.,LTD.","国内","","株式","プライム","機械","100","2000-12-18","","1955-01-11","大阪府","03月31日","09月30日",""
"2026-05-25","64190","マースグループホールディングス","マースグループＨＤ","Mars Group Holdings Corporation","国内","","株式","プライム","機械","100","1996-09-13","","1974-09-13","東京都","03月31日","09月30日",""
"2026-05-25","64200","ガリレイ","ガリレイ","GALILEI CO.LTD.","国内","","株式","プライム","機械","100","2002-04-15","","1951-12-08","大阪府","03月31日","09月30日",""
"2026-05-25","64240","高見沢サイバネティックス","高見サイ","TAKAMISAWA CYBERNETICS COMPANY,LTD.","国内","","株式","スタンダード","機械","100","2013-07-16","","1969-10-01","東京都","03月31日","09月30日",""
"2026-05-25","64250","ユニバーサルエンターテインメント","ユニバーサル","Universal Entertainment Corporation","国内","","株式","スタンダード","機械","100","2013-07-16","","1979-12-10","東京都","12月31日","06月30日",""
"2026-05-25","64280","オーイズミ","オーイズミ","OIZUMI Corporation","国内","","株式","スタンダード","機械","100","2002-03-12","","1974-07-18","神奈川県","03月31日","09月30日",""
"2026-05-25","64300","ダイコク電機","ダイコク電","DAIKOKU DENKI CO.,LTD.","国内","","株式","プライム","機械","100","2002-11-06","","1947-03-19","愛知県","03月31日","09月30日",""
"2026-05-25","64320","竹内製作所","竹内製作所","TAKEUCHI MFG.CO.,LTD.","国内","","株式","プライム","機械","100","2013-07-16","","1963-08-21","長野県","02月末日","08月31日",""
"2026-05-25","64330","ヒーハイスト","ヒーハイスト","HEPHAIST CO.,LTD.","国内","","株式","スタンダード","機械","100","2013-07-16","","1962-07-19","埼玉県","03月31日","09月30日",""
"2026-05-25","64360","アマノ","アマノ","Amano Corporation","国内","","株式","プライム","機械","100","1961-10-02","","1945-11-22","神奈川県","03月31日","09月30日",""
"2026-05-25","64400","ＪＵＫＩ","ＪＵＫＩ","JUKI CORPORATION","国内","","株式","プライム","機械","100","1961-10-02","","1943-09-03","東京都","12月31日","06月30日",""
"2026-05-25","64440","サンデン","サンデン","SANDEN CORPORATION","国内","","株式","スタンダード","機械","100","1962-08-20","","1943-07-30","群馬県","12月31日","06月30日",""
"2026-05-25","64450","ジャノメ","ジャノメ","JANOME Corporation","国内","","株式","プライム","機械","100","1962-09-05","","1950-06-27","東京都","03月31日","09月30日",""
"2026-05-25","64480","ブラザー工業","ブラザー","BROTHER INDUSTRIES,LTD.","国内","","株式","プライム","電気機器","100","1963-01-21","","1934-01-15","愛知県","03月31日","09月30日",""
"2026-05-25","64540","マックス","マックス","MAX CO.,LTD.","国内","","株式","プライム","機械","100","1970-03-23","","1942-11-26","東京都","03月31日","09月30日",""
"2026-05-25","64550","モリタホールディングス","モリタＨＤ","MORITA HOLDINGS CORPORATION","国内","","株式","プライム","輸送用機器","100","1979-05-24","","1932-07-23","大阪府","03月31日","09月30日",""
"2026-05-25","64570","グローリー","グローリー","GLORY LTD.","国内","","株式","プライム","機械","100","2000-12-20","","1944-11-27","兵庫県","03月31日","09月30日",""
"2026-05-25","64580","新晃工業","新晃工業","SINKO INDUSTRIES LTD.","国内","","株式","プライム","機械","100","2013-07-16","","1950-06-16","大阪府","03月31日","09月30日",""
"2026-05-25","64590","大和冷機工業","大和冷機","DAIWA INDUSTRIES LTD.","国内","","株式","プライム","機械","100","1991-08-29","","1950-02-24","大阪府","12月31日","06月30日",""
"2026-05-25","64600","セガサミーホールディングス","セガサミーＨＤ","SEGA SAMMY HOLDINGS INC.","国内","","株式","プライム","機械","100","2004-10-01","","2004-10-01","東京都","03月31日","09月30日",""
"2026-05-25","64630","ＴＰＲ","ＴＰＲ","TPR CO.,LTD.","国内","","株式","プライム","機械","100","1961-10-02","","1939-12-03","東京都","03月31日","09月30日",""
"2026-05-25","64640","ツバキ・ナカシマ","ツバキ・ナカシマ","TSUBAKI NAKASHIMA CO.,LTD.","国内","","株式","プライム","機械","100","2015-12-16","","2007-01-05","大阪府","12月31日","06月30日",""
"2026-05-25","64650","ホシザキ","ホシザキ","HOSHIZAKI CORPORATION","国内","","株式","プライム","機械","100","2008-12-10","","1947-02-05","愛知県","12月31日","06月30日",""
"2026-05-25","64660","ＴＶＥ","ＴＶＥ","TVE Co.,Ltd.","国内","","株式","スタンダード","機械","100","2000-03-15","","2000-03-16","兵庫県","09月30日","03月31日",""
"2026-05-25","64670","ニチダイ","ニチダイ","NICHIDAI CORPORATION","国内","","株式","スタンダード","機械","100","2013-07-16","","1967-05-01","京都府","03月31日","09月30日",""
"2026-05-25","64690","放電精密加工研究所","放電精密","HODEN SEIMITSU KAKO KENKYUSHO CO.,LTD.","国内","","株式","スタンダード","機械","100","2013-07-16","","1961-12-21","神奈川県","02月末日","08月31日",""
"2026-05-25","64700","大豊工業","大豊工業","TAIHO KOGYO CO.,LTD.","国内","","株式","スタンダード","機械","100","2000-03-23","","1939-12-01","愛知県","03月31日","09月30日",""
"2026-05-25","64710","日本精工","日本精工","NSK Ltd.","国内","","株式","プライム","機械","100","1949-05-16","","1916-11-08","東京都","03月31日","09月30日",""
"2026-05-25","64720","ＮＴＮ","ＮＴＮ","NTN CORPORATION","国内","","株式","プライム","機械","100","1949-05-16","","1934-03-19","大阪府","03月31日","09月30日",""
"2026-05-25","64730","ジェイテクト","ジェイテクト","JTEKT Corporation","国内","","株式","プライム","機械","100","1949-05-16","","1935-01-18","愛知県","03月31日","09月30日",""
"2026-05-25","64740","不二越","不二越","NACHI-FUJIKOSHI CORP.","国内","","株式","プライム","機械","100","1949-05-16","","1928-12-21","東京都","11月30日","05月31日",""
"2026-05-25","64790","ミネベアミツミ","ミネベアミツミ","MINEBEA MITSUMI Inc.","国内","","株式","プライム","電気機器","100","1961-10-02","","1951-07-16","長野県","03月31日","09月30日",""
"2026-05-25","64800","日本トムソン","日トムソン","NIPPON THOMPSON CO.,LTD.","国内","","株式","プライム","機械","100","1963-10-03","","1950-02-10","東京都","03月31日","09月30日",""
"2026-05-25","64810","ＴＨＫ","ＴＨＫ","THK CO.,LTD.","国内","","株式","プライム","機械","100","2001-02-26","","1946-03-11","東京都","12月31日","06月30日",""
"2026-05-25","64820","ＹＵＳＨＩＮ","ＹＵＳＨＩＮ","Yushin Company","国内","","株式","スタンダード","機械","100","1999-12-14","","1973-10-22","京都府","03月31日","09月30日",""
"2026-05-25","64840","ＫＶＫ","ＫＶＫ","KVK CORPORATION","国内","","株式","スタンダード","機械","100","2013-07-16","","1949-01-25","岐阜県","03月31日","09月30日",""
"2026-05-25","64850","前澤給装工業","前沢給装","MAEZAWA KYUSO INDUSTRIES CO.,LTD.","国内","","株式","スタンダード","機械","100","1998-02-09","","1957-01-23","東京都","03月31日","09月30日",""
"2026-05-25","64860","イーグル工業","イーグル工","EAGLE INDUSTRY CO.,LTD.","国内","","株式","プライム","機械","100","1982-01-20","","1948-04-02","東京都","03月31日","09月30日",""
"2026-05-25","64880","ヨシタケ","ヨシタケ","Yoshitake Inc.","国内","","株式","スタンダード","機械","100","2013-07-16","","1944-02-18","愛知県","03月31日","09月30日",""
"2026-05-25","64890","前澤工業","前沢工","Maezawa Industries,Inc.","国内","","株式","スタンダード","機械","100","1994-03-25","","1947-09-26","埼玉県","05月31日","11月30日",""
"2026-05-25","64900","ＰＩＬＬＡＲ","ＰＩＬＬＡＲ","PILLAR Corporation","国内","","株式","プライム","機械","100","2001-01-09","","1948-05-22","大阪府","03月31日","09月30日",""
"2026-05-25","64920","岡野バルブ製造","岡野バル","OKANO VALVE MFG.CO.LTD.","国内","","株式","スタンダード","機械","100","1962-04-16","","1936-02-21","福岡県","09月30日","03月31日",""
"2026-05-25","64930","ＮＩＴＴＡＮ","ＮＩＴＴＡＮ","NITTAN Corporation","国内","","株式","スタンダード","輸送用機器","100","1962-09-06","","1948-11-10","神奈川県","03月31日","09月30日",""
"2026-05-25","64940","ＮＦＫホールディングス","ＮＦＫ－ＨＤ","NFK HOLDINGS CO.,Ltd","国内","","株式","スタンダード","機械","100","2013-07-16","","1950-04-12","東京都","03月31日","09月30日",""
"2026-05-25","64950","宮入バルブ製作所","宮入バル","MIYAIRI VALVE MFG.CO.,LTD.","国内","","株式","スタンダード","機械","100","1963-09-05","","1949-04-08","東京都","03月31日","09月30日",""
"2026-05-25","64960","中北製作所","中北製作所","NAKAKITA SEISAKUSHO CO.,LTD.","国内","","株式","スタンダード","機械","100","2013-07-16","","1937-05-11","大阪府","05月31日","11月30日",""
"2026-05-25","64970","ハマイ","ハマイ","HAMAI INDUSTRIES LTD","国内","","株式","スタンダード","機械","100","2013-07-16","","1948-05-24","東京都","12月31日","06月30日",""
"2026-05-25","64980","キッツ","キッツ","KITZ CORPORATION","国内","","株式","プライム","機械","100","1961-10-02","","1944-07-01","東京都","12月31日","06月30日",""
"2026-05-25","65010","日立製作所","日立","Hitachi,Ltd.","国内","","株式","プライム","電気機器","100","1949-05-16","","1920-02-01","東京都","03月31日","09月30日",""
"2026-05-25","65030","三菱電機","三菱電","Mitsubishi Electric Corporation","国内","","株式","プライム","電気機器","100","1949-05-16","","1921-01-15","東京都","03月31日","09月30日",""
"2026-05-25","65040","富士電機","富士電機","FUJI ELECTRIC CO.,LTD.","国内","","株式","プライム","電気機器","100","1949-05-16","","1923-08-22","東京都","03月31日","09月30日",""
"2026-05-25","65050","東洋電機製造","東洋電","TOYO DENKI SEIZO K.K.(TOYO ELECTRIC MFG.CO.,LTD.)","国内","","株式","スタンダード","電気機器","100","1949-05-16","","1918-06-20","東京都","05月31日","11月30日",""
"2026-05-25","65060","安川電機","安川電","YASKAWA Electric Corporation","国内","","株式","プライム","電気機器","100","1949-05-16","","1919-12-21","福岡県","02月末日","08月31日",""
"2026-05-25","65070","シンフォニアテクノロジー","シンフォニア","SINFONIA TECHNOLOGY CO.,LTD.","国内","","株式","プライム","電気機器","100","1952-03-03","","1949-08-18","東京都","03月31日","09月30日",""
"2026-05-25","65080","明電舎","明電舎","MEIDENSHA CORPORATION","国内","","株式","プライム","電気機器","100","1949-05-16","","1917-06-01","東京都","03月31日","09月30日",""
"2026-05-25","65130","オリジン","オリジン","Origin Company,Limited","国内","","株式","スタンダード","電気機器","100","1961-10-02","","1938-05-01","埼玉県","03月31日","09月30日",""
"2026-05-25","65160","山洋電気","山洋電気","SANYO DENKI CO.,LTD.","国内","","株式","プライム","電気機器","100","1962-09-29","","1936-12-31","東京都","03月31日","09月30日",""
"2026-05-25","65170","デンヨー","デンヨー","Denyo Co.,Ltd.","国内","","株式","プライム","電気機器","100","1983-02-14","","1948-07-02","東京都","03月31日","09月30日",""
"2026-05-25","65180","三相電機","三相電機","SANSO ELECTRIC CO.,LTD.","国内","","株式","スタンダード","電気機器","100","2013-07-16","","1957-10-11","兵庫県","03月31日","09月30日",""
"2026-05-25","65210","オキサイド","Ｇ－オキサイド","OXIDE Corporation","国内","","株式","グロース","電気機器","100","2021-04-05","","2000-10-18","山梨県","02月末日","08月31日",""
"2026-05-25","65220","アスタリスク","Ｇ－アスタリスク","Asterisk Inc.","国内","","株式","グロース","電気機器","100","2021-09-30","","2006-09-01","大阪府","08月31日","02月末日",""
"2026-05-25","65230","ＰＨＣホールディングス","ＰＨＣＨＤ","PHC Holdings Corporation","国内","","株式","プライム","電気機器","100","2021-10-14","","2013-08-13","東京都","03月31日","09月30日",""
"2026-05-25","65240","湖北工業","湖北工業","KOHOKU KOGYO CO.,LTD.","国内","","株式","スタンダード","電気機器","100","2021-12-21","","1959-09-30","滋賀県","12月31日","06月30日",""
"2026-05-25","65250","ＫＯＫＵＳＡＩ　ＥＬＥＣＴＲＩＣ","ＫＯＫＵＳＡＩ","KOKUSAI ELECTRIC CORPORATION","国内","","株式","プライム","電気機器","100","2023-10-25","","2017-02-02","東京都","03月31日","09月30日",""
"2026-05-25","65260","ソシオネクスト","ソシオネクスト","Socionext Inc.","国内","","株式","プライム","電気機器","100","2022-10-12","","2014-09-11","神奈川県","03月31日","09月30日",""
"2026-05-25","65270","ワカ製作所","Ｐ－ワカ製作所","WAKA MANUFACTURING CO.,LTD.","国内","","株式","TOKYO PRO Market","電気機器","100","2023-06-02","","1964-11-21","東京都","09月30日","03月31日",""
"2026-05-25","65320","ベイカレント","ベイカレント","BayCurrent,Inc.","国内","","株式","プライム","サービス業","100","2016-09-02","","2014-04-18","東京都","02月末日","08月31日",""
"2026-05-25","65330","Ｏｒｃｈｅｓｔｒａ　Ｈｏｌｄｉｎｇｓ","オーケストラＨＤ","Orchestra Holdings Inc.","国内","","株式","プライム","サービス業","100","2016-09-14","","2009-06-17","東京都","12月31日","06月30日",""
"2026-05-25","65350","アイモバイル","アイモバイル","i-mobile Co.,Ltd.","国内","","株式","プライム","サービス業","100","2016-10-27","","2007-08-17","東京都","07月31日","01月31日",""
"2026-05-25","65370","ＷＡＳＨハウス","Ｇ－ＷＡＳＨハウス","WASHHOUSE CO.,LTD.","国内","","株式","グロース","サービス業","100","2016-11-22","","2001-11-28","宮崎県","12月31日","06月30日",""
"2026-05-25","65380","ディスラプターズ","ディスラプターズ","Disruptors Inc.","国内","","株式","スタンダード","サービス業","100","2016-12-14","","2005-11-30","東京都","03月31日","09月30日",""
"2026-05-25","65390","ＭＳ－Ｊａｐａｎ","ＭＳ－Ｊａｐａｎ","MATCHING SERVICE JAPAN CO.,LTD.","国内","","株式","プライム","サービス業","100","2016-12-15","","1990-04-26","東京都","03月31日","09月30日",""
"2026-05-25","65400","船場","船場","SEMBA CORPORATION","国内","","株式","スタンダード","サービス業","100","2016-12-19","","1962-02-05","東京都","12月31日","06月30日",""
"2026-05-25","65420","ＦＣホールディングス","ＦＣＨＤ","Founder's Consultants Holdings Inc.","国内","","株式","上場廃止","サービス業","100","2017-01-04","2026-01-14","2017-01-04","福岡県","06月30日","12月31日",""
"2026-05-25","65430","日宣","日宣","NISSEN INC.","国内","","株式","スタンダード","サービス業","100","2017-02-16","","1953-03-11","東京都","02月末日","08月31日",""
"2026-05-25","65440","ジャパンエレベーターサービスホールディングス","ＪＥＳＨＤ","JAPAN ELEVATOR SERVICE HOLDINGS CO.,LTD.","国内","","株式","プライム","サービス業","100","2017-03-17","","1994-10-03","東京都","03月31日","09月30日",""
"2026-05-25","65450","インターネットインフィニティー","Ｇ－ＩＩＦ","internet infinity INC.","国内","","株式","グロース","サービス業","100","2017-03-21","","2001-05-07","東京都","03月31日","09月30日",""
"2026-05-25","65460","フルテック","フルテック","Fulltech Co.Ltd.","国内","","株式","スタンダード","サービス業","100","2017-03-22","","1963-11-02","北海道","12月31日","06月30日",""
"2026-05-25","65470","グリーンズ","グリーンズ","GREENS CO.,LTD.","国内","","株式","スタンダード","サービス業","100","2017-03-23","","1964-01-08","三重県","06月30日","12月31日",""
"2026-05-25","65480","旅工房","Ｇ－旅工房","TABIKOBO Co.Ltd.","国内","","株式","グロース","サービス業","100","2017-04-18","","1994-04-18","東京都","06月30日","12月31日",""
"2026-05-25","65490","ディーエムソリューションズ","ディーエムソリュ","DM Solutions Co.,Ltd","国内","","株式","スタンダード","サービス業","100","2017-06-20","","2004-09-15","東京都","03月31日","09月30日",""
"2026-05-25","65500","Ｕｎｉｐｏｓ","Ｇ－Ｕｎｉｐｏｓ","Unipos Inc.","国内","","株式","上場廃止","サービス業","100","2017-06-27","2025-07-30","2012-11-15","東京都","03月31日","09月30日",""
"2026-05-25","65510","ツナググループ・ホールディングス","ツナグＧＨＤ","TSUNAGU GROUP HOLDINGS Inc.","国内","","株式","スタンダード","サービス業","100","2017-06-30","","2007-02-28","東京都","09月30日","03月31日",""
"2026-05-25","65520","ＧａｍｅＷｉｔｈ","ＧａｍｅＷｉｔｈ","GameWith,Inc.","国内","","株式","スタンダード","サービス業","100","2017-06-30","","2013-06-03","東京都","05月31日","11月30日",""
"2026-05-25","65540","エスユーエス","Ｇ－エスユーエス","SUS Co.,Ltd.","国内","","株式","グロース","サービス業","100","2017-09-13","","1999-09-01","京都府","09月30日","03月31日",""
"2026-05-25","65550","ＭＳ＆Ｃｏｎｓｕｌｔｉｎｇ","ＭＳコンサル","MS&Consulting Co.,Ltd.","国内","","株式","スタンダード","サービス業","100","2017-10-05","","2013-03-04","東京都","02月末日","08月31日",""
"2026-05-25","65570","ＡＩＡＩグループ","Ｇ－ＡＩＡＩ","AIAI Group Corporation","国内","","株式","グロース","サービス業","100","2019-12-23","","2015-11-25","東京都","03月31日","09月30日",""
"2026-05-25","65580","クックビズ","Ｇ－クックビズ","Cookbiz Co.,Ltd.","国内","","株式","グロース","サービス業","100","2017-11-28","","2007-12-10","大阪府","11月30日","05月31日",""
"2026-05-25","65600","エル・ティー・エス","ＬＴＳ","LTS,Inc.","国内","","株式","プライム","サービス業","100","2017-12-14","","2002-03-22","東京都","12月31日","06月30日",""
"2026-05-25","65610","ＨＡＮＡＴＯＵＲ　ＪＡＰＡＮ","Ｇ－ＨＡＮＡＴＯＵＲ","HANATOUR JAPAN CO.,LTD.","国内","","株式","グロース","サービス業","100","2017-12-15","","2005-09-01","東京都","12月31日","06月30日",""
"2026-05-25","65620","ジーニー","Ｇ－ジーニー","Geniee,Inc.","国内","","株式","グロース","サービス業","100","2017-12-18","","2010-04-14","東京都","03月31日","09月30日",""
"2026-05-25","65630","みらいワークス","Ｇ－みらいワークス","Mirai Works Inc.","国内","","株式","グロース","サービス業","100","2017-12-19","","2012-03-14","東京都","09月30日","03月31日",""
"2026-05-25","65640","ミダックホールディングス","ミダックＨＤ","MIDAC HOLDINGS CO.,LTD.","国内","","株式","プライム","サービス業","100","2018-12-21","","1964-07-13","静岡県","03月31日","09月30日",""
"2026-05-25","65650","ＡＢホテル","ＡＢホテル","ABHOTEL CO.,LTD.","国内","","株式","上場廃止","サービス業","100","2017-12-25","2026-05-01","2014-10-01","愛知県","03月31日","09月30日",""
"2026-05-25","65660","要興業","要興業","KANAME KOGYO CO.,LTD.","国内","","株式","スタンダード","サービス業","100","2017-12-25","","1973-04-13","東京都","03月31日","09月30日",""
"2026-05-25","65680","神戸天然物化学","Ｇ－神戸天然物化学","KNC Laboratories Co.,Ltd.","国内","","株式","グロース","サービス業","100","2018-03-15","","1985-01-22","兵庫県","03月31日","09月30日",""
"2026-05-25","65700","共和コーポレーション","共和コーポレーション","Kyowa Corporation","国内","","株式","スタンダード","サービス業","100","2018-03-19","","1986-05-16","長野県","03月31日","09月30日",""
"2026-05-25","65710","キュービーネットホールディングス","キュービーネットＨＤ","QB Net Holdings Co.,Ltd.","国内","","株式","プライム","サービス業","100","2018-03-23","","2014-10-10","東京都","06月30日","12月31日",""
"2026-05-25","65720","オープングループ","オープンＧ","OPEN Group,Inc.","国内","","株式","プライム","サービス業","100","2018-03-27","","2000-04-03","東京都","02月末日","08月31日",""
"2026-05-25","65730","ＣＲＡＶＩＡ","Ｇ－ＣＲＡＶＩＡ","CRAVIA Inc.","国内","","株式","グロース","サービス業","100","2018-03-28","","2007-02-13","東京都","12月31日","06月30日",""
"2026-05-25","65740","コンヴァノ","Ｇ－コンヴァノ","Convano Inc.","国内","","株式","グロース","サービス業","100","2018-04-11","","2013-07-10","東京都","03月31日","09月30日",""
"2026-05-25","65760","揚工舎","Ｐ－揚工舎","Youkosha Co.,Ltd.","国内","","株式","TOKYO PRO Market","サービス業","100","2018-04-24","","2003-06-03","東京都","03月31日","09月30日",""
"2026-05-25","65770","ベストワンドットコム","Ｇ－ベストワンドット","Bestone.Com Co.,Ltd","国内","","株式","グロース","サービス業","100","2018-04-25","","2005-09-05","東京都","07月31日","01月31日",""
"2026-05-25","65780","コレックホールディングス","コレックＨＤ","CORREC HOLDINGS Inc.","国内","","株式","スタンダード","サービス業","100","2018-04-27","","2010-03-11","東京都","02月末日","08月31日",""
"2026-05-25","65790","ログリー","Ｇ－ログリー","logly,Inc.","国内","","株式","グロース","サービス業","100","2018-06-20","","2006-05-30","東京都","03月31日","09月30日",""
"2026-05-25","65800","ライトアップ","Ｇ－ライトアップ","Writeup Co.,Ltd.","国内","","株式","グロース","サービス業","100","2018-06-22","","2002-04-05","東京都","03月31日","09月30日",""
"2026-05-25","65840","三櫻工業","三桜工","Sanoh Industrial Co.,Ltd.","国内","","株式","プライム","輸送用機器","100","1961-10-02","","1939-03-24","茨城県","03月31日","09月30日",""
"2026-05-25","65860","マキタ","マキタ","Makita Corporation","国内","","株式","プライム","機械","100","1968-08-21","","1938-12-10","愛知県","03月31日","09月30日",""
"2026-05-25","65880","東芝テック","東芝テック","TOSHIBA TEC CORPORATION","国内","","株式","プライム","電気機器","100","1962-11-17","","1950-02-21","東京都","03月31日","09月30日",""
"2026-05-25","65900","芝浦メカトロニクス","芝浦","SHIBAURA MECHATRONICS CORPORATION","国内","","株式","プライム","電気機器","100","1969-10-01","","1939-10-12","神奈川県","03月31日","09月30日",""
"2026-05-25","65920","マブチモーター","マブチモーター","MABUCHI MOTOR CO.,LTD.","国内","","株式","プライム","電気機器","100","1986-12-05","","1926-03-13","千葉県","12月31日","06月30日",""
"2026-05-25","65940","ニデック","ニデック","NIDEC CORPORATION","国内","","株式","プライム","電気機器","100","1998-09-16","","1973-07-23","京都府","03月31日","09月30日",""
"2026-05-25","65960","筑波精工","Ｐ－筑波精工","TSUKUBASEIKO Co.,Ltd.","国内","","株式","TOKYO PRO Market","電気機器","100","2018-11-28","","1985-06-27","栃木県","03月31日","09月30日",""
"2026-05-25","65970","ＨＰＣシステムズ","Ｇ－ＨＰＣシステムズ","HPC SYSTEMS Inc.","国内","","株式","グロース","電気機器","100","2019-09-26","","2006-03-03","東京都","06月30日","12月31日",""
"2026-05-25","65990","エブレン","エブレン","EBRAINS,INC.","国内","","株式","スタンダード","電気機器","100","2020-06-29","","1973-10-22","東京都","03月31日","09月30日",""
"2026-05-25","66120","バルミューダ","Ｇ－バルミューダ","BALMUDA Inc.","国内","","株式","グロース","電気機器","100","2020-12-16","","2003-03-20","東京都","12月31日","06月30日",""
"2026-05-25","66130","ＱＤレーザ","Ｇ－ＱＤレーザ","QD Laser,Inc.","国内","","株式","グロース","電気機器","100","2021-02-05","","2006-04-24","神奈川県","03月31日","09月30日",""
"2026-05-25","66140","シキノハイテック","シキノハイテック","Shikino High-Tech CO.,LTD.","国内","","株式","スタンダード","電気機器","100","2021-03-24","","1975-01-29","富山県","03月31日","09月30日",""
"2026-05-25","66150","ユー・エム・シー・エレクトロニクス","ＵＭＣエレ","UMC Electronics Co.,Ltd.","国内","","株式","プライム","電気機器","100","2016-03-15","","1968-01-26","埼玉県","03月31日","09月30日",""
"2026-05-25","66160","トレックス・セミコンダクター","トレックスセミ","TOREX SEMICONDUCTOR LTD.","国内","","株式","プライム","電気機器","100","2014-04-08","","1995-03-31","東京都","03月31日","09月30日",""
"2026-05-25","66170","東光高岳","東光高岳","TAKAOKA TOKO CO.,LTD.","国内","","株式","プライム","電気機器","100","2012-10-01","","2012-10-01","東京都","03月31日","09月30日",""
"2026-05-25","66190","ダブル・スコープ","ＷＳＣＯＰＥ","W-SCOPE Corporation","国内","","株式","プライム","電気機器","100","2011-12-16","","2005-10-14","東京都","01月31日","07月31日",""
"2026-05-25","66200","宮越ホールディングス","宮越ＨＤ","Miyakoshi Holdings,Inc.","国内","","株式","プライム","不動産業","100","2011-10-03","","2011-10-03","東京都","03月31日","09月30日",""
"2026-05-25","66220","ダイヘン","ダイヘン","DAIHEN CORPORATION","国内","","株式","プライム","電気機器","100","1961-10-02","","1919-12-01","大阪府","03月31日","09月30日",""
"2026-05-25","66250","ＪＡＬＣＯホールディングス","ＪＡＬＣＯ　ＨＤ","JALCO Holdings Inc.","国内","","株式","スタンダード","不動産業","100","2013-07-16","","2011-10-03","東京都","03月31日","09月30日",""
"2026-05-25","66260","ＳＥＭＩＴＥＣ","ＳＥＭＩＴＥＣ","SEMITEC Corporation","国内","","株式","スタンダード","電気機器","100","2013-07-16","","1958-03-13","東京都","03月31日","09月30日",""
"2026-05-25","66270","テラプローブ","テラプローブ","Tera Probe,Inc.","国内","","株式","スタンダード","電気機器","100","2010-12-16","","2005-08-04","神奈川県","12月31日","06月30日",""
"2026-05-25","66290","テクノホライゾン","テクノホライゾン","TECHNO HORIZON CO.,LTD.","国内","","株式","スタンダード","電気機器","100","2013-07-16","","2010-04-01","愛知県","03月31日","09月30日",""
"2026-05-25","66300","ヤーマン","ヤーマン","YA-MAN LTD.","国内","","株式","プライム","電気機器","100","2011-01-27","","1978-05-27","東京都","12月31日","06月30日",""
"2026-05-25","66320","ＪＶＣケンウッド","ＪＶＣＫＷ","JVCKENWOOD Corporation","国内","","株式","プライム","電気機器","100","2008-10-01","","2008-10-01","神奈川県","03月31日","09月30日",""
"2026-05-25","66330","ＣＧＳホールディングス","ＣＧＳＨＤ","CGS HOLDINGS INC.","国内","","株式","スタンダード","電気機器","100","2013-07-16","","2007-07-02","福岡県","12月31日","06月30日",""
"2026-05-25","66340","ＪＮグループ","ＪＮグループ","JN Group Inc.","国内","","株式","スタンダード","電気機器","100","2013-07-16","","1984-04-21","岩手県","11月30日","05月31日",""
"2026-05-25","66350","大日光・エンジニアリング","大日光","KK DI-NIKKO ENGINEERING","国内","","株式","スタンダード","電気機器","100","2013-07-16","","1979-09-17","栃木県","12月31日","06月30日",""
"2026-05-25","66370","寺崎電気産業","寺崎電気","TERASAKI ELECTRIC CO.,LTD.","国内","","株式","スタンダード","電気機器","100","2013-07-16","","1980-04-01","大阪府","03月31日","09月30日",""
"2026-05-25","66380","ミマキエンジニアリング","Ｍｉｍａｋｉ","MIMAKI ENGINEERING CO.,LTD.","国内","","株式","プライム","電気機器","100","2013-07-16","","1981-05-14","長野県","03月31日","09月30日",""
"2026-05-25","66430","戸上電機製作所","戸上電","Togami Electric Mfg.Co.,Ltd.","国内","","株式","スタンダード","電気機器","100","1961-10-02","","1925-03-12","佐賀県","03月31日","09月30日",""
"2026-05-25","66440","大崎電気工業","大崎電","Osaki Electric Co.,Ltd.","国内","","株式","プライム","電気機器","100","1962-01-04","","1937-01-26","東京都","03月31日","09月30日",""
"2026-05-25","66450","オムロン","オムロン","OMRON Corporation","国内","","株式","プライム","電気機器","100","1966-09-16","","1948-05-19","京都府","03月31日","09月30日",""
"2026-05-25","66470","森尾電機","森尾電","MORIO DENKI CO.,LTD.","国内","","株式","スタンダード","電気機器","100","1962-09-28","","1936-12-25","東京都","03月31日","09月30日",""
"2026-05-25","66480","かわでん","かわでん","KAWADEN CORPORATION","国内","","株式","スタンダード","電気機器","100","2013-07-16","","1940-06-20","東京都","03月31日","09月30日",""
"2026-05-25","66510","日東工業","日東工","NITTO KOGYO CORPORATION","国内","","株式","プライム","電気機器","100","1990-02-14","","1948-11-24","愛知県","03月31日","09月30日",""
"2026-05-25","66520","ＩＤＥＣ","ＩＤＥＣ","IDEC CORPORATION","国内","","株式","プライム","電気機器","100","1989-03-17","","1947-03-26","大阪府","03月31日","09月30日",""
"2026-05-25","66530","正興電機製作所","正興電機製作所","SEIKO ELECTRIC CO.,LTD.","国内","","株式","プライム","電気機器","100","2017-11-27","","1930-07-24","福岡県","12月31日","06月30日",""
"2026-05-25","66540","不二電機工業","不二電機工業","FUJI ELECTRIC INDUSTRY CO.,LTD.","国内","","株式","スタンダード","電気機器","100","2006-11-17","","1958-05-20","京都府","01月31日","07月31日",""
"2026-05-25","66560","インスペック","ＩＮＳＰＥＣ","inspec Inc.","国内","","株式","スタンダード","電気機器","100","2006-06-21","","1988-05-09","秋田県","04月30日","10月31日",""
"2026-05-25","66580","シライ電子工業","シライ電子","Shirai Electronics Industrial Co.,Ltd.","国内","","株式","スタンダード","電気機器","100","2013-07-16","","1970-01-09","京都府","03月31日","09月30日",""
"2026-05-25","66590","メディアリンクス","メディアリンクス","MEDIA LINKS CO.,LTD.","国内","","株式","スタンダード","電気機器","100","2013-07-16","","1993-04-12","神奈川県","03月31日","09月30日",""
"2026-05-25","66620","ユビテック","ユビテック","Ubiteq,INC.","国内","","株式","スタンダード","電気機器","100","2013-07-16","","1977-11-17","東京都","06月30日","12月31日",""
"2026-05-25","66630","太洋テクノレックス","太洋テクノレックス","TAIYO TECHNOLEX CO.,LTD.","国内","","株式","スタンダード","電気機器","100","2013-07-16","","1960-12-02","和歌山県","12月20日","06月20日",""
"2026-05-25","66640","オプトエレクトロニクス","オプトエレクト","OPTOELECTRONICS CO.,LTD.","国内","","株式","スタンダード","電気機器","100","2013-07-16","","1976-12-10","埼玉県","11月30日","05月31日",""
"2026-05-25","66660","リバーエレテック","リバーエレテク","RIVER ELETEC CORPORATION","国内","","株式","スタンダード","電気機器","100","2013-07-16","","1975-11-15","山梨県","03月31日","09月30日",""
"2026-05-25","66680","アドテック　プラズマ　テクノロジー","アドテック　プラズマ","ADTEC PLASMA TECHNOLOGY CO.,LTD.","国内","","株式","スタンダード","電気機器","100","2004-07-26","","1985-01-26","広島県","08月31日","02月末日",""
"2026-05-25","66700","ＭＣＪ","ＭＣＪ","MCJ Co.,Ltd.","国内","","株式","スタンダード","電気機器","100","2004-06-01","","1998-08-03","東京都","03月31日","09月30日",""
"2026-05-25","66740","ジーエス・ユアサ　コーポレーション","ＧＳユアサ","GS Yuasa Corporation","国内","","株式","プライム","電気機器","100","2004-04-01","","2004-04-01","京都府","03月31日","09月30日",""
"2026-05-25","66750","サクサ","サクサ","SAXA,Inc.","国内","","株式","スタンダード","電気機器","100","2004-02-02","","2004-02-02","東京都","03月31日","09月30日",""
"2026-05-25","66760","ＢＵＦＦＡＬＯ","ＢＵＦＦＡＬＯ","BUFFALO INC.","国内","","株式","スタンダード","電気機器","100","2003-10-01","","1986-07-01","東京都","03月31日","09月30日",""
"2026-05-25","66770","エスケーエレクトロニクス","エスケーエレク","SK-Electronics CO.,LTD.","国内","","株式","スタンダード","電気機器","100","2013-07-16","","2001-10-01","京都府","09月30日","03月31日",""
"2026-05-25","66780","テクノメディカ","テクノメディカ","Techno Medica Co.,Ltd.","国内","","株式","スタンダード","電気機器","100","2007-03-12","","1987-09-08","神奈川県","03月31日","09月30日",""
"2026-05-25","66940","ズーム","ズーム","ZOOM CORPORATION","国内","","株式","スタンダード","電気機器","100","2017-03-28","","1983-09-09","東京都","12月31日","06月30日",""
"2026-05-25","66950","キャストリコ","Ｐ－キャストリコ","Castrico Co.,Ltd.","国内","","株式","TOKYO PRO Market","電気機器","100","2017-06-30","","1995-04-14","東京都","03月31日","09月30日",""
"2026-05-25","66960","トラース・オン・プロダクト","Ｇ－トラースＯＰ","TRaaS On Product Inc.","国内","","株式","グロース","電気機器","100","2017-08-09","","1995-01-26","東京都","01月31日","07月31日",""
"2026-05-25","66970","テックポイント・インク","Ｇ－テックポイント","Techpoint,Inc.","国外","アメリカ合衆国","株式","上場廃止","電気機器","100","2017-09-29","2025-05-29","2012-04-11","","12月31日","06月30日",""
"2026-05-25","66990","ダイヤモンドエレクトリックホールディングス","ダイヤＨＤ","DIAMOND ELECTRIC HOLDINGS Co.,Ltd.","国内","","株式","スタンダード","電気機器","100","2018-10-01","","2018-10-01","大阪府","03月31日","09月30日",""
"2026-05-25","67010","日本電気","ＮＥＣ","NEC Corporation","国内","","株式","プライム","電気機器","100","1949-05-16","","1899-07-17","東京都","03月31日","09月30日",""
"2026-05-25","67020","富士通","富士通","Fujitsu Limited","国内","","株式","プライム","電気機器","100","1949-05-16","","1935-06-20","神奈川県","03月31日","09月30日",""
"2026-05-25","67030","沖電気工業","ＯＫＩ","Oki Electric Industry Company,Limited","国内","","株式","プライム","電気機器","100","1951-11-22","","1949-11-01","東京都","03月31日","09月30日",""
"2026-05-25","67060","電気興業","電気興","DKK Co.,Ltd.","国内","","株式","プライム","電気機器","100","1961-10-02","","1950-06-01","東京都","03月31日","09月30日",""
"2026-05-25","67070","サンケン電気","サンケン電","Sanken Electric Co.,Ltd.","国内","","株式","プライム","電気機器","100","1961-10-02","","1946-09-05","埼玉県","03月31日","09月30日",""
"2026-05-25","67150","ナカヨ","ナカヨ","NAKAYO,INC.","国内","","株式","上場廃止","電気機器","100","1974-10-11","2025-06-13","1944-05-30","群馬県","03月31日","09月30日",""
"2026-05-25","67180","アイホン","アイホン","AIPHONE CO.,LTD.","国内","","株式","プライム","電気機器","100","1999-01-11","","1947-03-27","愛知県","03月31日","09月30日",""
"2026-05-25","67210","ウインテスト","ウインテスト","Wintest Corp.","国内","","株式","スタンダード","電気機器","100","2003-09-03","","1993-08-02","神奈川県","12月31日","06月30日",""
"2026-05-25","67230","ルネサスエレクトロニクス","ルネサス","Renesas Electronics Corporation","国内","","株式","プライム","電気機器","100","2003-07-24","","2002-11-01","東京都","12月31日","06月30日",""
"2026-05-25","67240","セイコーエプソン","エプソン","SEIKO EPSON CORPORATION","国内","","株式","プライム","電気機器","100","2003-06-24","","1942-05-18","長野県","03月31日","09月30日",""
"2026-05-25","67270","ワコム","ワコム","Wacom Co.,Ltd.","国内","","株式","プライム","電気機器","100","2005-12-27","","1983-07-12","埼玉県","03月31日","09月30日",""
"2026-05-25","67280","アルバック","アルバック","ULVAC, Inc.","国内","","株式","プライム","電気機器","100","2004-04-20","","1929-09-20","神奈川県","06月30日","12月31日",""
"2026-05-25","67300","アクセル","アクセル","AXELL CORPORATION","国内","","株式","スタンダード","電気機器","100","2008-11-17","","1996-02-01","東京都","03月31日","09月30日",""
"2026-05-25","67310","ピクセラ","ピクセラ","PIXELA CORPORATION","国内","","株式","スタンダード","電気機器","100","2002-12-10","","1982-06-21","大阪府","09月30日","03月31日",""
"2026-05-25","67340","ニューテック","ニューテック","Newtech Co.,Ltd.","国内","","株式","上場廃止","電気機器","100","2013-07-16","2026-03-23","1982-03-15","東京都","02月末日","08月31日",""
"2026-05-25","67360","サン電子","サン電子","SUNCORPORATION","国内","","株式","スタンダード","電気機器","100","2013-07-16","","1971-04-16","愛知県","03月31日","09月30日",""
"2026-05-25","67370","ＥＩＺＯ","ＥＩＺＯ","EIZO Corporation","国内","","株式","プライム","電気機器","100","2002-03-12","","1968-03-06","石川県","03月31日","09月30日",""
"2026-05-25","67400","ジャパンディスプレイ","ＪＤＩ","Japan Display Inc.","国内","","株式","プライム","電気機器","100","2014-03-19","","2002-10-01","東京都","03月31日","09月30日",""
"2026-05-25","67410","日本信号","日信号","Nippon Signal Company,Limited","国内","","株式","プライム","電気機器","100","1949-05-16","","1928-12-15","東京都","03月31日","09月30日",""
"2026-05-25","67420","京三製作所","京三製","Kyosan Electric Manufacturing Co.,Ltd.","国内","","株式","プライム","電気機器","100","1949-05-16","","1917-09-03","神奈川県","03月31日","09月30日",""
"2026-05-25","67430","大同信号","大同信号","Daido Signal Co.,Ltd.","国内","","株式","スタンダード","電気機器","100","1962-09-24","","1949-12-20","東京都","03月31日","09月30日",""
"2026-05-25","67440","能美防災","能美防災","NOHMI BOSAI LTD.","国内","","株式","プライム","電気機器","100","1962-12-01","","1944-05-05","東京都","03月31日","09月30日",""
"2026-05-25","67450","ホーチキ","ホーチキ","HOCHIKI CORPORATION","国内","","株式","プライム","電気機器","100","1963-07-29","","1918-04-02","東京都","03月31日","09月30日",""
"2026-05-25","67480","星和電機","星和電機","SEIWA ELECTRIC MFG. CO.,LTD.","国内","","株式","スタンダード","電気機器","100","2013-07-16","","1949-01-18","京都府","12月31日","06月30日",""
"2026-05-25","67500","エレコム","エレコム","ELECOM CO.,LTD.","国内","","株式","プライム","電気機器","100","2013-03-08","","1986-05-28","大阪府","03月31日","09月30日",""
"2026-05-25","67520","パナソニック　ホールディングス","パナソニックＨＤ","Panasonic Holdings Corporation","国内","","株式","プライム","電気機器","100","1949-05-16","","1935-12-15","大阪府","03月31日","09月30日",""
"2026-05-25","67530","シャープ","シャープ","Sharp Corporation","国内","","株式","プライム","電気機器","100","1956-03-30","","1935-05-01","大阪府","03月31日","09月30日",""
"2026-05-25","67540","アンリツ","アンリツ","ANRITSU CORPORATION","国内","","株式","プライム","電気機器","100","1961-10-02","","1950-10-06","神奈川県","03月31日","09月30日",""
"2026-05-25","67550","富士通ゼネラル","富士通ゼ","FUJITSU GENERAL LIMITED","国内","","株式","上場廃止","電気機器","100","1955-09-20","2025-08-19","1936-01-15","神奈川県","03月31日","09月30日",""
"2026-05-25","67570","ＯＳＧコーポレーション","ＯＳＧコーポ","OSG CORPORATION CO.,LTD.","国内","","株式","スタンダード","電気機器","100","2013-07-16","","1970-08-29","大阪府","01月31日","07月31日",""
"2026-05-25","67580","ソニーグループ","ソニーグループ","SONY GROUP CORPORATION","国内","","株式","プライム","電気機器","100","1958-12-01","","1946-05-07","東京都","03月31日","09月30日",""
"2026-05-25","67620","ＴＤＫ","ＴＤＫ","TDK Corporation","国内","","株式","プライム","電気機器","100","1961-09-04","","1935-12-07","東京都","03月31日","09月30日",""
"2026-05-25","67630","帝国通信工業","帝通工","Teikoku Tsushin Kogyo Co.,Ltd.","国内","","株式","プライム","電気機器","100","1961-10-02","","1944-08-01","神奈川県","03月31日","09月30日",""
"2026-05-25","67680","タムラ製作所","タムラ製","TAMURA CORPORATION","国内","","株式","プライム","電気機器","100","1961-10-02","","1939-11-21","東京都","03月31日","09月30日",""
"2026-05-25","67690","ザインエレクトロニクス","ザイン","THine Electronics,Inc.","国内","","株式","スタンダード","電気機器","100","2013-07-16","","1992-06-23","東京都","12月31日","06月30日",""
"2026-05-25","67700","アルプスアルパイン","アルプスアルパイン","ALPS ALPINE CO.,LTD.","国内","","株式","プライム","電気機器","100","1961-10-02","","1948-11-01","東京都","03月31日","09月30日",""
"2026-05-25","67710","池上通信機","池上通","IKEGAMI TSUSHINKI CO.,LTD.","国内","","株式","スタンダード","電気機器","100","1961-10-02","","1948-02-21","東京都","03月31日","09月30日",""
"2026-05-25","67720","東京コスモス電機","コスモス電","Tokyo Cosmos Electric Co.,Ltd.","国内","","株式","スタンダード","電気機器","100","1970-11-24","","1947-04-16","神奈川県","03月31日","09月30日",""
"2026-05-25","67750","ＴＢグループ","ＴＢグループ","TB GROUP INC.","国内","","株式","スタンダード","電気機器","100","1961-10-02","","1946-11-06","東京都","03月31日","09月30日",""
"2026-05-25","67760","天昇電気工業","天昇電","Tensho Electric Industries Co.,Ltd.","国内","","株式","スタンダード","化学","100","1961-10-02","","1940-09-26","東京都","03月31日","09月30日",""
"2026-05-25","67770","ｓａｎｔｅｃ　Ｈｏｌｄｉｎｇｓ","ｓａｎｔｅｃＨＤ","santec Holdings Corporation","国内","","株式","スタンダード","電気機器","100","2013-07-16","","1979-08-25","愛知県","03月31日","09月30日",""
"2026-05-25","67780","アルチザネットワークス","アルチザ","Artiza Networks,Inc.","国内","","株式","スタンダード","電気機器","100","2001-07-19","","1990-12-27","東京都","07月31日","01月31日",""
"2026-05-25","67790","日本電波工業","日電波","NIHON DEMPA KOGYO CO.,LTD.","国内","","株式","プライム","電気機器","100","1990-12-06","","1948-04-15","東京都","03月31日","09月30日",""
"2026-05-25","67850","鈴木","鈴木","SUZUKI CO.,LTD.","国内","","株式","プライム","電気機器","100","2012-05-28","","1970-07-27","長野県","06月30日","12月31日",""
"2026-05-25","67860","ＲＶＨ","ＲＶＨ","RVH Inc.","国内","","株式","スタンダード","サービス業","100","2000-12-21","","1996-07-01","東京都","03月31日","09月30日",""
"2026-05-25","67870","メイコー","メイコー","Meiko Electronics Co.,Ltd.","国内","","株式","プライム","電気機器","100","2013-07-16","","1975-11-25","神奈川県","03月31日","09月30日",""
"2026-05-25","67880","日本トリム","日本トリム","NIHON TRIM CO.,LTD.","国内","","株式","プライム","電気機器","100","2003-02-04","","1982-06-12","大阪府","03月31日","09月30日",""
"2026-05-25","67940","フォスター電機","フォスター電","Foster Electric Company,Limited","国内","","株式","プライム","電気機器","100","1962-05-01","","1948-06-01","東京都","03月31日","09月30日",""
"2026-05-25","67980","ＳＭＫ","ＳＭＫ","SMK Corporation","国内","","株式","プライム","電気機器","100","1962-09-11","","1929-01-15","東京都","03月31日","09月30日",""
"2026-05-25","68000","ヨコオ","ヨコオ","YOKOWO CO.,LTD.","国内","","株式","プライム","電気機器","100","1962-10-03","","1951-06-14","東京都","03月31日","09月30日",""
"2026-05-25","68030","ティアック","ティアック","TEAC CORPORATION","国内","","株式","スタンダード","電気機器","100","1970-04-01","","1948-06-23","東京都","03月31日","09月30日",""
"2026-05-25","68040","ホシデン","ホシデン","Hosiden Corporation","国内","","株式","プライム","電気機器","100","1992-12-18","","1950-09-14","大阪府","03月31日","09月30日",""
"2026-05-25","68060","ヒロセ電機","ヒロセ電","HIROSE ELECTRIC CO.,LTD.","国内","","株式","プライム","電気機器","100","1972-12-01","","1948-06-15","神奈川県","03月31日","09月30日",""
"2026-05-25","68070","日本航空電子工業","航空電子","Japan Aviation Electronics Industry,Limited","国内","","株式","プライム","電気機器","100","1973-04-02","","1950-11-28","東京都","03月31日","09月30日",""
"2026-05-25","68090","ＴＯＡ","ＴＯＡ","TOA CORPORATION","国内","","株式","プライム","電気機器","100","1996-08-08","","1949-04-20","兵庫県","03月31日","09月30日",""
"2026-05-25","68100","マクセル","マクセル","Maxell,Ltd.","国内","","株式","プライム","電気機器","100","2014-03-18","","1947-11-07","東京都","03月31日","09月30日",""
"2026-05-25","68140","古野電気","古野電気","FURUNO ELECTRIC CO.,LTD.","国内","","株式","プライム","電気機器","100","2013-07-16","","1951-05-23","兵庫県","02月末日","08月31日",""
"2026-05-25","68170","スミダコーポレーション","スミダ","SUMIDA CORPORATION","国内","","株式","プライム","電気機器","100","1998-12-03","","1956-01-16","東京都","12月31日","06月30日",""
"2026-05-25","68190","伊豆シャボテンリゾート","伊豆シャボテンＲ","Izu Shaboten Resort Co.,Ltd","国内","","株式","スタンダード","サービス業","100","2013-07-16","","1976-01-24","東京都","03月31日","09月30日",""
"2026-05-25","68200","アイコム","アイコム","ICOM INCORPORATED","国内","","株式","プライム","電気機器","100","2001-01-31","","1964-07-16","大阪府","03月31日","09月30日",""
"2026-05-25","68220","大井電気","大井電気","Oi Electric Co.,Ltd.","国内","","株式","スタンダード","電気機器","100","2013-07-16","","1950-01-07","神奈川県","03月31日","09月30日",""
"2026-05-25","68230","リオン","リオン","RION CO.,LTD.","国内","","株式","プライム","電気機器","100","2000-05-15","","1944-06-21","東京都","03月31日","09月30日",""
"2026-05-25","68240","新コスモス電機","新コスモス","NEW COSMOS ELECTRIC CO.,LTD.","国内","","株式","スタンダード","電気機器","100","2013-07-16","","1960-06-15","大阪府","03月31日","09月30日",""
"2026-05-25","68320","アオイ電子","アオイ電子","AOI ELECTRONICS CO.,LTD.","国内","","株式","スタンダード","電気機器","100","2000-08-10","","1947-08-18","香川県","03月31日","09月30日",""
"2026-05-25","68340","精工技研","精工技研","SEIKOH GIKEN Co.,Ltd.","国内","","株式","スタンダード","電気機器","100","2013-07-16","","1972-06-17","千葉県","03月31日","09月30日",""
"2026-05-25","68350","アライドテレシスホールディングス","アライドＨＤ","ALLIED TELESIS HOLDINGS K.K.","国内","","株式","スタンダード","電気機器","100","2000-07-27","","1971-04-05","東京都","12月31日","06月30日",""
"2026-05-25","68360","ぷらっとホーム","プラット","PLAT'HOME CO.,LTD.","国内","","株式","スタンダード","電気機器","100","2000-07-11","","1993-03-23","東京都","03月31日","09月30日",""
"2026-05-25","68370","京写","京写","KYOSHA CO.,LTD.","国内","","株式","スタンダード","電気機器","100","2013-07-16","","1959-02-14","京都府","03月31日","09月30日",""
"2026-05-25","68380","多摩川ホールディングス","多摩川ＨＤ","TAMAGAWA HOLDINGS CO.,LTD.","国内","","株式","スタンダード","電気機器","100","2013-07-16","","1970-05-07","東京都","10月31日","04月30日",""
"2026-05-25","68400","ＡＫＩＢＡホールディングス","ＡＫＩＢＡ","AKIBA Holdings Co.,Ltd.","国内","","株式","スタンダード","電気機器","100","2013-07-16","","1968-12-12","東京都","03月31日","09月30日",""
"2026-05-25","68410","横河電機","横河電","YOKOGAWA ELECTRIC CORPORATION","国内","","株式","プライム","電気機器","100","1949-05-16","","1920-12-01","東京都","03月31日","09月30日",""
"2026-05-25","68440","新電元工業","新電元","Shindengen Electric Manufacturing Co.,Ltd.","国内","","株式","プライム","電気機器","100","1961-10-02","","1949-08-16","東京都","03月31日","09月30日",""
"2026-05-25","68450","アズビル","アズビル","Azbil Corporation","国内","","株式","プライム","電気機器","100","1961-10-02","","1949-08-22","東京都","03月31日","09月30日",""
"2026-05-25","68480","東亜ディーケーケー","東亜ディーケーケー","DKK-TOA CORPORATION","国内","","株式","スタンダード","電気機器","100","1961-11-02","","1944-09-19","東京都","03月31日","09月30日",""
"2026-05-25","68490","日本光電工業","日本光電","NIHON KOHDEN CORPORATION","国内","","株式","プライム","電気機器","100","1961-11-02","","1951-08-07","東京都","03月31日","09月30日",""
"2026-05-25","68500","チノー","チノー","Chino Corporation","国内","","株式","プライム","電気機器","100","1962-04-02","","1936-08-01","東京都","03月31日","09月30日",""
"2026-05-25","68530","共和電業","共和電","KYOWA ELECTRONIC INSTRUMENTS CO.,LTD.","国内","","株式","スタンダード","電気機器","100","1969-08-12","","1949-06-28","東京都","12月31日","06月30日",""
"2026-05-25","68550","日本電子材料","電子材料","JAPAN ELECTRONIC MATERIALS CORPORATION","国内","","株式","スタンダード","電気機器","100","2005-02-08","","1960-04-06","兵庫県","03月31日","09月30日",""
"2026-05-25","68560","堀場製作所","堀場製","HORIBA,Ltd.","国内","","株式","プライム","電気機器","100","1974-03-29","","1949-05-21","京都府","12月31日","06月30日",""
"2026-05-25","68570","アドバンテスト","アドバンテス","ADVANTEST CORPORATION","国内","","株式","プライム","電気機器","100","1983-02-09","","1946-12-16","東京都","03月31日","09月30日",""
"2026-05-25","68580","小野測器","小野測器","ONO SOKKI Co.,Ltd.","国内","","株式","スタンダード","電気機器","100","1983-08-15","","1940-06-21","神奈川県","12月31日","06月30日",""
"2026-05-25","68590","エスペック","エスペック","ESPEC CORP.","国内","","株式","プライム","電気機器","100","1985-08-06","","1954-01-13","大阪府","03月31日","09月30日",""
"2026-05-25","68610","キーエンス","キーエンス","KEYENCE CORPORATION","国内","","株式","プライム","電気機器","100","1989-12-25","","1974-05-27","大阪府","03月20日","09月20日",""
"2026-05-25","68620","ミナトホールディングス","ミナトＨＤ","MINATO HOLDINGS INC.","国内","","株式","スタンダード","電気機器","100","2013-07-16","","1956-12-17","東京都","03月31日","09月30日",""
"2026-05-25","68630","ニレコ","ニレコ","NIRECO CORPORATION","国内","","株式","スタンダード","電気機器","100","2013-07-16","","1950-11-04","東京都","03月31日","09月30日",""
"2026-05-25","68640","エヌエフホールディングス","エヌエフＨＤ","NF HOLDINGS CORPORATION","国内","","株式","スタンダード","電気機器","100","2013-07-16","","1963-08-23","神奈川県","03月31日","09月30日",""
"2026-05-25","68660","日置電機","日置電","HIOKI E.E.CORPORATION","国内","","株式","プライム","電気機器","100","2001-11-22","","1952-01-05","長野県","12月31日","06月30日",""
"2026-05-25","68670","リーダー電子","リーダ電子","LEADER ELECTRONICS CORPORATION","国内","","株式","スタンダード","電気機器","100","2013-07-16","","1954-05-01","神奈川県","03月31日","09月30日",""
"2026-05-25","68690","シスメックス","シスメックス","SYSMEX CORPORATION","国内","","株式","プライム","電気機器","100","1996-07-25","","1978-03-07","兵庫県","03月31日","09月30日",""
"2026-05-25","68700","日本フェンオール","日本フェンオール","Fenwal Controls of Japan,Ltd.","国内","","株式","スタンダード","電気機器","100","2013-07-16","","1961-05-24","東京都","12月31日","06月30日",""
"2026-05-25","68710","日本マイクロニクス","日マイクロニクス","MICRONICS JAPAN CO.,LTD.","国内","","株式","プライム","電気機器","100","2013-07-16","","1970-11-02","東京都","12月31日","06月30日",""
"2026-05-25","68740","協立電機","協立電機","KYORITSU ELECTRIC CORPORATION","国内","","株式","スタンダード","電気機器","100","2013-07-16","","1959-02-11","静岡県","06月30日","12月31日",""
"2026-05-25","68750","メガチップス","メガチップス","MegaChips Corporation","国内","","株式","プライム","電気機器","100","2000-12-25","","1967-01-27","大阪府","03月31日","09月30日",""
"2026-05-25","68770","ＯＢＡＲＡ　ＧＲＯＵＰ","ＯＢＡＲＡ－Ｇ","Obara Group Incorporated","国内","","株式","スタンダード","電気機器","100","2006-08-28","","1958-12-23","神奈川県","09月30日","03月31日",""
"2026-05-25","68790","ＩＭＡＧＩＣＡ　ＧＲＯＵＰ","ＩＭＡＧＩＣＡ　Ｇ","IMAGICA GROUP Inc.","国内","","株式","上場廃止","情報・通信業","100","2012-12-07","2025-09-29","1974-06-10","東京都","03月31日","09月30日",""
"2026-05-25","68820","三社電機製作所","三社電機製作所","Sansha Electric Manufacturing Co.,Ltd.","国内","","株式","スタンダード","電気機器","100","2013-07-16","","1948-04-28","大阪府","03月31日","09月30日",""
"2026-05-25","68880","アクモス","アクモス","ACMOS INC.","国内","","株式","スタンダード","情報・通信業","100","2013-07-16","","1991-08-23","東京都","06月30日","12月31日",""
"2026-05-25","68900","フェローテック","フェローテック","Ferrotec Corporation","国内","","株式","スタンダード","電気機器","100","2013-07-16","","1980-09-27","東京都","03月31日","09月30日",""
"2026-05-25","68940","パルステック工業","パルステック","PULSTEC INDUSTRIAL CO.,LTD.","国内","","株式","スタンダード","電気機器","100","2000-03-21","","1969-11-01","静岡県","03月31日","09月30日",""
"2026-05-25","68970","ツインバード","ツインバード","TWINBIRD CORPORATION","国内","","株式","スタンダード","電気機器","100","2000-03-01","","1962-04-17","新潟県","02月末日","08月31日",""
"2026-05-25","68980","トミタ電機","トミタ電機","TOMITA ELECTRIC CO.,LTD.","国内","","株式","スタンダード","電気機器","100","2013-07-16","","1960-02-05","鳥取県","01月31日","07月31日",""
"2026-05-25","68990","ＡＳＴＩ","ＡＳＴＩ","ASTI CORPORATION","国内","","株式","スタンダード","電気機器","100","2002-12-16","","1963-05-10","静岡県","03月31日","09月30日",""
"2026-05-25","69010","澤藤電機","沢藤電","SAWAFUJI ELECTRIC CO.,LTD.","国内","","株式","上場廃止","電気機器","100","1949-05-16","2026-05-15","1919-05-10","群馬県","03月31日","09月30日",""
"2026-05-25","69020","デンソー","デンソー","DENSO CORPORATION","国内","","株式","プライム","輸送用機器","100","1953-01-05","","1949-12-16","愛知県","03月31日","09月30日",""
"2026-05-25","69040","原田工業","原田工業","HARADA INDUSTRY CO.,LTD.","国内","","株式","スタンダード","電気機器","100","2013-07-16","","1958-03-29","東京都","03月31日","09月30日",""
"2026-05-25","69050","コーセル","コーセル","COSEL CO.,LTD.","国内","","株式","プライム","電気機器","100","1999-01-25","","1969-07-26","富山県","05月20日","11月20日",""
"2026-05-25","69070","ジオマテック","ジオマテック","GEOMATEC CO.,LTD.","国内","","株式","スタンダード","電気機器","100","2013-07-16","","1953-09-11","神奈川県","03月31日","09月30日",""
"2026-05-25","69080","イリソ電子工業","イリソ電子工業","IRISO ELECTRONICS CO.,LTD.","国内","","株式","プライム","電気機器","100","2013-07-16","","1966-12-16","神奈川県","03月31日","09月30日",""
"2026-05-25","69120","菊水ホールディングス","菊水ＨＤ","KIKUSUI HOLDINGS CORPORATION","国内","","株式","スタンダード","電気機器","100","2013-07-16","","1951-08-08","神奈川県","03月31日","09月30日",""
"2026-05-25","69140","オプテックスグループ","オプテックスグループ","OPTEX GROUP Company,Limited","国内","","株式","プライム","電気機器","100","2001-08-29","","1979-05-25","滋賀県","12月31日","06月30日",""
"2026-05-25","69150","千代田インテグレ","千代インテ","CHIYODA INTEGRE CO.,LTD.","国内","","株式","スタンダード","電気機器","100","2001-03-30","","1955-09-01","東京都","12月31日","06月30日",""
"2026-05-25","69180","アバールデータ","アバール","AVAL DATA CORPORATION","国内","","株式","スタンダード","電気機器","100","2013-07-16","","1959-08-22","東京都","03月31日","09月30日",""
"2026-05-25","69190","ケル","ケル","KEL CORPORATION","国内","","株式","スタンダード","電気機器","100","2013-07-16","","1962-07-23","東京都","03月31日","09月30日",""
"2026-05-25","69200","レーザーテック","レーザーテック","Lasertec Corporation","国内","","株式","プライム","電気機器","100","2012-03-14","","1962-08-13","神奈川県","06月30日","12月31日",""
"2026-05-25","69230","スタンレー電気","スタンレー電","Stanley Electric Co.,Ltd.","国内","","株式","プライム","電気機器","100","1961-10-02","","1933-05-05","東京都","03月31日","09月30日",""
"2026-05-25","69250","ウシオ電機","ウシオ電","USHIO INC.","国内","","株式","プライム","電気機器","100","1970-05-04","","1949-03-26","東京都","03月31日","09月30日",""
"2026-05-25","69260","岡谷電機産業","ＯＫＡＹＡ","OKAYA ELECTRIC INDUSTRIES CO.,LTD.","国内","","株式","スタンダード","電気機器","100","1970-09-01","","1939-04-11","東京都","03月31日","09月30日",""
"2026-05-25","69270","ヘリオス　テクノ　ホールディング","ヘリオステクノＨ","Helios Techno Holding Co.,Ltd.","国内","","株式","スタンダード","電気機器","100","2005-04-11","","1976-10-05","東京都","03月31日","09月30日",""
"2026-05-25","69280","エノモト","エノモト","ENOMOTO Co.,Ltd.","国内","","株式","スタンダード","電気機器","100","2013-07-16","","1967-04-27","山梨県","03月31日","09月30日",""
"2026-05-25","69290","日本セラミック","日セラミック","NIPPON CERAMIC CO.,LTD.","国内","","株式","プライム","電気機器","100","2000-03-01","","1975-06-28","鳥取県","12月31日","06月30日",""
"2026-05-25","69300","日本アンテナ","日本アンテナ","NIPPON ANTENNA CO.,LTD.","国内","","株式","上場廃止","電気機器","100","2013-07-16","2025-11-20","1950-08-11","東京都","03月31日","09月30日",""
"2026-05-25","69320","遠藤照明","遠藤照明","ENDO Lighting Corporation","国内","","株式","スタンダード","電気機器","100","2013-07-16","","1972-08-25","大阪府","03月31日","09月30日",""
"2026-05-25","69370","古河電池","古河電池","The Furukawa Battery Co.,Ltd.","国内","","株式","上場廃止","電気機器","100","1961-12-18","2025-12-22","1950-08-30","神奈川県","03月31日","09月30日",""
"2026-05-25","69410","山一電機","山一電機","YAMAICHI ELECTRONICS CO.,LTD.","国内","","株式","プライム","電気機器","100","2000-03-10","","1956-11-01","東京都","03月31日","09月30日",""
"2026-05-25","69420","ソフィアホールディングス","ソフィアＨＤ","SOPHIA HOLDINGS CO.,LTD.","国内","","株式","スタンダード","情報・通信業","100","2013-07-16","","1975-08-11","東京都","03月31日","09月30日",""
"2026-05-25","69430","ＮＫＫスイッチズ","ＮＫＫ","NKK SWITCHES CO.,LTD.","国内","","株式","スタンダード","電気機器","100","2013-07-16","","1953-12-11","神奈川県","03月31日","09月30日",""
"2026-05-25","69460","日本アビオニクス","日アビオ","Nippon Avionics Co.,Ltd.","国内","","株式","スタンダード","電気機器","100","1988-02-09","","1960-04-08","神奈川県","03月31日","09月30日",""
"2026-05-25","69470","図研","図研","ZUKEN INC.","国内","","株式","プライム","電気機器","100","1991-10-08","","1976-12-17","神奈川県","03月31日","09月30日",""
"2026-05-25","69510","日本電子","日電子","JEOL Ltd.","国内","","株式","プライム","電気機器","100","1962-04-05","","1949-05-30","東京都","03月31日","09月30日",""
"2026-05-25","69520","カシオ計算機","カシオ計","CASIO COMPUTER CO.,LTD.","国内","","株式","プライム","電気機器","100","1970-09-21","","1946-06-04","東京都","03月31日","09月30日",""
"2026-05-25","69540","ファナック","ファナック","FANUC CORPORATION","国内","","株式","プライム","電気機器","100","1976-11-10","","1950-11-22","山梨県","03月31日","09月30日",""
"2026-05-25","69550","ＦＤＫ","ＦＤＫ","FDK CORPORATION","国内","","株式","スタンダード","電気機器","100","1969-10-01","","1950-02-07","東京都","03月31日","09月30日",""
"2026-05-25","69570","芝浦電子","芝浦電子","SHIBAURA ELECTRONICS CO.,LTD.","国内","","株式","上場廃止","電気機器","100","2013-07-16","2026-01-13","1950-11-22","埼玉県","03月31日","09月30日",""
"2026-05-25","69580","日本シイエムケイ","ＣＭＫ","CMK CORPORATION","国内","","株式","プライム","電気機器","100","1985-07-19","","1961-02-25","東京都","03月31日","09月30日",""
"2026-05-25","69600","フクダ電子","フクダ電子","FUKUDA DENSHI CO.,LTD.","国内","","株式","スタンダード","電気機器","100","2013-07-16","","1948-07-06","東京都","03月31日","09月30日",""
"2026-05-25","69610","エンプラス","エンプラス","ENPLAS CORPORATION","国内","","株式","プライム","電気機器","100","1984-09-05","","1962-02-21","埼玉県","03月31日","09月30日",""
"2026-05-25","69620","大真空","大真空","DAISHINKU CORP.","国内","","株式","プライム","電気機器","100","2013-07-16","","1963-05-08","兵庫県","03月31日","09月30日",""
"2026-05-25","69630","ローム","ローム","ROHM COMPANY LIMITED","国内","","株式","プライム","電気機器","100","1989-01-25","","1940-03-14","京都府","03月31日","09月30日",""
"2026-05-25","69640","サンコー","サンコー","SANKO CO.,LTD.","国内","","株式","スタンダード","電気機器","100","1999-12-20","","1945-12-04","長野県","03月31日","09月30日",""
"2026-05-25","69650","浜松ホトニクス","浜松ホトニク","HAMAMATSU PHOTONICS K.K.","国内","","株式","プライム","電気機器","100","1996-07-22","","1953-09-29","静岡県","09月30日","03月31日",""
"2026-05-25","69660","三井ハイテック","三井ハイテク","Mitsui High-tec,Inc.","国内","","株式","プライム","電気機器","100","1985-09-09","","1934-07-03","福岡県","01月31日","07月31日",""
"2026-05-25","69670","新光電気工業","新光電工","SHINKO ELECTRIC INDUSTRIES CO.,LTD.","国内","","株式","上場廃止","電気機器","100","1984-12-21","2025-06-06","1946-09-12","長野県","03月31日","09月30日",""
"2026-05-25","69690","松尾電機","松尾電機","MATSUO ELECTRIC CO.,LTD.","国内","","株式","スタンダード","電気機器","100","2013-07-16","","1949-12-12","大阪府","03月31日","09月30日",""
"2026-05-25","69710","京セラ","京セラ","KYOCERA CORPORATION","国内","","株式","プライム","電気機器","100","1972-09-11","","1946-11-06","京都府","03月31日","09月30日",""
"2026-05-25","69730","協栄産業","協栄産","KYOEI SANGYO CO.,LTD.","国内","","株式","上場廃止","卸売業","100","1962-12-27","2025-10-16","1945-01-31","東京都","03月31日","09月30日",""
"2026-05-25","69760","太陽誘電","太陽誘電","TAIYO YUDEN CO.,LTD.","国内","","株式","プライム","電気機器","100","1970-03-02","","1950-03-23","東京都","03月31日","09月30日",""
"2026-05-25","69770","日本抵抗器製作所","日抵抗器","JAPAN RESISTOR MFG. CO.,LTD.","国内","","株式","スタンダード","電気機器","100","1964-10-12","","1947-02-25","富山県","12月31日","06月30日",""
"2026-05-25","69810","村田製作所","村田製","Murata Manufacturing Co.,Ltd.","国内","","株式","プライム","電気機器","100","1969-12-01","","1950-12-23","京都府","03月31日","09月30日",""
"2026-05-25","69820","リード","リード","The Lead Co.,Inc.","国内","","株式","スタンダード","輸送用機器","100","1963-07-05","","1949-07-15","埼玉県","03月31日","09月30日",""
"2026-05-25","69860","双葉電子工業","双葉電子","FUTABA CORPORATION","国内","","株式","プライム","電気機器","100","1985-04-17","","1948-02-03","千葉県","03月31日","09月30日",""
"2026-05-25","69880","日東電工","日東電","NITTO DENKO CORPORATION","国内","","株式","プライム","化学","100","1962-08-27","","1918-10-25","大阪府","03月31日","09月30日",""
"2026-05-25","69890","北陸電気工業","北電工業","HOKURIKU ELECTRIC INDUSTRY CO.,LTD.","国内","","株式","スタンダード","電気機器","100","1962-08-07","","1943-04-04","富山県","03月31日","09月30日",""
"2026-05-25","69930","大黒屋ホールディングス","大黒屋","Daikokuya Holdings Co.,Ltd.","国内","","株式","スタンダード","小売業","100","1961-10-02","","1935-12-17","東京都","03月31日","09月30日",""
"2026-05-25","69940","指月電機製作所","指月電","SHIZUKI ELECTRIC COMPANY INC.","国内","","株式","スタンダード","電気機器","100","1963-05-01","","1947-09-01","兵庫県","03月31日","09月30日",""
"2026-05-25","69950","東海理化電機製作所","東海理電","TOKAI RIKA CO.,LTD.","国内","","株式","プライム","輸送用機器","100","1961-10-02","","1948-08-30","愛知県","03月31日","09月30日",""
"2026-05-25","69960","ニチコン","ニチコン","NICHICON CORPORATION","国内","","株式","プライム","電気機器","100","1961-10-02","","1950-08-01","京都府","03月31日","09月30日",""
"2026-05-25","69970","日本ケミコン","日ケミコン","NIPPON CHEMI-CON CORPORATION","国内","","株式","プライム","電気機器","100","1970-09-01","","1947-08-08","東京都","03月31日","09月30日",""
"2026-05-25","69980","日本タングステン","日タングス","Nippon Tungsten Co.,Ltd.","国内","","株式","スタンダード","電気機器","100","1961-10-02","","1932-09-19","福岡県","03月31日","09月30日",""
"2026-05-25","69990","ＫＯＡ","ＫＯＡ","KOA CORPORATION","国内","","株式","プライム","電気機器","100","1961-12-01","","1947-05-24","長野県","03月31日","09月30日",""
"2026-05-25","70030","三井Ｅ＆Ｓ","三井Ｅ＆Ｓ","MITSUI E&S Co.,Ltd.","国内","","株式","プライム","機械","100","1949-05-16","","1937-07-31","東京都","03月31日","09月30日",""
"2026-05-25","70040","カナデビア","カナデビア","Kanadevia Corporation","国内","","株式","プライム","機械","100","1949-05-16","","1934-05-29","大阪府","03月31日","09月30日",""
"2026-05-25","70110","三菱重工業","三菱重","Mitsubishi Heavy Industries,Ltd.","国内","","株式","プライム","機械","100","1950-05-29","","1950-01-11","東京都","03月31日","09月30日",""
"2026-05-25","70120","川崎重工業","川崎重","Kawasaki Heavy Industries,Ltd.","国内","","株式","プライム","輸送用機器","100","1949-05-16","","1896-10-09","兵庫県","03月31日","09月30日",""
"2026-05-25","70130","ＩＨＩ","ＩＨＩ","IHI Corporation","国内","","株式","プライム","機械","100","1949-05-16","","1889-01-17","東京都","03月31日","09月30日",""
"2026-05-25","70140","名村造船所","名村造船","Namura Shipbuilding Co.,Ltd.","国内","","株式","スタンダード","輸送用機器","100","2013-07-16","","1931-04-13","大阪府","03月31日","09月30日",""
"2026-05-25","70180","内海造船","内海造","Naikai Zosen Corporation","国内","","株式","スタンダード","輸送用機器","100","2000-03-01","","1944-11-22","広島県","03月31日","09月30日",""
"2026-05-25","70210","ニッチツ","ニッチツ","NITCHITSU CO.,LTD.","国内","","株式","スタンダード","機械","100","1951-10-15","","1950-08-01","東京都","03月31日","09月30日",""
"2026-05-25","70220","サノヤスホールディングス","サノヤスＨＤ","Sanoyas Holdings Corporation","国内","","株式","スタンダード","機械","100","2013-07-16","","2011-10-03","大阪府","03月31日","09月30日",""
"2026-05-25","70300","スプリックス","スプリックス","SPRIX Inc.","国内","","株式","スタンダード","サービス業","100","2018-06-29","","1997-01-13","東京都","09月30日","03月31日",""
"2026-05-25","70310","インバウンドテック","Ｇ－インバウンド","Inbound Tech Inc.","国内","","株式","グロース","サービス業","100","2020-12-18","","2015-04-01","東京都","03月31日","09月30日",""
"2026-05-25","70330","マネジメントソリューションズ","ＭＳＯＬ","Management Solutions Co.,Ltd.","国内","","株式","プライム","サービス業","100","2018-07-23","","2005-07-01","東京都","12月31日","06月30日",""
"2026-05-25","70340","プロレド・パートナーズ","プロレドパートナーズ","Prored Partners CO.,LTD.","国内","","株式","プライム","サービス業","100","2018-07-27","","2008-04-23","東京都","10月31日","04月30日",""
"2026-05-25","70350","ａｎｄ　ｆａｃｔｏｒｙ","ａｎｆａｃ","and factory,inc","国内","","株式","スタンダード","サービス業","100","2018-09-06","","2014-09-16","東京都","08月31日","02月末日",""
"2026-05-25","70360","イーエムネットジャパン","Ｇ－イーエムネットＪ","eMnet Japan.co.ltd.","国内","","株式","グロース","サービス業","100","2018-09-21","","2013-04-22","東京都","12月31日","06月30日",""
"2026-05-25","70370","テノ．ホールディングス","テノ．","teno.Holdings Company Limited","国内","","株式","スタンダード","サービス業","100","2018-12-21","","2015-12-15","福岡県","12月31日","06月30日",""
"2026-05-25","70380","フロンティア・マネジメント","フロンティアＭ","Frontier Management Inc.","国内","","株式","プライム","サービス業","100","2018-09-28","","2007-01-04","東京都","12月31日","06月30日",""
"2026-05-25","70390","ブリッジインターナショナルグループ","Ｇ－ブリッジグループ","BRIDGE International Group Corp.","国内","","株式","グロース","サービス業","100","2018-10-03","","2002-01-08","東京都","12月31日","06月30日",""
"2026-05-25","70400","サン・ライフホールディング","サン・ライフＨＤ","SUN-LIFE HOLDING CO.,LTD.","国内","","株式","スタンダード","サービス業","100","2018-10-01","","2018-10-01","神奈川県","03月31日","09月30日",""
"2026-05-25","70410","ＣＲＧホールディングス","Ｇ－ＣＲＧＨＤ","CRG HOLDINGS CO.,LTD.","国内","","株式","グロース","サービス業","100","2018-10-10","","2013-10-01","東京都","09月30日","03月31日",""
"2026-05-25","70420","アクセスグループ・ホールディングス","アクセスグループ","ACCESS GROUP HOLDINGS CO.,LTD.","国内","","株式","スタンダード","サービス業","100","2018-11-06","","1990-04-04","東京都","03月31日","09月30日",""
"2026-05-25","70430","アルー","Ｇ－アルー","Alue Co.,Ltd.","国内","","株式","グロース","サービス業","100","2018-12-11","","2003-10-29","東京都","12月31日","06月30日",""
"2026-05-25","70440","ピアラ","ピアラ","PIALA INC.","国内","","株式","スタンダード","サービス業","100","2018-12-11","","2004-03-24","東京都","12月31日","06月30日",""
"2026-05-25","70460","ＴＤＳＥ","Ｇ－ＴＤＳＥ","TDSE Inc.","国内","","株式","グロース","サービス業","100","2018-12-18","","2013-10-17","東京都","03月31日","09月30日",""
"2026-05-25","70470","ポート","Ｇ－ポート","PORT INC.","国内","","株式","グロース","サービス業","100","2018-12-21","","2011-04-18","東京都","03月31日","09月30日",""
"2026-05-25","70480","ベルトラ","Ｇ－ベルトラ","VELTRA Corporation","国内","","株式","グロース","サービス業","100","2018-12-25","","1991-11-13","東京都","12月31日","06月30日",""
"2026-05-25","70490","識学","Ｇ－識学","SHIKIGAKU.Co.,Ltd.","国内","","株式","グロース","サービス業","100","2019-02-22","","2015-03-05","東京都","02月末日","08月31日",""
"2026-05-25","70500","フロンティアインターナショナル","Ｇ－フロンティアＩ","FRONTIER INTERNATIONAL INC.","国内","","株式","グロース","サービス業","100","2019-02-28","","1990-06-19","東京都","04月30日","10月31日",""
"2026-05-25","70560","マルク","Ｐ－マルク","Maruc Co.,Ltd.","国内","","株式","上場廃止","サービス業","100","2019-03-05","2026-04-10","2011-04-20","愛媛県","08月31日","02月末日",""
"2026-05-25","70570","エヌ・シー・エヌ","エヌ・シー・エヌ","New Constructor's Network Co.,Ltd.","国内","","株式","スタンダード","サービス業","100","2019-03-14","","1996-12-11","東京都","03月31日","09月30日",""
"2026-05-25","70580","共栄セキュリティーサービス","共栄セキュリティ","Kyoei Security Service Co.,Ltd.","国内","","株式","スタンダード","サービス業","100","2019-03-18","","1985-05-15","東京都","07月31日","","2026-07-31"
"2026-05-25","70590","コプロ・ホールディングス","コプロＨＤ","COPRO-HOLDINGS.Co.,Ltd.","国内","","株式","プライム","サービス業","100","2019-03-19","","2006-10-02","愛知県","03月31日","09月30日",""
"2026-05-25","70600","ギークス","ギークス","geechs inc.","国内","","株式","スタンダード","サービス業","100","2019-03-20","","2007-08-23","東京都","03月31日","09月30日",""
"2026-05-25","70610","日本ホスピスホールディングス","Ｇ－日本ホスピス","Japan Hospice Holdings Inc.","国内","","株式","グロース","サービス業","100","2019-03-28","","2017-01-04","東京都","12月31日","06月30日",""
"2026-05-25","70620","フレアス","Ｇ－フレアス","Fureasu Co.,Ltd.","国内","","株式","グロース","サービス業","100","2019-03-28","","2002-04-01","東京都","03月31日","09月30日",""
"2026-05-25","70630","Ｂｉｒｄｍａｎ","Ｇ－Ｂｉｒｄｍａｎ","Birdman Inc.","国内","","株式","グロース","サービス業","100","2019-03-29","","2012-07-26","東京都","06月30日","12月31日",""
"2026-05-25","70640","ハウテレビジョン","ハウテレビジョン","Howtelevision,Inc.","国内","","株式","スタンダード","サービス業","100","2019-04-24","","2010-02-09","東京都","01月31日","07月31日",""
"2026-05-25","70650","ユーピーアール","ユーピーアール","UPR Corporation","国内","","株式","スタンダード","サービス業","100","2019-06-12","","1979-03-02","東京都","08月31日","02月末日",""
"2026-05-25","70660","ピアズ","Ｇ－ピアズ","Peers Co.,Ltd.","国内","","株式","グロース","サービス業","100","2019-06-20","","2002-06-14","東京都","09月30日","03月31日",""
"2026-05-25","70670","ブランディングテクノロジー","Ｇ－ブランディング","Branding Technology Inc.","国内","","株式","グロース","サービス業","100","2019-06-21","","2001-08-16","東京都","03月31日","09月30日",""
"2026-05-25","70680","フィードフォースグループ","Ｇ－ＦフォースＧ","Feedforce Group Inc.","国内","","株式","グロース","サービス業","100","2019-07-05","","2006-03-23","東京都","05月31日","11月30日",""
"2026-05-25","70690","サイバー・バズ","Ｇ－サイバー・バズ","CyberBuzz,Inc.","国内","","株式","グロース","サービス業","100","2019-09-19","","2006-04-03","東京都","09月30日","03月31日",""
"2026-05-25","70710","アンビスホールディングス","アンビス","Amvis Holdings,Inc.","国内","","株式","プライム","サービス業","100","2019-10-09","","2016-10-03","東京都","09月30日","03月31日",""
"2026-05-25","70720","インティメート・マージャー","Ｇ－インテＭ","Intimate Merger,Inc.","国内","","株式","グロース","サービス業","100","2019-10-24","","2013-06-24","東京都","09月30日","03月31日",""
"2026-05-25","70730","ジェイック","Ｇ－ジェイック","JAIC Co.,Ltd.","国内","","株式","グロース","サービス業","100","2019-10-29","","1991-03-07","東京都","01月31日","07月31日",""
"2026-05-25","70740","トゥエンティーフォーセブンホールディングス","Ｇ－２４７ＨＤ","Twenty-four seven Holdings Inc.","国内","","株式","グロース","サービス業","100","2019-11-21","","2007-12-28","東京都","11月30日","05月31日",""
"2026-05-25","70770","ＡＬｉＮＫインターネット","Ｇ－ＡＬｉＮＫ","ALiNK Internet,INC.","国内","","株式","グロース","サービス業","100","2019-12-10","","2013-03-15","東京都","02月末日","08月31日",""
"2026-05-25","70780","ＩＮＣＬＵＳＩＶＥ　Ｈｏｌｄｉｎｇｓ","Ｇ－ＩＮＣ　ＨＤ","INCLUSIVE Holdings Inc.","国内","","株式","グロース","サービス業","100","2019-12-20","","2007-04-03","東京都","03月31日","09月30日",""
"2026-05-25","70790","ＷＤＢココ","Ｇ－ＷＤＢココ","WDB coco CO.,LTD.","国内","","株式","グロース","サービス業","100","2019-12-25","","1984-08-23","東京都","03月31日","09月30日",""
"2026-05-25","70800","スポーツフィールド","Ｇ－スポーツフィール","Sportsfield Co.,Ltd.","国内","","株式","グロース","サービス業","100","2019-12-26","","2010-01-05","東京都","12月31日","06月30日",""
"2026-05-25","70810","コーユーレンティア","レンティア","Koyou Rentia Co.,Ltd.","国内","","株式","スタンダード","サービス業","100","2020-02-07","","1970-10-02","東京都","12月31日","06月30日",""
"2026-05-25","70820","ジモティー","Ｇ－ジモティー","Jimoty,Inc.","国内","","株式","グロース","サービス業","100","2020-02-07","","2011-02-16","東京都","12月31日","06月30日",""
"2026-05-25","70830","ＡＨＣグループ","Ｇ－ＡＨＣグループ","AHC GROUP INC.","国内","","株式","グロース","サービス業","100","2020-02-25","","2010-01-05","東京都","11月30日","05月31日",""
"2026-05-25","70840","Ｓｍｉｌｅ　Ｈｏｌｄｉｎｇｓ","Ｇ－ＳｍｉｌｅＨＤ","Smile Holdings Inc.","国内","","株式","グロース","サービス業","100","2020-03-04","","2018-04-02","東京都","03月31日","09月30日",""
"2026-05-25","70850","カーブスホールディングス","カーブスＨＤ","CURVES HOLDINGS Co.,Ltd.","国内","","株式","プライム","サービス業","100","2020-03-02","","2008-10-17","東京都","08月31日","02月末日",""
"2026-05-25","70870","ウイルテック","ウイルテック","WILLTEC Co.,Ltd.","国内","","株式","スタンダード","サービス業","100","2020-03-06","","1992-04-01","大阪府","03月31日","09月30日",""
"2026-05-25","70880","フォーラムエンジニアリング","フォーラムエンジニア","Forum Engineering Inc.","国内","","株式","上場廃止","サービス業","100","2020-03-09","2026-05-13","1981-04-17","東京都","03月31日","09月30日",""
"2026-05-25","70890","フォースタートアップス","Ｇ－フォースタ","for Startups,Inc.","国内","","株式","グロース","サービス業","100","2020-03-13","","2016-09-01","東京都","03月31日","09月30日",""
"2026-05-25","70900","リグア","Ｇ－リグア","Ligua Inc.","国内","","株式","グロース","サービス業","100","2020-03-13","","2004-10-01","大阪府","03月31日","09月30日",""
"2026-05-25","70910","リビングプラットフォーム","Ｇ－ＬＰＦ","Living Platform,Ltd.","国内","","株式","グロース","サービス業","100","2020-03-17","","2011-06-28","東京都","03月31日","09月30日",""
"2026-05-25","70920","Ｆａｓｔ　Ｆｉｔｎｅｓｓ　Ｊａｐａｎ","ＦＦＪ","Fast Fitness Japan Incorporated","国内","","株式","上場廃止","サービス業","100","2020-12-16","2026-04-20","2010-05-21","東京都","03月31日","09月30日",""
"2026-05-25","70930","アディッシュ","Ｇ－アディッシュ","adish Co.,Ltd.","国内","","株式","グロース","サービス業","100","2020-03-26","","2014-10-01","東京都","12月31日","06月30日",""
"2026-05-25","70940","ＮｅｘＴｏｎｅ","Ｇ－ＮｅｘＴｏｎｅ","NexTone Inc.","国内","","株式","グロース","サービス業","100","2020-03-30","","2000-09-29","東京都","03月31日","09月30日",""
"2026-05-25","70950","Ｍａｃｂｅｅ　Ｐｌａｎｅｔ","ＭａｃｂｅｅＰ","Macbee Planet,Inc.","国内","","株式","プライム","サービス業","100","2020-03-31","","2015-08-25","東京都","04月30日","10月31日",""
"2026-05-25","70960","ステムセル研究所","Ｇ－ステムセル研究所","StemCell Institute","国内","","株式","グロース","サービス業","100","2021-06-25","","1999-08-05","東京都","03月31日","09月30日",""
"2026-05-25","70970","さくらさくプラス","Ｇ－さくらさく","SAKURASAKU PLUS,Co.,Ltd.","国内","","株式","グロース","サービス業","100","2020-10-28","","2017-08-01","東京都","07月31日","01月31日",""
"2026-05-25","70980","エージェント","Ｐ－エージェント","Agent Inc.","国内","","株式","TOKYO PRO Market","サービス業","100","2020-04-28","","2004-04-16","東京都","01月31日","07月31日",""
"2026-05-25","71020","日本車輌製造","日車輌","NIPPON SHARYO,LTD.","国内","","株式","プライム","輸送用機器","100","1949-05-16","","1896-08-18","愛知県","03月31日","09月30日",""
"2026-05-25","71050","三菱ロジスネクスト","三菱ロジスネクスト","Mitsubishi Logisnext Co.,Ltd.","国内","","株式","上場廃止","輸送用機器","100","1961-10-02","2026-04-27","1937-07-31","京都府","03月31日","09月30日",""
"2026-05-25","71100","クラシコム","Ｇ－クラシコム","Kurashicom Inc.","国内","","株式","グロース","小売業","100","2022-08-05","","2006-09-06","東京都","07月31日","01月31日",""
"2026-05-25","71110","ＩＮＥＳＴ","ＩＮＥＳＴ","INEST,Inc.","国内","","株式","スタンダード","卸売業","100","2022-10-03","","2022-10-03","東京都","03月31日","09月30日",""
"2026-05-25","71120","キューブ","Ｇ－キューブ","CUBE CO.,LTD.","国内","","株式","グロース","小売業","100","2022-10-07","","1994-12-09","東京都","12月31日","06月30日",""
"2026-05-25","71140","フーディソン","Ｇ－フーディソン","Foodison,Inc.","国内","","株式","グロース","卸売業","100","2022-12-16","","2013-04-01","東京都","03月31日","09月30日",""
"2026-05-25","71150","アルファパーチェス","アルファパーチェス","AlphaPurchase Corporation","国内","","株式","スタンダード","卸売業","100","2022-12-26","","2010-11-01","東京都","12月31日","06月30日",""
"2026-05-25","71160","ダイワ通信","ダイワ通信","DAIWA TSUSHIN Co.,Ltd","国内","","株式","上場廃止","卸売業","100","2022-12-26","2026-03-25","2016-03-01","石川県","03月31日","09月30日",""
"2026-05-25","71170","ミモナ","Ｐ－ミモナ","Mimona Co.,Ltd","国内","","株式","上場廃止","小売業","100","2023-01-26","2025-09-30","2006-09-01","和歌山県","05月31日","11月30日",""
"2026-05-25","71190","ハルメクホールディングス","Ｇ－ハルメクＨＤ","halmek holdings Co.,Ltd.","国内","","株式","グロース","小売業","100","2023-03-23","","2020-07-09","東京都","03月31日","09月30日",""
"2026-05-25","71200","ＳＨＩＮＫＯ","ＳＨＩＮＫＯ","SHINKO Inc.","国内","","株式","スタンダード","卸売業","100","2023-03-22","","2014-05-16","東京都","03月31日","09月30日",""
"2026-05-25","71220","近畿車輛","近畿車輌","THE KINKI SHARYO CO.,LTD.","国内","","株式","スタンダード","輸送用機器","100","1961-10-02","","1939-11-16","大阪府","03月31日","09月30日",""
"2026-05-25","71260","グローバルスタイル","グローバルスタイル","Global Style Co.,Ltd.","国内","","株式","スタンダード","小売業","100","2021-08-24","","1949-04-26","大阪府","07月31日","01月31日",""
"2026-05-25","71270","一家ホールディングス","一家ホールディングス","Ikka Holdings Co.,Ltd.","国内","","株式","スタンダード","小売業","100","2021-10-01","","2021-10-01","千葉県","03月31日","09月30日",""
"2026-05-25","71280","ユニソルホールディングス","ユニソルＨＤ","UNISOL Holdings Corporation","国内","","株式","プライム","卸売業","100","2021-10-01","","2021-10-01","大阪府","12月31日","06月30日",""
"2026-05-25","71290","ミアヘルサホールディングス","ミアヘルサＨＤ","Miahelsa Holdings Corporation","国内","","株式","スタンダード","小売業","100","2021-10-01","","2021-10-01","東京都","03月31日","09月30日",""
"2026-05-25","71300","ヤマエグループホールディングス","ヤマエグループＨＤ","YAMAE GROUP HOLDINGS CO.,LTD.","国内","","株式","プライム","卸売業","100","2021-10-01","","2021-10-01","福岡県","03月31日","09月30日",""
"2026-05-25","71310","のむら産業","のむら産業","NOMURA CORPORATION","国内","","株式","スタンダード","卸売業","100","2021-12-02","","1965-11-09","東京都","10月31日","04月30日",""
"2026-05-25","71320","フローバル","Ｐ－フローバル","FLOBAL CORPORATION","国内","","株式","TOKYO PRO Market","卸売業","100","2021-12-16","","1944-06-30","大阪府","03月31日","09月30日",""
"2026-05-25","71330","ＨＹＵＧＡ　ＰＲＩＭＡＲＹ　ＣＡＲＥ","Ｇ－ヒュウガプライマ","HYUGA PRIMARY CARE Co.,Ltd.","国内","","株式","グロース","小売業","100","2021-12-20","","2007-11-14","福岡県","03月31日","09月30日",""
"2026-05-25","71340","アップガレージグループ","アップガレージＧ","UP GARAGE GROUP Co.,Ltd.","国内","","株式","スタンダード","小売業","100","2021-12-23","","2014-04-01","神奈川県","03月31日","09月30日",""
"2026-05-25","71350","ジャパンクラフトホールディングス","ジャパンクラフトＨＤ","JAPAN CRAFT HOLDINGS CO.,LTD.","国内","","株式","スタンダード","小売業","100","2022-01-04","","2022-01-04","愛知県","06月30日","12月31日",""
"2026-05-25","71360","ウェルビングループ","Ｐ－ウェルビンＧ","Wellbin Group Co.,Ltd.","国内","","株式","上場廃止","小売業","100","2022-02-17","2026-05-19","2020-03-16","埼玉県","12月31日","06月30日",""
"2026-05-25","71370","グラントマト","Ｐ－グラントマト","Grantomato Co.,Ltd.","国内","","株式","TOKYO PRO Market","小売業","100","2022-02-25","","1994-08-19","福島県","08月31日","02月末日",""
"2026-05-25","71380","ＴＯＲＩＣＯ","Ｇ－ＴＯＲＩＣＯ","TORICO Co.,Ltd.","国内","","株式","グロース","小売業","100","2022-03-23","","2005-07-29","東京都","03月31日","09月30日",""
"2026-05-25","71390","東京高圧山崎","Ｐ－東京高圧","TOKYO KOATSU Co.,Ltd.","国内","","株式","TOKYO PRO Market","卸売業","100","2022-04-19","","1972-06-06","東京都","05月31日","11月30日",""
"2026-05-25","71400","ペットゴー","Ｇ－ペットゴー","Petgo Corporation","国内","","株式","グロース","小売業","100","2022-04-28","","2004-11-17","東京都","03月31日","09月30日",""
"2026-05-25","71480","ＦＰＧ","ＦＰＧ","Financial Partners Group Co.,Ltd.","国内","","株式","プライム","証券、商品先物取引業","100","2011-10-03","","2001-11-09","東京都","09月30日","03月31日",""
"2026-05-25","71500","島根銀行","島根銀行","THE SHIMANE BANK,LTD.","国内","","株式","スタンダード","銀行業","100","2011-03-15","","1915-05-20","島根県","03月31日","09月30日",""
"2026-05-25","71570","ライフネット生命保険","ライフネット生命","LIFENET INSURANCE COMPANY","国内","","株式","プライム","保険業","100","2012-03-15","","2006-10-23","東京都","03月31日","09月30日",""
"2026-05-25","71610","じもとホールディングス","じもとＨＤ","Jimoto Holdings,Inc.","国内","","株式","スタンダード","銀行業","100","2012-10-01","","2012-10-01","宮城県","03月31日","09月30日",""
"2026-05-25","71620","アストマックス","アストマックス","ASTMAX Co.,Ltd.","国内","","株式","スタンダード","電気・ガス業","100","2013-07-16","","2012-10-01","東京都","03月31日","09月30日",""
"2026-05-25","71630","住信ＳＢＩネット銀行","住信ＳＢＩネット銀","SBI Sumishin Net Bank,Ltd.","国内","","株式","上場廃止","銀行業","100","2023-03-29","2025-09-25","1986-06-03","東京都","03月31日","09月30日",""
"2026-05-25","71640","全国保証","全国保証","ZENKOKU HOSHO Co.,Ltd.","国内","","株式","プライム","その他金融業","100","2012-12-19","","1981-02-19","東京都","03月31日","09月30日",""
"2026-05-25","71670","めぶきフィナンシャルグループ","めぶきＦＧ","Mebuki Financial Group,Inc.","国内","","株式","プライム","銀行業","100","2013-12-19","","2008-04-01","東京都","03月31日","09月30日",""
"2026-05-25","71700","中央インターナショナルグループ","Ｐ－中央グループ","CHUOU INTERNATIONAL GROUP CO.,LTD.","国内","","株式","TOKYO PRO Market","保険業","100","2014-07-14","","1992-01-17","佐賀県","12月31日","06月30日",""
"2026-05-25","71720","ジャパンインベストメントアドバイザー","ＪＩＡ","Japan Investment Adviser Co.,Ltd.","国内","","株式","プライム","証券、商品先物取引業","100","2014-09-11","","2006-09-01","東京都","12月31日","06月30日",""
"2026-05-25","71730","東京きらぼしフィナンシャルグループ","東京きらぼしＦＧ","Tokyo Kiraboshi Financial Group,Inc.","国内","","株式","プライム","銀行業","100","2014-10-01","","2014-10-01","東京都","03月31日","09月30日",""
"2026-05-25","71750","今村証券","今村証券","The Imamura Securities Co.,Ltd.","国内","","株式","スタンダード","証券、商品先物取引業","100","2014-12-17","","1944-07-31","石川県","03月31日","09月30日",""
"2026-05-25","71760","シンプレクス・ファイナンシャル・ホールディングス","Ｐ－シンプレクスＦＨ","Simplex Financial Holdings Co.,Ltd.","国内","","株式","TOKYO PRO Market","証券、商品先物取引業","100","2015-01-27","","2006-10-06","東京都","03月31日","09月30日",""
"2026-05-25","71770","ＧＭＯフィナンシャルホールディングス","ＧＭＯＦＨＤ","GMO Financial Holdings,Inc.","国内","","株式","スタンダード","証券、商品先物取引業","100","2015-04-01","","2012-01-04","東京都","12月31日","06月30日",""
"2026-05-25","71800","九州フィナンシャルグループ","九州ＦＧ","Kyushu Financial Group,Inc.","国内","","株式","プライム","銀行業","100","2015-10-01","","2015-10-01","熊本県","03月31日","09月30日",""
"2026-05-25","71810","かんぽ生命保険","かんぽ生命保険","JAPAN POST INSURANCE Co.,Ltd.","国内","","株式","プライム","保険業","100","2015-11-04","","2006-09-01","東京都","03月31日","09月30日",""
"2026-05-25","71820","ゆうちょ銀行","ゆうちょ銀行","JAPAN POST BANK Co.,Ltd.","国内","","株式","プライム","銀行業","100","2015-11-04","","2006-09-01","東京都","03月31日","09月30日",""
"2026-05-25","71830","あんしん保証","あんしん保証","Anshin Guarantor Service Co.,Ltd.","国内","","株式","スタンダード","その他金融業","100","2015-11-19","","2002-12-16","東京都","03月31日","09月30日",""
"2026-05-25","71840","富山第一銀行","富山第一銀行","THE FIRST BANK OF TOYAMA,LTD.","国内","","株式","プライム","銀行業","100","2016-03-15","","1944-10-01","富山県","03月31日","09月30日",""
"2026-05-25","71850","ヒロセ通商","ヒロセ通商","Hirose Tusyo Inc.","国内","","株式","スタンダード","証券、商品先物取引業","100","2016-03-18","","2004-03-18","大阪府","03月31日","09月30日",""
"2026-05-25","71860","横浜フィナンシャルグループ","横浜ＦＧ","Yokohama Financial Group,Inc.","国内","","株式","プライム","銀行業","100","2016-04-01","","2016-04-01","東京都","03月31日","09月30日",""
"2026-05-25","71870","ジェイリース","ジェイリース","J-LEASE CO.,LTD.","国内","","株式","プライム","その他金融業","100","2016-06-22","","2004-02-27","大分県","03月31日","09月30日",""
"2026-05-25","71890","西日本フィナンシャルホールディングス","西日本ＦＨ","Nishi-Nippon Financial Holdings,Inc.","国内","","株式","プライム","銀行業","100","2016-10-03","","2016-10-03","福岡県","03月31日","09月30日",""
"2026-05-25","71910","イントラスト","イントラスト","Entrust Inc.","国内","","株式","スタンダード","その他金融業","100","2016-12-07","","2006-03-09","東京都","03月31日","09月30日",""
"2026-05-25","71920","日本モーゲージサービス","日本モーゲージＳ","Mortgage Service Japan Limited","国内","","株式","スタンダード","その他金融業","100","2016-12-19","","2005-08-12","東京都","03月31日","09月30日",""
"2026-05-25","71960","Ｃａｓａ","Ｃａｓａ","Casa Inc.","国内","","株式","スタンダード","その他金融業","100","2017-10-31","","2013-08-27","東京都","01月31日","07月31日",""
"2026-05-25","71980","ＳＢＩアルヒ","ＳＢＩアルヒ","SBI ARUHI Corporation","国内","","株式","プライム","その他金融業","100","2017-12-14","","2014-05-20","東京都","03月31日","09月30日",""
"2026-05-25","71990","プレミアグループ","プレミアグループ","Premium Group Co.,Ltd.","国内","","株式","プライム","その他金融業","100","2017-12-21","","2015-05-25","東京都","03月31日","09月30日",""
"2026-05-25","72010","日産自動車","日産自","NISSAN MOTOR CO.,LTD.","国内","","株式","プライム","輸送用機器","100","1951-01-04","","1933-12-26","神奈川県","03月31日","09月30日",""
"2026-05-25","72020","いすゞ自動車","いすゞ自","ISUZU MOTORS LIMITED","国内","","株式","プライム","輸送用機器","100","1949-05-16","","1937-04-09","神奈川県","03月31日","09月30日",""
"2026-05-25","72030","トヨタ自動車","トヨタ自","TOYOTA MOTOR CORPORATION","国内","","株式","プライム","輸送用機器","100","1949-05-16","","1937-08-27","愛知県","03月31日","09月30日",""
"2026-05-25","72050","日野自動車","日野自","HINO MOTORS,LTD.","国内","","株式","上場廃止","輸送用機器","100","1949-05-16","2026-03-30","1942-05-01","東京都","03月31日","09月30日",""
"2026-05-25","72080","カネミツ","カネミツ","KANEMITSU CORPORATION","国内","","株式","スタンダード","輸送用機器","100","2013-07-16","","1950-12-27","兵庫県","03月31日","09月30日",""
"2026-05-25","72110","三菱自動車工業","三菱自","MITSUBISHI MOTORS CORPORATION","国内","","株式","プライム","輸送用機器","100","1988-12-05","","1970-04-22","東京都","03月31日","09月30日",""
"2026-05-25","72120","エフテック","エフテック","F-TECH INC.","国内","","株式","スタンダード","輸送用機器","100","2001-01-26","","1955-11-05","埼玉県","03月31日","09月30日",""
"2026-05-25","72130","レシップホールディングス","レシップＨＤ","LECIP HOLDINGS CORPORATION","国内","","株式","スタンダード","輸送用機器","100","2007-12-27","","1953-03-19","岐阜県","03月31日","09月30日",""
"2026-05-25","72140","ＧＭＢ","ＧＭＢ","GMB CORPORATION","国内","","株式","スタンダード","輸送用機器","100","2013-07-16","","1962-05-08","奈良県","03月31日","09月30日",""
"2026-05-25","72150","ファルテック","ファルテック","FALTEC Co.,Ltd.","国内","","株式","スタンダード","輸送用機器","100","2013-03-19","","2004-04-01","神奈川県","03月31日","09月30日",""
"2026-05-25","72170","テイン","テイン","TEIN,INC.","国内","","株式","スタンダード","輸送用機器","100","2013-07-16","","1966-06-02","神奈川県","03月31日","09月30日",""
"2026-05-25","72180","田中精密工業","田中精密","TANAKA SEIMITSU KOGYO CO.,LTD.","国内","","株式","スタンダード","輸送用機器","100","2013-07-16","","1957-10-01","富山県","03月31日","09月30日",""
"2026-05-25","72190","エッチ・ケー・エス","ＨＫＳ","HKS CO.,LTD.","国内","","株式","スタンダード","輸送用機器","100","2013-07-16","","1981-06-01","静岡県","08月31日","02月末日",""
"2026-05-25","72200","武蔵精密工業","武蔵精密","MUSASHI SEIMITSU INDUSTRY CO.,LTD.","国内","","株式","プライム","輸送用機器","100","2004-03-24","","1944-01-22","愛知県","03月31日","09月30日",""
"2026-05-25","72220","日産車体","日産車体","NISSAN SHATAI CO.,LTD.","国内","","株式","スタンダード","輸送用機器","100","1961-10-02","","1949-04-01","神奈川県","03月31日","09月30日",""
"2026-05-25","72240","新明和工業","新明和工","ShinMaywa Industries,LTD.","国内","","株式","プライム","輸送用機器","100","1962-08-04","","1949-11-05","兵庫県","03月31日","09月30日",""
"2026-05-25","72260","極東開発工業","極東開","KYOKUTO KAIHATSU KOGYO CO.,LTD.","国内","","株式","プライム","輸送用機器","100","1992-11-16","","1955-06-01","大阪府","03月31日","09月30日",""
"2026-05-25","72280","デイトナ","デイトナ","DAYTONA CORPORATION","国内","","株式","スタンダード","輸送用機器","100","2013-07-16","","1972-04-01","静岡県","12月31日","06月30日",""
"2026-05-25","72290","ユタカ技研","ユタカ技研","YUTAKA GIKEN CO.,LTD.","国内","","株式","スタンダード","輸送用機器","100","2013-07-16","","1976-12-11","静岡県","03月31日","09月30日",""
"2026-05-25","72310","トピー工業","トピー工","TOPY INDUSTRIES,LIMITED","国内","","株式","プライム","輸送用機器","100","1949-05-16","","1934-12-19","東京都","03月31日","09月30日",""
"2026-05-25","72350","東京ラヂエーター製造","東ラヂエタ","TOKYO RADIATOR MFG.CO.,LTD.","国内","","株式","スタンダード","輸送用機器","100","1961-10-02","","1938-10-15","神奈川県","03月31日","09月30日",""
"2026-05-25","72360","ティラド","ティラド","T.RAD Co., Ltd.","国内","","株式","プライム","輸送用機器","100","1961-10-02","","1936-10-31","東京都","03月31日","09月30日",""
"2026-05-25","72380","曙ブレーキ工業","曙ブレーキ","AKEBONO BRAKE INDUSTRY CO.,LTD.","国内","","株式","プライム","輸送用機器","100","1961-10-02","","1936-01-25","埼玉県","03月31日","09月30日",""
"2026-05-25","72390","タチエス","タチエス","TACHI-S CO.,LTD.","国内","","株式","プライム","輸送用機器","100","1986-12-17","","1954-04-07","東京都","03月31日","09月30日",""
"2026-05-25","72400","ＮＯＫ","ＮＯＫ","NOK CORPORATION","国内","","株式","プライム","輸送用機器","100","1961-10-02","","1939-11-18","東京都","03月31日","09月30日",""
"2026-05-25","72410","フタバ産業","フタバ産","FUTABA INDUSTRIAL CO.,LTD.","国内","","株式","プライム","輸送用機器","100","1980-12-03","","1935-03-25","愛知県","03月31日","09月30日",""
"2026-05-25","72420","カヤバ","カヤバ","KYB Corporation","国内","","株式","プライム","輸送用機器","100","1959-10-19","","1948-11-25","東京都","03月31日","09月30日",""
"2026-05-25","72440","市光工業","市光工","ICHIKOH INDUSTRIES,LTD.","国内","","株式","プライム","電気機器","100","1961-10-02","","1939-12-20","神奈川県","12月31日","06月30日",""
"2026-05-25","72450","大同メタル工業","大同メタル","DAIDO METAL CO.,LTD.","国内","","株式","プライム","輸送用機器","100","2004-03-22","","1939-11-04","愛知県","03月31日","09月30日",""
"2026-05-25","72460","プレス工業","プレス工","PRESS KOGYO CO.,LTD.","国内","","株式","プライム","輸送用機器","100","1961-08-07","","1934-06-29","神奈川県","03月31日","09月30日",""
"2026-05-25","72470","ミクニ","ミクニ","MIKUNI CORPORATION","国内","","株式","スタンダード","輸送用機器","100","1961-10-02","","1948-10-01","東京都","03月31日","09月30日",""
"2026-05-25","72500","太平洋工業","太平洋工","PACIFIC INDUSTRIAL CO.,LTD.","国内","","株式","上場廃止","輸送用機器","100","1963-10-08","2026-04-13","1938-04-19","岐阜県","03月31日","09月30日",""
"2026-05-25","72540","ユニバンス","ユニバンス","UNIVANCE CORPORATION","国内","","株式","スタンダード","輸送用機器","100","1963-08-21","","1947-03-31","静岡県","03月31日","09月30日",""
"2026-05-25","72550","桜井製作所","桜井製作","SAKURAI LTD.","国内","","株式","スタンダード","輸送用機器","100","2013-07-16","","1948-09-20","静岡県","03月31日","09月30日",""
"2026-05-25","72560","河西工業","河西工","KASAI KOGYO CO.,LTD.","国内","","株式","スタンダード","輸送用機器","100","1964-07-27","","1948-06-29","神奈川県","03月31日","09月30日",""
"2026-05-25","72590","アイシン","アイシン","AISIN CORPORATION","国内","","株式","プライム","輸送用機器","100","1970-05-01","","1949-06-01","愛知県","03月31日","09月30日",""
"2026-05-25","72610","マツダ","マツダ","Mazda Motor Corporation","国内","","株式","プライム","輸送用機器","100","1949-05-16","","1920-01-30","広島県","03月31日","09月30日",""
"2026-05-25","72640","ムロコーポレーション","ＭＵＲＯ","MURO CORPORATION","国内","","株式","スタンダード","輸送用機器","100","2013-07-16","","1958-04-26","栃木県","03月31日","09月30日",""
"2026-05-25","72650","エイケン工業","エイケン工業","EIKEN INDUSTRIES CO.,LTD","国内","","株式","スタンダード","輸送用機器","100","2013-07-16","","1969-02-14","静岡県","10月31日","04月30日",""
"2026-05-25","72660","今仙電機製作所","今仙電機","Imasen Electric Industrial Co.,Ltd.","国内","","株式","スタンダード","輸送用機器","100","2003-02-03","","1939-02-01","愛知県","03月31日","09月30日",""
"2026-05-25","72670","本田技研工業","ホンダ","HONDA MOTOR CO.,LTD.","国内","","株式","プライム","輸送用機器","100","1957-12-02","","1948-09-24","東京都","03月31日","09月30日",""
"2026-05-25","72690","スズキ","スズキ","SUZUKI MOTOR CORPORATION","国内","","株式","プライム","輸送用機器","100","1949-05-16","","1920-03-15","静岡県","03月31日","09月30日",""
"2026-05-25","72700","ＳＵＢＡＲＵ","ＳＵＢＡＲＵ","SUBARU CORPORATION","国内","","株式","プライム","輸送用機器","100","1966-03-10","","1945-12-27","東京都","03月31日","09月30日",""
"2026-05-25","72710","安永","安永","YASUNAGA CORPORATION","国内","","株式","スタンダード","輸送用機器","100","2013-07-16","","1949-09-19","三重県","03月31日","09月30日",""
"2026-05-25","72720","ヤマハ発動機","ヤマハ発","Yamaha Motor Co.,Ltd.","国内","","株式","プライム","輸送用機器","100","1967-03-08","","1918-05-12","静岡県","12月31日","06月30日",""
"2026-05-25","72730","イクヨ","イクヨ","IKUYO CO.,LTD.","国内","","株式","スタンダード","輸送用機器","100","1997-03-18","","1947-05-10","東京都","03月31日","09月30日",""
"2026-05-25","72760","小糸製作所","小糸製","KOITO MANUFACTURING CO.,LTD.","国内","","株式","プライム","電気機器","100","1949-05-16","","1936-04-01","東京都","03月31日","09月30日",""
"2026-05-25","72770","ＴＢＫ","ＴＢＫ","TBK Co.,Ltd.","国内","","株式","スタンダード","輸送用機器","100","1971-11-01","","1948-08-13","東京都","03月31日","09月30日",""
"2026-05-25","72780","エクセディ","エクセディ","EXEDY Corporation","国内","","株式","プライム","輸送用機器","100","1997-08-20","","1950-07-01","大阪府","03月31日","09月30日",""
"2026-05-25","72790","ハイレックスコーポレーション","ハイレックス","HI-LEX CORPORATION","国内","","株式","スタンダード","輸送用機器","100","2013-07-16","","1946-11-06","兵庫県","10月31日","04月30日",""
"2026-05-25","72800","ミツバ","ミツバ","MITSUBA Corporation","国内","","株式","プライム","電気機器","100","1988-02-05","","1946-03-08","群馬県","03月31日","09月30日",""
"2026-05-25","72820","豊田合成","豊田合","TOYODA GOSEI CO.,LTD.","国内","","株式","プライム","輸送用機器","100","1999-03-24","","1949-06-15","愛知県","03月31日","09月30日",""
"2026-05-25","72830","愛三工業","愛三工","AISAN INDUSTRY CO.,LTD.","国内","","株式","プライム","輸送用機器","100","2000-03-09","","1938-12-01","愛知県","03月31日","09月30日",""
"2026-05-25","72840","盟和産業","盟和産","MEIWA INDUSTRY CO.,LTD.","国内","","株式","スタンダード","輸送用機器","100","1981-01-26","","1950-11-30","神奈川県","03月31日","09月30日",""
"2026-05-25","72870","日本精機","日本精機","NIPPON SEIKI CO.,LTD.","国内","","株式","スタンダード","輸送用機器","100","1989-02-16","","1946-12-24","新潟県","03月31日","09月30日",""
"2026-05-25","72910","日本プラスト","日本プラスト","NIHON PLAST CO.,LTD.","国内","","株式","スタンダード","輸送用機器","100","2008-03-17","","1945-07-18","静岡県","03月31日","09月30日",""
"2026-05-25","72920","村上開明堂","村上開明","MURAKAMI CORPORATION","国内","","株式","スタンダード","輸送用機器","100","1995-03-20","","1948-03-27","静岡県","03月31日","09月30日",""
"2026-05-25","72940","ヨロズ","ヨロズ","YOROZU CORPORATION","国内","","株式","プライム","輸送用機器","100","1994-03-10","","1948-04-01","神奈川県","03月31日","09月30日",""
"2026-05-25","72960","エフ・シー・シー","ＦＣＣ","F.C.C.CO.,LTD.","国内","","株式","プライム","輸送用機器","100","2003-02-17","","1939-06-15","静岡県","03月31日","09月30日",""
"2026-05-25","72970","カーメイト","カーメイト","CAR MATE MFG. CO.,LTD.","国内","","株式","スタンダード","輸送用機器","100","2013-07-16","","1966-06-07","東京都","03月31日","09月30日",""
"2026-05-25","72990","フジオーゼックス","フジオーゼ","FUJI OOZX Inc.","国内","","株式","スタンダード","輸送用機器","100","1994-12-22","","1951-12-21","静岡県","03月31日","09月30日",""
"2026-05-25","73050","新家工業","新家工","ARAYA INDUSTRIAL CO.,LTD.","国内","","株式","スタンダード","鉄鋼","100","1961-10-02","","1919-11-25","大阪府","03月31日","09月30日",""
"2026-05-25","73090","シマノ","シマノ","SHIMANO INC.","国内","","株式","プライム","輸送用機器","100","1973-05-01","","1940-01-29","大阪府","12月31日","06月30日",""
"2026-05-25","73130","テイ・エス　テック","ＴＳテック","TS TECH CO.,LTD.","国内","","株式","プライム","輸送用機器","100","2007-02-23","","1948-08-19","埼玉県","03月31日","09月30日",""
"2026-05-25","73140","小田原機器","小田原機","ODAWARA AUTO-MACHINE MFG.CO.,LTD.","国内","","株式","スタンダード","輸送用機器","100","2013-07-16","","1979-10-15","神奈川県","12月31日","06月30日",""
"2026-05-25","73170","松屋アールアンドディ","Ｇ－松屋Ｒ＆Ｄ","Matsuya R&D Co.,Ltd","国内","","株式","グロース","輸送用機器","100","2020-04-06","","1982-08-07","福井県","03月31日","09月30日",""
"2026-05-25","73180","セレンディップ・ホールディングス","Ｇ－セレンディップ","SERENDIP HOLDINGS Co.,Ltd.","国内","","株式","グロース","輸送用機器","100","2021-06-24","","2006-08-02","愛知県","03月31日","09月30日",""
"2026-05-25","73200","Ｓｏｌｖｖｙ","Ｇ－Ｓｏｌｖｖｙ","Solvvy Inc.","国内","","株式","グロース","その他金融業","100","2018-03-30","","2009-03-12","東京都","06月30日","12月31日",""
"2026-05-25","73220","三十三フィナンシャルグループ","３３ＦＧ","San ju San Financial Group,Inc.","国内","","株式","プライム","銀行業","100","2018-04-02","","2018-04-02","三重県","03月31日","09月30日",""
"2026-05-25","73250","アイリックコーポレーション","Ｇ－アイリック","IRRC Corporation","国内","","株式","グロース","保険業","100","2018-09-25","","1995-07-24","東京都","06月30日","12月31日",""
"2026-05-25","73260","ＳＢＩインシュアランスグループ","Ｇ－ＳＢＩインシュ","SBI Insurance Group Co.,Ltd.","国内","","株式","グロース","保険業","100","2018-09-27","","2016-12-19","東京都","03月31日","09月30日",""
"2026-05-25","73270","第四北越フィナンシャルグループ","第四北越ＦＧ","Daishi Hokuetsu Financial Group,Inc.","国内","","株式","プライム","銀行業","100","2018-10-01","","2018-10-01","新潟県","03月31日","09月30日",""
"2026-05-25","73370","ひろぎんホールディングス","ひろぎんＨＤ","Hirogin Holdings,Inc.","国内","","株式","プライム","銀行業","100","2020-10-01","","2020-10-01","広島県","03月31日","09月30日",""
"2026-05-25","73430","ブロードマインド","Ｇ－ブロードマインド","Broad-Minded Co.,Ltd.","国内","","株式","グロース","保険業","100","2021-03-26","","2002-01-09","東京都","03月31日","09月30日",""
"2026-05-25","73450","アイ・パートナーズフィナンシャル","Ｇ－アイパートナーズ","Ai Partners Financial Inc.","国内","","株式","グロース","その他金融業","100","2021-06-23","","2006-02-08","神奈川県","03月31日","09月30日",""
"2026-05-25","73470","マーキュリアホールディングス","マーキュリアＨＤ","Mercuria Holdings Co.,Ltd.","国内","","株式","プライム","証券、商品先物取引業","100","2021-07-01","","2021-07-01","東京都","12月31日","06月30日",""
"2026-05-25","73500","おきなわフィナンシャルグループ","おきなわＦＧ","Okinawa Financial Group,Inc.","国内","","株式","プライム","銀行業","100","2021-10-01","","2021-10-01","沖縄県","03月31日","09月30日",""
"2026-05-25","73510","グッドパッチ","Ｇ－グッドパッチ","Goodpatch Inc.","国内","","株式","グロース","サービス業","100","2020-06-30","","2011-09-01","東京都","08月31日","02月末日",""
"2026-05-25","73520","ＴＷＯＳＴＯＮＥ＆Ｓｏｎｓ","Ｇ－ＴＷＯＳＴＯＮＥ","TWOSTONE&Sons Inc.","国内","","株式","グロース","サービス業","100","2020-07-07","","2013-10-02","東京都","08月31日","02月末日",""
"2026-05-25","73530","ＫＩＹＯラーニング","Ｇ－ＫＩＹＯ","KIYO Learning Co.,Ltd.","国内","","株式","グロース","サービス業","100","2020-07-15","","2010-01-04","東京都","12月31日","06月30日",""
"2026-05-25","73540","ダイレクトマーケティングミックス","ＤｍＭｉＸ","Direct Marketing MiX Inc.","国内","","株式","スタンダード","サービス業","100","2020-10-05","","2017-08-03","大阪府","12月31日","06月30日",""
"2026-05-25","73550","一寸房","Ｐ－一寸房","Issunbou Co.,Ltd.","国内","","株式","TOKYO PRO Market","サービス業","100","2020-10-28","","2005-08-11","北海道","07月31日","01月31日",""
"2026-05-25","73560","Ｒｅｔｔｙ","Ｇ－Ｒｅｔｔｙ","Retty Inc.","国内","","株式","グロース","サービス業","100","2020-10-30","","2010-11-15","東京都","09月30日","03月31日",""
"2026-05-25","73570","ジオコード","ジオコード","GEOCODE CO.,Ltd.","国内","","株式","スタンダード","サービス業","100","2020-11-26","","2005-02-14","東京都","02月末日","08月31日",""
"2026-05-25","73580","ポピンズ","ポピンズ","Poppins Corporation","国内","","株式","スタンダード","サービス業","100","2020-12-21","","2016-10-03","東京都","12月31日","06月30日",""
"2026-05-25","73590","東京通信グループ","Ｇ－東京通信Ｇ","Tokyo Communications Group,Inc.","国内","","株式","グロース","サービス業","100","2020-12-24","","2015-05-15","東京都","12月31日","06月30日",""
"2026-05-25","73600","オンデック","Ｇ－オンデック","ONDECK Co.,Ltd.","国内","","株式","グロース","サービス業","100","2020-12-29","","2007-12-28","大阪府","11月30日","05月31日",""
"2026-05-25","73610","ヒューマンクリエイションホールディングス","Ｇ－ＨＣＨ","Human Creation Holdings,Inc.","国内","","株式","グロース","サービス業","100","2021-03-16","","2016-10-03","東京都","09月30日","03月31日",""
"2026-05-25","73620","Ｔ．Ｓ．Ｉ","Ｇ－Ｔ．Ｓ．Ｉ","Terminalcare Support Institute Inc.","国内","","株式","グロース","サービス業","100","2021-03-19","","2010-02-02","京都府","12月31日","06月30日",""
"2026-05-25","73630","ベビーカレンダー","Ｇ－ベビーカレンダー","baby calendar Inc.","国内","","株式","グロース","サービス業","100","2021-03-25","","1991-04-05","東京都","12月31日","06月30日",""
"2026-05-25","73640","琉球アスティーダスポーツクラブ","Ｐ－琉球アスティーダ","RYUKYU ASTEEDA Sports Club Co.,Ltd.","国内","","株式","TOKYO PRO Market","サービス業","100","2021-03-30","","2018-02-23","沖縄県","12月31日","06月30日",""
"2026-05-25","73660","ＬＩＴＡＬＩＣＯ","ＬＩＴＡＬＩＣＯ","LITALICO Inc.","国内","","株式","プライム","サービス業","100","2021-04-01","","2020-04-01","東京都","03月31日","09月30日",""
"2026-05-25","73670","セルム","セルム","CELM,Inc.","国内","","株式","スタンダード","サービス業","100","2021-04-06","","2016-08-26","東京都","03月31日","09月30日",""
"2026-05-25","73680","表示灯","表示灯","HYOJITO Co.,Ltd.","国内","","株式","スタンダード","サービス業","100","2021-04-07","","1967-02-21","愛知県","03月31日","09月30日",""
"2026-05-25","73690","メイホーホールディングス","Ｇ－メイホーＨＤ","Meiho Holdings,Inc.","国内","","株式","グロース","サービス業","100","2021-06-02","","2017-02-01","岐阜県","06月30日","12月31日",""
"2026-05-25","73700","Ｅｎｊｉｎ","Ｇ－Ｅｎｊｉｎ","Enjin Co.,Ltd.","国内","","株式","グロース","サービス業","100","2021-06-18","","2007-03-06","東京都","05月31日","11月30日",""
"2026-05-25","73710","Ｚｅｎｋｅｎ","Ｇ－Ｚｅｎｋｅｎ","Zenken Corporation","国内","","株式","グロース","サービス業","100","2021-06-16","","1978-07-14","東京都","06月30日","12月31日",""
"2026-05-25","73720","デコルテ・ホールディングス","Ｇ－デコルテＨＤ","Decollte Holdings Corporation","国内","","株式","グロース","サービス業","100","2021-06-22","","2016-12-13","兵庫県","09月30日","03月31日",""
"2026-05-25","73730","アイドマ・ホールディングス","Ｇ－アイドマＨＤ","Aidma Holdings,Inc.","国内","","株式","グロース","サービス業","100","2021-06-23","","2008-12-22","東京都","08月31日","02月末日",""
"2026-05-25","73740","コンフィデンス・インターワークス","Ｇ－コンフィデンスＩ","Interworks Confidence Inc.","国内","","株式","グロース","サービス業","100","2021-06-28","","2014-08-05","東京都","03月31日","09月30日",""
"2026-05-25","73750","リファインバースグループ","Ｇ－リファインバスＧ","REFINVERSE Group,Inc.","国内","","株式","グロース","サービス業","100","2021-07-01","","2021-07-02","東京都","06月30日","12月31日",""
"2026-05-25","73760","ＢＣＣ","Ｇ－ＢＣＣ","BCC Co.,Ltd.","国内","","株式","グロース","サービス業","100","2021-07-06","","2014-01-20","大阪府","09月30日","03月31日",""
"2026-05-25","73770","ＤＮホールディングス","ＤＮホールディングス","DN HOLDINGS CO.,LTD.","国内","","株式","スタンダード","サービス業","100","2021-07-14","","2021-07-14","東京都","06月30日","12月31日",""
"2026-05-25","73780","アシロ","Ｇ－アシロ","ASIRO Inc.","国内","","株式","グロース","サービス業","100","2021-07-20","","2016-04-18","東京都","10月31日","04月30日",""
"2026-05-25","73790","サーキュレーション","Ｇ－サーキュ","CIRCULATION Co.,Ltd.","国内","","株式","上場廃止","サービス業","100","2021-07-27","2025-09-19","2014-01-06","東京都","07月31日","01月31日",""
"2026-05-25","73800","十六フィナンシャルグループ","十六ＦＧ","Juroku Financial Group,Inc.","国内","","株式","プライム","銀行業","100","2021-10-01","","2021-10-01","岐阜県","03月31日","09月30日",""
"2026-05-25","73810","ＣＣＩグループ","ＣＣＩグループ","CCI Group,Inc.","国内","","株式","プライム","銀行業","100","2021-10-01","","2021-10-01","石川県","03月31日","09月30日",""
"2026-05-25","73830","ネットプロテクションズホールディングス","ネットプロＨＤ","Net Protections Holdings,Inc.","国内","","株式","プライム","その他金融業","100","2021-12-15","","2018-07-02","東京都","03月31日","09月30日",""
"2026-05-25","73840","プロクレアホールディングス","プロクレアＨＤ","Procrea Holdings,Inc.","国内","","株式","プライム","銀行業","100","2022-04-01","","2022-04-01","青森県","03月31日","09月30日",""
"2026-05-25","73860","ジャパンワランティサポート","Ｇ－ＪＷＳ","Japan Warranty Support Co.,Ltd.","国内","","株式","上場廃止","その他金融業","100","2022-06-23","2025-06-16","2010-03-25","東京都","09月30日","03月31日",""
"2026-05-25","73880","ＦＰパートナー","ＦＰパートナー","FP Partner Inc.","国内","","株式","プライム","保険業","100","2022-09-22","","2009-12-08","東京都","11月30日","05月31日",""
"2026-05-25","73890","あいちフィナンシャルグループ","あいちＦＧ","Aichi Financial Group,Inc.","国内","","株式","プライム","銀行業","100","2022-10-03","","2022-10-03","愛知県","03月31日","09月30日",""
"2026-05-25","73990","ナンシン","ナンシン","NANSIN CO.,LTD.","国内","","株式","スタンダード","輸送用機器","100","2013-07-16","","1947-10-10","東京都","03月31日","09月30日",""
"2026-05-25","74080","ジャムコ","ジャムコ","JAMCO CORPORATION","国内","","株式","上場廃止","輸送用機器","100","1998-12-14","2025-07-17","1949-03-15","東京都","03月31日","09月30日",""
"2026-05-25","74090","ＡｅｒｏＥｄｇｅ","Ｇ－ＡｅｒｏＥｄｇｅ","AeroEdge Co.,Ltd","国内","","株式","グロース","輸送用機器","100","2023-07-04","","2015-09-16","栃木県","06月30日","12月31日",""
"2026-05-25","74120","アトム","アトム","ATOM CORPORATION","国内","","株式","スタンダード","小売業","100","2000-09-19","","1972-01-14","神奈川県","03月31日","09月30日",""
"2026-05-25","74130","創健社","創健社","Sokensha Co.,Ltd.","国内","","株式","スタンダード","卸売業","100","2013-07-16","","1950-06-14","神奈川県","03月31日","09月30日",""
"2026-05-25","74140","小野建","小野建","ONOKEN CO.,LTD.","国内","","株式","プライム","卸売業","100","2003-12-18","","1949-08-11","福岡県","03月31日","09月30日",""
"2026-05-25","74160","はるやまホールディングス","はるやまＨＤ","Haruyama Holdings Inc.","国内","","株式","スタンダード","小売業","100","1998-12-11","","1974-11-06","岡山県","03月31日","09月30日",""
"2026-05-25","74170","南陽","南陽","NANYO CORPORATION","国内","","株式","スタンダード","卸売業","100","2017-12-11","","1953-08-01","福岡県","03月31日","09月30日",""
"2026-05-25","74190","ノジマ","ノジマ","Nojima Co.,Ltd.","国内","","株式","プライム","小売業","100","2013-07-16","","1982-06-23","神奈川県","03月31日","09月30日",""
"2026-05-25","74200","佐鳥電機","佐鳥電機","SATORI ELECTRIC CO.,LTD.","国内","","株式","上場廃止","卸売業","100","1997-03-12","2026-03-30","1947-07-10","東京都","05月31日","11月30日",""
"2026-05-25","74210","カッパ・クリエイト","カッパ・クリエイト","KAPPA・CREATE CO.,LTD.","国内","","株式","プライム","小売業","100","2003-11-07","","1981-11-21","神奈川県","03月31日","09月30日",""
"2026-05-25","74220","東邦レマック","東邦レマック","TOHO LAMAC CO.,LTD.","国内","","株式","スタンダード","卸売業","100","2013-07-16","","1958-07-05","東京都","12月20日","06月20日",""
"2026-05-25","74250","初穂商事","初穂商事","HATSUHO SHOUJI CO.,LTD.","国内","","株式","スタンダード","卸売業","100","2013-07-16","","1958-12-18","愛知県","12月31日","06月30日",""
"2026-05-25","74260","山大","山大","Yamadai Corporation","国内","","株式","スタンダード","卸売業","100","2013-07-16","","1964-08-05","宮城県","03月31日","09月30日",""
"2026-05-25","74270","エコートレーディング","エコーＴＤ","ECHO TRADING CO.,LTD.","国内","","株式","スタンダード","卸売業","100","2003-12-18","","1971-06-03","大阪府","02月末日","08月31日",""
"2026-05-25","74330","伯東","伯東","Hakuto Co.,Ltd.","国内","","株式","プライム","卸売業","100","1999-02-16","","1953-11-07","東京都","03月31日","09月30日",""
"2026-05-25","74340","オータケ","オータケ","OTAKE CORPORATION","国内","","株式","スタンダード","卸売業","100","2013-07-16","","1952-05-15","愛知県","05月31日","11月30日",""
"2026-05-25","74350","ナ・デックス","ナ・デックス","NADEX CO.,LTD.","国内","","株式","スタンダード","卸売業","100","2013-07-16","","1950-10-03","愛知県","04月30日","10月31日",""
"2026-05-25","74380","コンドーテック","コンドーテック","KONDOTEC INC.","国内","","株式","プライム","卸売業","100","1999-07-16","","1953-01-14","大阪府","03月31日","09月30日",""
"2026-05-25","74420","中山福","中山福","NAKAYAMAFUKU CO.,LTD.","国内","","株式","スタンダード","卸売業","100","2006-12-20","","1947-02-24","大阪府","03月31日","09月30日",""
"2026-05-25","74430","横浜魚類","横浜魚類","YOKOHAMA GYORUI CO.,LTD.","国内","","株式","スタンダード","卸売業","100","2013-07-16","","1947-12-12","神奈川県","03月31日","09月30日",""
"2026-05-25","74440","ハリマ共和物産","ハリマ共和物産","Harima-Kyowa Co.,LTD.","国内","","株式","スタンダード","卸売業","100","2013-07-16","","1951-03-29","兵庫県","03月31日","09月30日",""
"2026-05-25","74450","ライトオン","ライトオン","RIGHT ON Co.,Ltd.","国内","","株式","上場廃止","小売業","100","2000-02-09","2026-02-26","1980-04-01","東京都","08月31日","02月末日",""
"2026-05-25","74460","東北化学薬品","東北化学","TOHOKU CHEMICAL Co.,LTD.","国内","","株式","スタンダード","卸売業","100","2013-07-16","","1953-02-16","青森県","09月30日","03月31日",""
"2026-05-25","74470","ナガイレーベン","ナガイレーベ","NAGAILEBEN Co.,Ltd.","国内","","株式","プライム","卸売業","100","2001-08-10","","1950-07-20","東京都","08月31日","02月末日",""
"2026-05-25","74500","サンデー","サンデー","SUNDAY CO.,LTD.","国内","","株式","上場廃止","小売業","100","2013-07-16","2026-04-01","1956-09-25","青森県","02月末日","08月31日",""
"2026-05-25","74510","三菱食品","三菱食品","Mitsubishi Shokuhin Co.,Ltd.","国内","","株式","上場廃止","卸売業","100","1995-07-05","2025-09-26","1925-03-13","東京都","03月31日","09月30日",""
"2026-05-25","74530","良品計画","良品計画","RYOHIN KEIKAKU CO.,LTD.","国内","","株式","プライム","小売業","100","1998-12-14","","1979-05-18","東京都","08月31日","02月末日",""
"2026-05-25","74550","パリミキホールディングス","パリミキＨＤ","PARIS MIKI HOLDINGS Inc.","国内","","株式","上場廃止","小売業","100","1996-12-17","2026-03-30","1950-01-27","東京都","03月31日","09月30日",""
"2026-05-25","74560","松田産業","松田産","MATSUDA SANGYO Co.,Ltd.","国内","","株式","プライム","卸売業","100","1999-12-03","","1951-06-18","東京都","03月31日","09月30日",""
"2026-05-25","74580","第一興商","第一興商","DAIICHIKOSHO CO.,LTD.","国内","","株式","プライム","卸売業","100","2013-07-16","","1973-04-16","東京都","03月31日","09月30日",""
"2026-05-25","74590","メディパルホールディングス","メディパル","MEDIPAL HOLDINGS CORPORATION","国内","","株式","プライム","卸売業","100","1995-09-14","","1923-05-06","東京都","03月31日","09月30日",""
"2026-05-25","74600","ヤギ","ヤギ","YAGI & CO.,LTD.","国内","","株式","スタンダード","卸売業","100","2013-07-16","","1918-04-28","大阪府","03月31日","09月30日",""
"2026-05-25","74610","キムラ","キムラ","KIMURA CO.,LTD.","国内","","株式","スタンダード","卸売業","100","2013-07-16","","1951-01-10","北海道","03月31日","09月30日",""
"2026-05-25","74620","ＣＡＰＩＴＡ","ＣＡＰＩＴＡ","CAPITA Inc.","国内","","株式","スタンダード","小売業","100","2013-07-16","","1949-05-31","東京都","03月31日","09月30日",""
"2026-05-25","74630","アドヴァングループ","アドヴァングループ","ADVAN GROUP CO.,LTD.","国内","","株式","スタンダード","小売業","100","2000-03-10","","1975-03-01","東京都","03月31日","09月30日",""
"2026-05-25","74640","セフテック","セフテック","SAFTEC CO.,LTD.","国内","","株式","スタンダード","卸売業","100","2013-07-16","","1957-06-11","東京都","03月31日","09月30日",""
"2026-05-25","74660","ＳＰＫ","ＳＰＫ","SPK CORPORATION","国内","","株式","プライム","卸売業","100","2000-08-09","","1917-12-25","大阪府","03月31日","09月30日",""
"2026-05-25","74670","萩原電気ホールディングス","萩原電気ＨＤ","HAGIWARA ELECTRIC HOLDINGS CO.,LTD.","国内","","株式","上場廃止","卸売業","100","2013-07-16","2026-03-30","1958-12-20","愛知県","03月31日","09月30日",""
"2026-05-25","74720","鳥羽洋行","鳥羽洋行","TOBA,INC.","国内","","株式","スタンダード","卸売業","100","2013-07-16","","1949-12-14","東京都","03月31日","09月30日",""
"2026-05-25","74750","アルビス","アルビス","ALBIS Co.,Ltd.","国内","","株式","プライム","小売業","100","2014-02-03","","1968-12-23","富山県","03月31日","09月30日",""
"2026-05-25","74760","アズワン","アズワン","AS ONE CORPORATION","国内","","株式","プライム","卸売業","100","1999-12-17","","1962-06-01","大阪府","03月31日","09月30日",""
"2026-05-25","74770","ムラキ","ムラキ","MURAKI CORPORATION","国内","","株式","スタンダード","卸売業","100","2013-07-16","","1957-11-15","東京都","03月31日","09月30日",""
"2026-05-25","74800","スズデン","スズデン","SUZUDEN CORPORATION","国内","","株式","スタンダード","卸売業","100","2004-12-28","","1952-12-27","東京都","03月31日","09月30日",""
"2026-05-25","74810","尾家産業","尾家産","OIE SANGYO CO.,LTD.","国内","","株式","スタンダード","卸売業","100","2000-12-15","","1961-02-16","大阪府","03月31日","09月30日",""
"2026-05-25","74820","シモジマ","シモジマ","SHIMOJIMA Co.,Ltd.","国内","","株式","プライム","卸売業","100","2001-02-26","","1962-04-26","東京都","03月31日","09月30日",""
"2026-05-25","74830","ドウシシャ","ドウシシャ","DOSHISHA CO.,LTD.","国内","","株式","プライム","卸売業","100","2000-08-18","","1977-01-24","大阪府","03月31日","09月30日",""
"2026-05-25","74860","サンリン","サンリン","SANRIN CO.,LTD.","国内","","株式","スタンダード","卸売業","100","2013-07-16","","1934-12-19","長野県","03月31日","09月30日",""
"2026-05-25","74870","小津産業","小津産業","OZU CORPORATION","国内","","株式","スタンダード","卸売業","100","2001-06-21","","1939-12-06","東京都","05月31日","11月30日",""
"2026-05-25","74900","日新商事","日新商","NISSIN SHOJI CO.,LTD.","国内","","株式","スタンダード","卸売業","100","1996-03-06","","1947-08-07","東京都","03月31日","09月30日",""
"2026-05-25","74940","コナカ","コナカ","KONAKA CO.,LTD.","国内","","株式","スタンダード","小売業","100","1997-07-18","","1979-07-10","神奈川県","09月30日","03月31日",""
"2026-05-25","75000","西川計測","西川計測","NISHIKAWA KEISOKU Co.,Ltd.","国内","","株式","スタンダード","卸売業","100","2013-07-16","","1951-11-29","東京都","06月30日","12月31日",""
"2026-05-25","75010","ティムコ","ティムコ","TIEMCO LTD.","国内","","株式","スタンダード","卸売業","100","2013-07-16","","1969-12-01","東京都","11月30日","05月31日",""
"2026-05-25","75020","プラザホールディングス","プラザＨＤ","PLAZA HOLDINGS CO.,LTD.","国内","","株式","スタンダード","サービス業","100","2013-07-16","","1947-07-29","東京都","03月31日","09月30日",""
"2026-05-25","75040","高速","高速","KOHSOKU CORPORATION","国内","","株式","プライム","卸売業","100","1999-12-24","","1966-02-12","宮城県","03月31日","09月30日",""
"2026-05-25","75050","扶桑電通","扶桑電通","FUSO DENTSU CO.,LTD.","国内","","株式","スタンダード","卸売業","100","1999-08-30","","1948-03-12","東京都","09月30日","03月31日",""
"2026-05-25","75060","ハウス　オブ　ローゼ","ハウスローゼ","HOUSE OF ROSE Co.,Ltd.","国内","","株式","スタンダード","小売業","100","2006-05-24","","1982-04-01","東京都","03月31日","09月30日",""
"2026-05-25","75080","Ｇ‐７ホールディングス","ＧセブンＨＤ","G-7 HOLDINGS Inc.","国内","","株式","プライム","小売業","100","2001-05-15","","1976-06-18","兵庫県","03月31日","09月30日",""
"2026-05-25","75090","アイエーグループ","アイエーＧ","I.A GROUP CORPORATION","国内","","株式","スタンダード","小売業","100","2013-07-16","","1980-03-13","神奈川県","03月31日","09月30日",""
"2026-05-25","75100","たけびし","たけびし","TAKEBISHI CORPORATION","国内","","株式","プライム","卸売業","100","2013-07-16","","1926-04-24","京都府","03月31日","09月30日",""
"2026-05-25","75120","イオン北海道","イオン北海","Aeon Hokkaido Corporation","国内","","株式","スタンダード","小売業","100","1998-11-19","","1978-04-05","北海道","02月末日","08月31日",""
"2026-05-25","75130","コジマ","コジマ","Kojima Co.,Ltd.","国内","","株式","プライム","小売業","100","1996-09-12","","1963-08-22","栃木県","08月31日","02月末日",""
"2026-05-25","75140","ヒマラヤ","ヒマラヤ","HIMARAYA Co.,Ltd.","国内","","株式","スタンダード","小売業","100","1999-12-27","","1982-05-01","岐阜県","08月31日","02月末日",""
"2026-05-25","75150","マルヨシセンター","マルヨシセンター","Maruyoshi Center Inc.","国内","","株式","スタンダード","小売業","100","2013-07-16","","1970-09-24","香川県","02月末日","08月31日",""
"2026-05-25","75160","コーナン商事","コーナン商","KOHNAN SHOJI CO.,LTD.","国内","","株式","プライム","小売業","100","2001-10-10","","1978-09-20","大阪府","02月末日","08月31日",""
"2026-05-25","75200","エコス","エコス","Eco's Co.,Ltd.","国内","","株式","プライム","小売業","100","2004-03-31","","1977-07-22","東京都","02月末日","08月31日",""
"2026-05-25","75210","ムサシ","ムサシ","MUSASHI CO.,LTD.","国内","","株式","スタンダード","卸売業","100","2013-07-16","","1946-12-05","東京都","03月31日","09月30日",""
"2026-05-25","75220","ワタミ","ワタミ","WATAMI CO.,LTD.","国内","","株式","プライム","小売業","100","1998-08-28","","1967-05-08","東京都","03月31日","09月30日",""
"2026-05-25","75230","アールビバン","アールビバン","ART VIVANT CO.,LTD.","国内","","株式","スタンダード","小売業","100","2013-07-16","","1971-11-22","東京都","03月31日","09月30日",""
"2026-05-25","75240","マルシェ","マルシェ","MARCHE CORPORATION","国内","","株式","スタンダード","小売業","100","1999-12-14","","1972-09-08","大阪府","03月31日","09月30日",""
"2026-05-25","75250","リックス","リックス","RIX CORPORATION","国内","","株式","プライム","卸売業","100","2008-02-06","","1947-05-30","福岡県","03月31日","09月30日",""
"2026-05-25","75270","システムソフト","システムソフト","SystemSoft Corporation","国内","","株式","スタンダード","情報・通信業","100","2013-07-16","","1983-05-09","福岡県","09月30日","03月31日",""
"2026-05-25","75310","清和中央ホールディングス","清和中央","SEIWA CHUO HOLDINGS CORPORATION","国内","","株式","スタンダード","卸売業","100","2013-07-16","","1954-03-31","大阪府","12月31日","06月30日",""
"2026-05-25","75320","パン・パシフィック・インターナショナルホールディングス","パンパシフィックＨＤ","Pan Pacific International Holdings Corporation","国内","","株式","プライム","小売業","100","1998-06-19","","1980-09-05","東京都","06月30日","12月31日",""
"2026-05-25","75370","丸文","丸文","MARUBUN CORPORATION","国内","","株式","プライム","卸売業","100","1997-01-29","","1947-07-01","東京都","03月31日","09月30日",""
"2026-05-25","75380","大水","大水","DAISUI CO.,LTD.","国内","","株式","スタンダード","卸売業","100","2013-07-16","","1939-04-07","大阪府","03月31日","09月30日",""
"2026-05-25","75390","アイナボホールディングス","アイナボＨＤ","AINAVO HOLDINGS Co.,Ltd.","国内","","株式","スタンダード","卸売業","100","2013-07-16","","1955-03-03","東京都","09月30日","03月31日",""
"2026-05-25","75440","スリーエフ","スリーエフ","Three F Co.,Ltd.","国内","","株式","スタンダード","小売業","100","2000-07-25","","1981-02-10","神奈川県","02月末日","08月31日",""
"2026-05-25","75450","西松屋チェーン","西松屋チェ","NISHIMATSUYA CHAIN Co.,Ltd.","国内","","株式","プライム","小売業","100","1999-11-29","","1956-10-03","兵庫県","02月20日","08月20日",""
"2026-05-25","75500","ゼンショーホールディングス","ゼンショーＨＤ","ZENSHO HOLDINGS CO.,LTD.","国内","","株式","プライム","小売業","100","1999-09-10","","1982-06-30","東京都","03月31日","09月30日",""
"2026-05-25","75510","ウェッズ","ウェッズ","WEDS CO.,LTD.","国内","","株式","スタンダード","輸送用機器","100","2013-07-16","","1965-10-12","東京都","03月31日","09月30日",""
"2026-05-25","75520","ハピネット","ハピネット","HAPPINET CORPORATION","国内","","株式","プライム","卸売業","100","1998-12-17","","1969-06-07","東京都","03月31日","09月30日",""
"2026-05-25","75540","幸楽苑","幸楽苑","KOURAKUEN CORPORATION","国内","","株式","プライム","小売業","100","2002-03-20","","1970-11-11","福島県","03月31日","09月30日",""
"2026-05-25","75550","大田花き","大田花き","Ota Floriculture Auction Co.,Ltd.","国内","","株式","スタンダード","卸売業","100","2013-07-16","","1975-06-06","東京都","03月31日","09月30日",""
"2026-05-25","75590","ジーエフシー","ＧＦＣ","GLOBAL FOOD CREATORS CO.,LTD.","国内","","株式","上場廃止","卸売業","100","2013-07-16","2025-05-28","1972-08-31","岐阜県","03月31日","09月30日",""
"2026-05-25","75610","ハークスレイ","ハークスレイ","HURXLEY CORPORATION","国内","","株式","スタンダード","小売業","100","2001-02-16","","1980-03-18","大阪府","03月31日","09月30日",""
"2026-05-25","75620","安楽亭","安楽亭","ANRAKUTEI Co.,Ltd","国内","","株式","スタンダード","小売業","100","2000-08-28","","1978-11-17","埼玉県","03月31日","09月30日",""
"2026-05-25","75640","ワークマン","ワークマン","WORKMAN CO.,LTD.","国内","","株式","スタンダード","小売業","100","2013-07-16","","1979-11-30","群馬県","03月31日","09月30日",""
"2026-05-25","75650","萬世電機","萬世電機","MANSEI CORPORATION","国内","","株式","スタンダード","卸売業","100","2013-07-16","","1947-05-29","大阪府","03月31日","09月30日",""
"2026-05-25","75670","栄電子","栄電子","SAKAE ELECTRONICS CORPORATION","国内","","株式","スタンダード","卸売業","100","2013-07-16","","1971-04-20","東京都","03月31日","09月30日",""
"2026-05-25","75700","橋本総業ホールディングス","橋本総業ＨＤ","HASHIMOTO SOGYO HOLDINGS CO.,LTD.","国内","","株式","スタンダード","卸売業","100","2013-07-16","","1938-03-15","東京都","03月31日","09月30日",""
"2026-05-25","75710","ヤマノホールディングス","ヤマノＨＤ","YAMANO HOLDINGS CORPORATION","国内","","株式","スタンダード","小売業","100","2013-07-16","","1974-06-07","東京都","03月31日","09月30日",""
"2026-05-25","75750","日本ライフライン","日本ライフライン","Japan Lifeline Co.,Ltd.","国内","","株式","プライム","卸売業","100","2013-07-16","","1981-02-06","東京都","03月31日","09月30日",""
"2026-05-25","75780","ニチリョク","ニチリョク","NICHIRYOKU CO.,LTD.","国内","","株式","スタンダード","小売業","100","2013-07-16","","1966-12-22","東京都","03月31日","09月30日",""
"2026-05-25","75810","サイゼリヤ","サイゼリヤ","SAIZERIYA CO.,LTD.","国内","","株式","プライム","小売業","100","1999-07-06","","1973-05-01","埼玉県","08月31日","02月末日",""
"2026-05-25","75850","かんなん丸","かんなん","KAN-NANMARU CORPORATION","国内","","株式","スタンダード","小売業","100","2013-07-16","","1978-09-30","埼玉県","06月30日","12月31日",""
"2026-05-25","75900","タカショー","タカショー","TAKASHO CO.,LTD.","国内","","株式","スタンダード","卸売業","100","2013-07-16","","1980-08-21","和歌山県","01月20日","07月20日",""
"2026-05-25","75930","ＶＴホールディングス","ＶＴＨＤ","VT HOLDINGS CO.,LTD.","国内","","株式","プライム","小売業","100","2013-07-16","","1978-04-11","愛知県","03月31日","09月30日",""
"2026-05-25","75950","アルゴグラフィックス","アルゴグラフ","ARGO GRAPHICS Inc.","国内","","株式","プライム","情報・通信業","100","2004-02-27","","1971-01-09","東京都","03月31日","09月30日",""
"2026-05-25","75960","魚力","魚力","UORIKI CO.,LTD.","国内","","株式","プライム","小売業","100","2003-03-04","","1974-11-08","東京都","03月31日","09月30日",""
"2026-05-25","75990","ＩＤＯＭ","ＩＤＯＭ","IDOM Inc.","国内","","株式","プライム","卸売業","100","2000-12-18","","1998-03-10","東京都","02月末日","08月31日",""
"2026-05-25","76000","日本エム・ディ・エム","ＭＤＭ","Japan Medical Dynamic Marketing,INC.","国内","","株式","プライム","精密機器","100","2000-03-24","","1973-05-28","東京都","03月31日","09月30日",""
"2026-05-25","76010","ポプラ","ポプラ","POPLAR CO.,Ltd.","国内","","株式","スタンダード","小売業","100","2000-02-14","","1976-04-20","広島県","02月末日","08月31日",""
"2026-05-25","76020","レダックス","レダックス","Ledax Co.,Ltd.","国内","","株式","スタンダード","卸売業","100","1999-11-25","","1977-04-30","東京都","03月31日","09月30日",""
"2026-05-25","76030","ジーイエット","ジーイエット","Gyet Co.,Ltd.","国内","","株式","スタンダード","小売業","100","2013-07-16","","1977-08-24","東京都","02月末日","08月31日",""
"2026-05-25","76040","梅の花グループ","梅の花グループ","UMENOHANA GROUP CO.,LTD.","国内","","株式","スタンダード","小売業","100","2002-06-24","","1990-01-31","福岡県","04月30日","10月31日",""
"2026-05-25","76050","フジ・コーポレーション","フジコーポレーション","FUJI CORPORATION","国内","","株式","上場廃止","小売業","100","2013-07-16","2025-10-14","1968-06-11","宮城県","10月31日","04月30日",""
"2026-05-25","76060","ユナイテッドアローズ","Ｕアローズ","UNITED ARROWS LTD.","国内","","株式","プライム","小売業","100","2002-03-19","","1975-06-04","東京都","03月31日","09月30日",""
"2026-05-25","76070","進和","進和","Shinwa Co.,Ltd.","国内","","株式","プライム","卸売業","100","2002-05-31","","1951-02-12","愛知県","08月31日","02月末日",""
"2026-05-25","76080","エスケイジャパン","ＳＫジャパン","SK JAPAN CO.,LTD.","国内","","株式","スタンダード","卸売業","100","2003-03-06","","1965-11-30","大阪府","02月末日","08月31日",""
"2026-05-25","76090","ダイトロン","ダイトロン","Daitron Co.,Ltd.","国内","","株式","プライム","卸売業","100","2001-06-21","","1952-06-24","大阪府","12月31日","06月30日",""
"2026-05-25","76100","テイツー","テイツー","TAY TWO CO.,LTD.","国内","","株式","スタンダード","小売業","100","2013-07-16","","1990-04-16","岡山県","02月末日","08月31日",""
"2026-05-25","76110","ハイデイ日高","ハイデ日高","HIDAY HIDAKA Corp.","国内","","株式","プライム","小売業","100","2005-04-28","","1956-07-05","埼玉県","02月末日","08月31日",""
"2026-05-25","76130","シークス","シークス","SIIX CORPORATION","国内","","株式","プライム","卸売業","100","2000-11-21","","1978-05-18","大阪府","12月31日","06月30日",""
"2026-05-25","76140","オーエムツーネットワーク","オーエムツー","OM2Network Co.,Ltd.","国内","","株式","スタンダード","小売業","100","2013-07-16","","1966-02-22","東京都","01月31日","07月31日",""
"2026-05-25","76150","京都きもの友禅ホールディングス","京都きもの友禅ＨＤ","KYOTO KIMONO YUZEN HOLDINGS Co.,Ltd.","国内","","株式","スタンダード","小売業","100","2000-11-29","","1971-08-05","東京都","03月31日","09月30日",""
"2026-05-25","76160","コロワイド","コロワイド","COLOWIDE CO.,LTD.","国内","","株式","プライム","小売業","100","2000-10-13","","1963-04-19","神奈川県","03月31日","09月30日",""
"2026-05-25","76190","田中商事","田中商事","TANAKA CO.,LTD.","国内","","株式","スタンダード","卸売業","100","2003-02-07","","1962-12-07","東京都","03月31日","09月30日",""
"2026-05-25","76210","うかい","うかい","UKAI CO.,LTD.","国内","","株式","スタンダード","小売業","100","2013-07-16","","1982-08-31","東京都","03月31日","09月30日",""
"2026-05-25","76230","サンオータス","サンオータス","SUNAUTAS CO.,LTD.","国内","","株式","上場廃止","小売業","100","2013-07-16","2025-08-18","1951-05-14","神奈川県","04月30日","10月31日",""
"2026-05-25","76240","ＮａＩＴＯ","ＮａＩＴＯ","Naito & Co.,Ltd.","国内","","株式","スタンダード","卸売業","100","2013-07-16","","1953-01-23","東京都","02月末日","08月31日",""
"2026-05-25","76250","グローバルダイニング","Ｇダイニング","GLOBAL-DINING,INC.","国内","","株式","スタンダード","小売業","100","1999-12-07","","1939-03-19","東京都","12月31日","06月30日",""
"2026-05-25","76280","オーハシテクニカ","オーハシテクニカ","OHASHI TECHNICA INC.","国内","","株式","プライム","卸売業","100","2002-12-18","","1953-03-12","東京都","03月31日","09月30日",""
"2026-05-25","76300","壱番屋","壱番屋","ICHIBANYA CO.,LTD.","国内","","株式","プライム","小売業","100","2004-03-08","","1982-07-01","愛知県","02月末日","08月31日",""
"2026-05-25","76340","星医療酸器","星医療","HOSHIIRYO-SANKI CO.,LTD.","国内","","株式","スタンダード","卸売業","100","2013-07-16","","1974-04-15","東京都","03月31日","09月30日",""
"2026-05-25","76350","杉田エース","杉田エース","SUGITA ACE CO.,LTD.","国内","","株式","上場廃止","卸売業","100","2013-07-16","2026-03-24","1948-09-11","東京都","03月31日","09月30日",""
"2026-05-25","76360","ハンズマン","ハンズマン","HANDSMAN CO.,LTD","国内","","株式","スタンダード","小売業","100","2013-07-16","","1964-12-23","宮崎県","06月30日","12月31日",""
"2026-05-25","76370","白銅","白銅","Hakudo Co.,Ltd.","国内","","株式","プライム","卸売業","100","2004-10-29","","1949-10-07","東京都","03月31日","09月30日",""
"2026-05-25","76380","ＮＥＷ　ＡＲＴ　ＨＯＬＤＩＮＧＳ","ＮＥＷ　ＡＲＴ","NEW ART HOLDINGS Co.,Ltd.","国内","","株式","スタンダード","小売業","100","2013-07-16","","1966-12-21","東京都","03月31日","09月30日",""
"2026-05-25","76400","トップカルチャー","トップカルチャ","TOP CULTURE Co.,Ltd.","国内","","株式","スタンダード","小売業","100","2001-10-19","","1975-01-18","新潟県","10月31日","04月30日",""
"2026-05-25","76430","ダイイチ","ダイイチ","DAIICHI CO.,LTD.","国内","","株式","スタンダード","小売業","100","2013-07-16","","1958-07-11","北海道","09月30日","03月31日",""
"2026-05-25","76460","ＰＬＡＮＴ","ＰＬＡＮＴ","PLANT Co.,Ltd.","国内","","株式","スタンダード","小売業","100","2012-08-20","","1982-01-21","福井県","09月20日","03月20日",""
"2026-05-25","76490","スギホールディングス","スギＨＤ","SUGI HOLDINGS Co.,LTD.","国内","","株式","プライム","小売業","100","2001-08-07","","1982-03-08","愛知県","02月末日","08月31日",""
"2026-05-25","76700","オーウエル","オーウエル","O-WELL CORPORATION","国内","","株式","スタンダード","卸売業","100","2018-12-13","","1943-11-08","大阪府","03月31日","09月30日",""
"2026-05-25","76730","ダイコー通産","ダイコー通産","DAIKO TSUSAN CO.,LTD.","国内","","株式","スタンダード","卸売業","100","2019-03-12","","1975-06-12","愛媛県","05月31日","11月30日",""
"2026-05-25","76740","ＮＡＴＴＹ　ＳＷＡＮＫＹホールディングス","Ｇ－ＮＡＴＴＹＨＤ","NATTY SWANKY holdings Co.,Ltd.","国内","","株式","グロース","小売業","100","2019-03-28","","2001-08-01","東京都","01月31日","07月31日",""
"2026-05-25","76770","ヤシマキザイ","ヤシマキザイ","Yashima & Co.,Ltd.","国内","","株式","スタンダード","卸売業","100","2019-06-26","","1948-10-28","東京都","03月31日","09月30日",""
"2026-05-25","76780","あさくま","あさくま","ASAKUMA CO.,LTD.","国内","","株式","スタンダード","小売業","100","2019-06-27","","1948-12-10","愛知県","01月31日","07月31日",""
"2026-05-25","76790","薬王堂ホールディングス","薬王堂ＨＤ","YAKUODO HOLDINGS Co.,Ltd.","国内","","株式","プライム","小売業","100","2019-09-02","","2019-09-02","岩手県","02月末日","08月31日",""
"2026-05-25","76800","軽自動車館","Ｐ－軽自動車館","KEIJIDOUSHAKAN.Co.,Ltd.","国内","","株式","TOKYO PRO Market","小売業","100","2019-09-26","","1998-05-01","北海道","10月31日","04月30日",""
"2026-05-25","76810","レオクラン","レオクラン","LEOCLAN Co.,Ltd.","国内","","株式","スタンダード","卸売業","100","2019-10-02","","2001-01-12","大阪府","09月30日","03月31日",""
"2026-05-25","76820","浜木綿","浜木綿","HAMAYUU CO.,LTD.","国内","","株式","スタンダード","小売業","100","2019-10-18","","1968-02-13","愛知県","07月31日","01月31日",""
"2026-05-25","76830","ダブルエー","ダブルエー","WA,Inc.","国内","","株式","プライム","小売業","100","2019-11-01","","2002-02-12","東京都","01月31日","07月31日",""
"2026-05-25","76850","ＢｕｙＳｅｌｌ　Ｔｅｃｈｎｏｌｏｇｉｅｓ","Ｇ－ＢＵＹＳＥＬＬ","BuySell Technologies Co.,Ltd.","国内","","株式","グロース","卸売業","100","2019-12-18","","2001-01-16","東京都","12月31日","06月30日",""
"2026-05-25","76860","ひとまいる","ひとまいる","HitoMile Co.,Ltd.","国内","","株式","スタンダード","小売業","100","2019-12-23","","1982-06-15","東京都","03月31日","09月30日",""
"2026-05-25","76870","ミクリード","Ｇ－ミクリード","MICREED Co.,Ltd.","国内","","株式","グロース","卸売業","100","2020-03-16","","2012-11-30","東京都","03月31日","09月30日",""
"2026-05-25","76890","コパ・コーポレーション","Ｇ－コパ","Copa Corporation Inc.","国内","","株式","グロース","卸売業","100","2020-06-24","","1998-10-21","東京都","02月末日","08月31日",""
"2026-05-25","76900","カレント自動車","Ｐ－カレント自動車","CURRENT MOTOR Corporation","国内","","株式","TOKYO PRO Market","卸売業","100","2020-05-20","","2000-12-20","神奈川県","10月31日","04月30日",""
"2026-05-25","76910","Ｃ　Ｃｈａｎｎｅｌ","Ｐ－ＣＣｈａｎ","C Channel Corporation","国内","","株式","TOKYO PRO Market","小売業","100","2020-05-25","","2014-07-01","東京都","03月31日","09月30日",""
"2026-05-25","76920","アースインフィニティ","Ｅインフィニティ","EARTH INFINITY CO.LTD.","国内","","株式","スタンダード","電気・ガス業","100","2020-10-16","","2002-07-18","大阪府","07月31日","01月31日",""
"2026-05-25","76930","北海道歯科産業","Ｐ－北海道歯科産業","Hokkaido Shika Sangyo Co.,Ltd.","国内","","株式","TOKYO PRO Market","卸売業","100","2020-11-16","","1952-04-28","北海道","03月20日","09月20日",""
"2026-05-25","76940","いつも","Ｇ－いつも","itsumo.inc.","国内","","株式","グロース","小売業","100","2020-12-21","","2007-02-14","東京都","03月31日","09月30日",""
"2026-05-25","76950","交換できるくん","Ｇ－交換できるくん","Koukandekirukun,Inc.","国内","","株式","グロース","小売業","100","2020-12-23","","1998-11-13","東京都","03月31日","09月30日",""
"2026-05-25","76980","アイスコ","アイスコ","Iceco Inc.","国内","","株式","スタンダード","卸売業","100","2021-04-08","","1952-05-28","神奈川県","03月31日","09月30日",""
"2026-05-25","76990","オムニ・プラス・システム・リミテッド","Ｇ－ＯＰＳ","OMNI-PLUS SYSTEM LIMITED","国外","シンガポール共和国","株式","グロース","卸売業","100","2021-06-29","","2002-03-26","","03月31日","09月30日",""
"2026-05-25","77010","島津製作所","島津製","Shimadzu Corporation","国内","","株式","プライム","精密機器","100","1949-05-16","","1917-09-01","京都府","03月31日","09月30日",""
"2026-05-25","77020","ＪＭＳ","ＪＭＳ","JMS CO.,LTD.","国内","","株式","スタンダード","精密機器","100","1989-03-13","","1947-09-03","広島県","03月31日","09月30日",""
"2026-05-25","77070","プレシジョン・システム・サイエンス","Ｇ－ＰＳＳ","Precision System Science Co.,Ltd.","国内","","株式","グロース","精密機器","100","2013-07-16","","1985-07-17","千葉県","06月30日","12月31日",""
"2026-05-25","77090","クボテック","クボテック","KUBOTEK CORPORATION","国内","","株式","スタンダード","精密機器","100","2001-02-22","","1985-07-16","大阪府","03月31日","09月30日",""
"2026-05-25","77110","助川電気工業","助川電気","SUKEGAWA ELECTRIC CO.,LTD.","国内","","株式","スタンダード","精密機器","100","2013-07-16","","1949-02-03","茨城県","09月30日","03月31日",""
"2026-05-25","77130","シグマ光機","シグマ光機","SIGMA KOKI CO.,LTD.","国内","","株式","スタンダード","精密機器","100","2013-07-16","","1977-04-11","東京都","05月31日","11月30日",""
"2026-05-25","77150","長野計器","長野計器","NAGANO KEIKI CO.,LTD.","国内","","株式","プライム","精密機器","100","2005-02-22","","1948-12-21","東京都","03月31日","09月30日",""
"2026-05-25","77160","ナカニシ","ナカニシ","NAKANISHI INC.","国内","","株式","スタンダード","精密機器","100","2013-07-16","","1981-06-01","栃木県","12月31日","06月30日",""
"2026-05-25","77170","ブイ・テクノロジー","Ｖテク","V Technology Co.,Ltd.","国内","","株式","プライム","精密機器","100","2000-12-08","","1997-10-16","神奈川県","03月31日","09月30日",""
"2026-05-25","77180","スター精密","スター精密","STAR MICRONICS CO.,LTD.","国内","","株式","上場廃止","機械","100","1990-10-16","2026-03-13","1950-07-06","静岡県","12月31日","06月30日",""
"2026-05-25","77190","東京衡機","東京衡機","TOKYO KOKI CO.LTD.","国内","","株式","スタンダード","精密機器","100","1961-10-02","","1936-12-20","東京都","02月末日","08月31日",""
"2026-05-25","77210","東京計器","東京計器","TOKYO KEIKI INC.","国内","","株式","プライム","精密機器","100","1949-05-16","","1948-12-21","東京都","03月31日","09月30日",""
"2026-05-25","77220","国際計測器","国際計測","KOKUSAI CO.,LTD.","国内","","株式","スタンダード","精密機器","100","2013-07-16","","1969-06-06","東京都","03月31日","09月30日",""
"2026-05-25","77230","愛知時計電機","愛知時","Aichi Tokei Denki Co.,Ltd.","国内","","株式","プライム","精密機器","100","1961-10-02","","1949-06-01","愛知県","03月31日","09月30日",""
"2026-05-25","77250","インターアクション","インターアクション","INTER ACTION Corporation","国内","","株式","プライム","精密機器","100","2001-02-14","","1992-06-25","神奈川県","05月31日","11月30日",""
"2026-05-25","77260","黒田精工","黒田精工","KURODA PRECISION INDUSTRIES LTD.","国内","","株式","スタンダード","機械","100","1961-10-02","","1949-04-05","神奈川県","03月31日","09月30日",""
"2026-05-25","77270","オーバル","オーバル","OVAL Corporation","国内","","株式","スタンダード","精密機器","100","1961-10-02","","1949-05-10","東京都","03月31日","09月30日",""
"2026-05-25","77290","東京精密","東精密","TOKYO SEIMITSU CO.,LTD.","国内","","株式","プライム","精密機器","100","1962-08-02","","1949-03-28","東京都","03月31日","09月30日",""
"2026-05-25","77300","マニー","マニー","MANI,INC.","国内","","株式","プライム","精密機器","100","2011-09-05","","1959-12-24","栃木県","08月31日","02月末日",""
"2026-05-25","77310","ニコン","ニコン","NIKON CORPORATION","国内","","株式","プライム","精密機器","100","1949-05-16","","1917-07-25","東京都","03月31日","09月30日",""
"2026-05-25","77320","トプコン","トプコン","TOPCON CORPORATION","国内","","株式","上場廃止","精密機器","100","1949-05-16","2025-12-02","1932-09-01","東京都","03月31日","09月30日",""
"2026-05-25","77330","オリンパス","オリンパス","OLYMPUS CORPORATION","国内","","株式","プライム","精密機器","100","1949-05-16","","1919-10-12","東京都","03月31日","09月30日",""
"2026-05-25","77340","理研計器","理計器","RIKEN KEIKI CO.,LTD.","国内","","株式","プライム","精密機器","100","1961-10-02","","1934-07-30","東京都","03月31日","09月30日",""
"2026-05-25","77350","ＳＣＲＥＥＮホールディングス","スクリン","SCREEN Holdings Co.,Ltd.","国内","","株式","プライム","電気機器","100","1967-10-11","","1943-10-11","京都府","03月31日","09月30日",""
"2026-05-25","77390","キヤノン電子","キヤノン電子","CANON ELECTRONICS INC.","国内","","株式","上場廃止","電気機器","100","1981-08-24","2026-04-21","1947-05-23","埼玉県","12月31日","06月30日",""
"2026-05-25","77400","タムロン","タムロン","Tamron Co.,Ltd.","国内","","株式","プライム","精密機器","100","2006-11-13","","1948-04-14","埼玉県","12月31日","06月30日",""
"2026-05-25","77410","ＨＯＹＡ","ＨＯＹＡ","HOYA CORPORATION","国内","","株式","プライム","精密機器","100","1961-10-02","","1944-08-23","東京都","03月31日","09月30日",""
"2026-05-25","77430","シード","シード","SEED CO.,LTD.","国内","","株式","スタンダード","精密機器","100","2013-07-16","","1957-10-09","東京都","03月31日","09月30日",""
"2026-05-25","77440","ノーリツ鋼機","ノーリツ鋼機","Noritsu Koki Co.,Ltd.","国内","","株式","プライム","精密機器","100","1997-11-07","","1981-11-16","東京都","12月31日","06月30日",""
"2026-05-25","77450","Ａ＆Ｄホロンホールディングス","Ａ＆ＤホロンＨＤ","A&D HOLON Holdings Company,Limited","国内","","株式","プライム","精密機器","100","2005-02-25","","1977-05-06","埼玉県","03月31日","09月30日",""
"2026-05-25","77460","岡本硝子","岡本硝子","OKAMOTO GLASS CO.,LTD.","国内","","株式","スタンダード","精密機器","100","2013-07-16","","1947-03-31","千葉県","03月31日","09月30日",""
"2026-05-25","77470","朝日インテック","アサヒインテック","ASAHI INTECC CO.,LTD.","国内","","株式","プライム","精密機器","100","2005-06-17","","1976-07-08","愛知県","06月30日","12月31日",""
"2026-05-25","77490","メディキット","メディキット","MEDIKIT CO.,LTD.","国内","","株式","スタンダード","精密機器","100","2013-07-16","","1984-09-11","東京都","03月31日","09月30日",""
"2026-05-25","77510","キヤノン","キヤノン","CANON INC.","国内","","株式","プライム","電気機器","100","1949-05-16","","1937-08-10","東京都","12月31日","06月30日",""
"2026-05-25","77520","リコー","リコー","RICOH COMPANY,LTD.","国内","","株式","プライム","電気機器","100","1949-05-16","","1936-02-06","東京都","03月31日","09月30日",""
"2026-05-25","77600","ＩＭＶ","ＩＭＶ","IMV CORPORATION","国内","","株式","スタンダード","精密機器","100","2013-07-16","","1957-04-17","大阪府","09月30日","03月31日",""
"2026-05-25","77620","シチズン時計","シチズン時計","Citizen Watch Co.,Ltd.","国内","","株式","プライム","精密機器","100","1949-05-16","","1930-05-28","東京都","03月31日","09月30日",""
"2026-05-25","77690","リズム","リズム","RHYTHM CO.,LTD.","国内","","株式","プライム","精密機器","100","1963-08-20","","1950-11-07","埼玉県","03月31日","09月30日",""
"2026-05-25","77710","日本精密","日本精密","Nihon Seimitsu Co.,Ltd.","国内","","株式","スタンダード","精密機器","100","2013-07-16","","1978-08-10","埼玉県","03月31日","09月30日",""
"2026-05-25","77740","ジャパン・ティッシュエンジニアリング","Ｇ－Ｊ・ＴＥＣ","Japan Tissue Engineering Co.,Ltd.","国内","","株式","グロース","精密機器","100","2013-07-16","","1999-02-01","愛知県","03月31日","09月30日",""
"2026-05-25","77750","大研医器","大研医器","DAIKEN MEDICAL CO.,LTD.","国内","","株式","スタンダード","精密機器","100","2009-03-12","","1968-11-05","大阪府","03月31日","09月30日",""
"2026-05-25","77760","セルシード","Ｇ－セルシード","CellSeed Inc.","国内","","株式","グロース","精密機器","100","2013-07-16","","2001-05-09","東京都","12月31日","06月30日",""
"2026-05-25","77770","スリー・ディー・マトリックス","Ｇ－３Ｄマトリックス","3-D Matrix,Ltd.","国内","","株式","グロース","精密機器","100","2013-07-16","","2004-05-19","東京都","04月30日","10月31日",""
"2026-05-25","77790","ＣＹＢＥＲＤＹＮＥ","Ｇ－サイバダイン－議","CYBERDYNE,INC.","国内","","株式","グロース","精密機器","100","2014-03-26","","2004-06-24","茨城県","03月31日","09月30日",""
"2026-05-25","77800","メニコン","メニコン","Menicon Co.,Ltd.","国内","","株式","プライム","精密機器","100","2015-06-25","","1943-10-23","愛知県","03月31日","09月30日",""
"2026-05-25","77810","平山ホールディングス","平山","HIRAYAMA HOLDINGS Co.,Ltd.","国内","","株式","スタンダード","精密機器","100","2015-07-10","","1967-05-02","東京都","06月30日","12月31日",""
"2026-05-25","77820","シンシア","シンシア","Sincere Co.,LTD.","国内","","株式","スタンダード","精密機器","100","2016-12-16","","2008-09-05","東京都","12月31日","06月30日",""
"2026-05-25","77910","ドリームベッド","ドリームベッド","DREAMBED CO.,LTD.","国内","","株式","スタンダード","その他製品","100","2021-06-23","","1957-07-01","広島県","03月31日","09月30日",""
"2026-05-25","77920","コラントッテ","Ｇ－コラントッテ","Colan Totte.Co.,Ltd.","国内","","株式","グロース","その他製品","100","2021-07-08","","1997-10-13","大阪府","09月30日","03月31日",""
"2026-05-25","77930","イメージ・マジック","Ｇ－イメージマジック","IMAGE MAGIC Inc.","国内","","株式","グロース","その他製品","100","2022-03-03","","1995-05-23","東京都","12月31日","06月30日",""
"2026-05-25","77940","イーディーピー","Ｇ－イーディーピー","EDP Corporation","国内","","株式","グロース","その他製品","100","2022-06-27","","2009-09-08","大阪府","03月31日","09月30日",""
"2026-05-25","77950","ＫＹＯＲＩＴＳＵ","ＫＹＯＲＩＴＳＵ","KYORITSU CO.,LTD.","国内","","株式","スタンダード","その他製品","100","2022-10-01","","1981-05-01","東京都","03月31日","09月30日",""
"2026-05-25","78000","アミファ","アミファ","Amifa Co.,Ltd.","国内","","株式","スタンダード","その他製品","100","2019-09-19","","1973-10-20","東京都","09月30日","03月31日",""
"2026-05-25","78030","ブシロード","Ｇ－ブシロード","Bushiroad Inc.","国内","","株式","グロース","その他製品","100","2019-07-29","","2007-05-18","東京都","06月30日","12月31日",""
"2026-05-25","78040","ビーアンドピー","ビーアンドピー","B&P Co.,Ltd.","国内","","株式","スタンダード","その他製品","100","2019-07-24","","1985-10-22","大阪府","10月31日","04月30日",""
"2026-05-25","78050","プリントネット","プリントネット","PRINTNET INC.","国内","","株式","スタンダード","その他製品","100","2018-10-18","","1987-07-16","鹿児島県","08月31日","02月末日",""
"2026-05-25","78060","ＭＴＧ","Ｇ－ＭＴＧ","MTG Co.,Ltd.","国内","","株式","グロース","その他製品","100","2018-07-10","","1996-01-09","愛知県","09月30日","03月31日",""
"2026-05-25","78070","幸和製作所","幸和製作所","KOWA CO.,LTD.","国内","","株式","スタンダード","その他製品","100","2017-11-28","","1987-10-01","大阪府","02月末日","08月31日",""
"2026-05-25","78080","シー・エス・ランバー","ＣＳランバー","C.S. LUMBER CO.,INC","国内","","株式","スタンダード","その他製品","100","2017-11-15","","1983-04-01","千葉県","05月31日","11月30日",""
"2026-05-25","78090","壽屋","壽屋","KOTOBUKIYA CO.,LTD.","国内","","株式","スタンダード","その他製品","100","2017-09-26","","1953-01-07","東京都","06月30日","12月31日",""
"2026-05-25","78100","クロスフォー","クロスフォー","Crossfor Co.,Ltd.","国内","","株式","スタンダード","その他製品","100","2017-07-20","","1987-08-01","山梨県","07月31日","01月31日",""
"2026-05-25","78110","中本パックス","中本パックス","NAKAMOTO PACKS CO.,LTD.","国内","","株式","スタンダード","その他製品","100","2016-03-03","","1988-12-21","大阪府","02月末日","08月31日",""
"2026-05-25","78120","クレステック","クレステック","CRESTEC Inc.","国内","","株式","スタンダード","その他製品","100","2015-07-08","","1984-09-17","静岡県","06月30日","12月31日",""
"2026-05-25","78130","プラッツ","プラッツ","PLATZ Co.,Ltd.","国内","","株式","スタンダード","その他製品","100","2015-03-26","","1992-07-03","福岡県","06月30日","12月31日",""
"2026-05-25","78140","日本創発グループ","日本創発Ｇ","JAPAN Creative Platform Group Co.,Ltd.","国内","","株式","スタンダード","その他製品","100","2015-01-05","","2015-01-05","東京都","12月31日","06月30日",""
"2026-05-25","78150","東京ボード工業","東京ボード工業","TOKYO BOARD INDUSTRIES CO.,LTD.","国内","","株式","スタンダード","その他製品","100","2014-12-25","","1947-05-07","東京都","02月末日","08月31日",""
"2026-05-25","78170","パラマウントベッドホールディングス","パラベッド","PARAMOUNT BED HOLDINGS CO.,LTD.","国内","","株式","上場廃止","その他製品","100","2011-10-01","2026-02-05","1982-10-01","東京都","03月31日","09月30日",""
"2026-05-25","78180","トランザクション","トランザクション","TRANSACTION CO.,Ltd.","国内","","株式","プライム","その他製品","100","2013-07-16","","1987-01-19","東京都","08月31日","02月末日",""
"2026-05-25","78190","粧美堂","粧美堂","SHOBIDO Corporation","国内","","株式","スタンダード","その他製品","100","2010-09-03","","1949-12-01","東京都","09月30日","03月31日",""
"2026-05-25","78200","ニホンフラッシュ","ニホンフラッシュ","NIHON FLUSH CO.,LTD.","国内","","株式","プライム","その他製品","100","2008-02-13","","1964-09-07","徳島県","03月31日","09月30日",""
"2026-05-25","78210","前田工繊","前田工繊","MAEDA KOSEN CO.,LTD.","国内","","株式","プライム","その他製品","100","2007-08-06","","1972-11-25","福井県","06月30日","12月31日",""
"2026-05-25","78220","永大産業","永大産業","Eidai Co.,Ltd.","国内","","株式","スタンダード","その他製品","100","2007-02-28","","1946-07-29","大阪府","03月31日","09月30日",""
"2026-05-25","78230","アートネイチャー","アートネイチャー","ARTNATURE INC.","国内","","株式","スタンダード","その他製品","100","2013-07-16","","1967-06-23","東京都","03月31日","09月30日",""
"2026-05-25","78260","フルヤ金属","フルヤ金属","FURUYA METAL CO.,LTD.","国内","","株式","プライム","その他製品","100","2013-07-16","","1968-08-22","東京都","06月30日","12月31日",""
"2026-05-25","78270","オービス","オービス","ORVIS CORPORATION","国内","","株式","スタンダード","その他製品","100","2013-07-16","","1974-09-01","広島県","10月31日","04月30日",""
"2026-05-25","78310","ウイルコホールディングス","ウイルコＨＤ","Wellco Holdings Corporation","国内","","株式","スタンダード","その他製品","100","2005-10-19","","1979-05-22","石川県","10月31日","04月30日",""
"2026-05-25","78320","バンダイナムコホールディングス","バンダイナムコ","Bandai Namco Holdings Inc.","国内","","株式","プライム","その他製品","100","2005-09-29","","2005-09-29","東京都","03月31日","09月30日",""
"2026-05-25","78330","アイフィスジャパン","アイフィスジャパン","IFIS JAPAN LTD.","国内","","株式","スタンダード","その他製品","100","2005-09-21","","1995-05-26","東京都","12月31日","06月30日",""
"2026-05-25","78360","アビックス","アビックス","AVIX,Inc.","国内","","株式","スタンダード","その他製品","100","2013-07-16","","1989-04-17","神奈川県","03月31日","09月30日",""
"2026-05-25","78370","アールシーコア","アールシーコア","R.C.CORE CO.,LTD.","国内","","株式","スタンダード","その他製品","100","2013-07-16","","1985-08-26","東京都","03月31日","09月30日",""
"2026-05-25","78390","ＳＨＯＥＩ","ＳＨＯＥＩ","SHOEI CO.,LTD.","国内","","株式","プライム","その他製品","100","2007-09-05","","1959-03-17","東京都","09月30日","03月31日",""
"2026-05-25","78400","フランスベッドホールディングス","フラベッドＨ","FRANCE BED HOLDINGS CO.,LTD.","国内","","株式","プライム","その他製品","100","2004-03-30","","2004-03-30","東京都","03月31日","09月30日",""
"2026-05-25","78410","遠藤製作所","遠藤製作","ENDO MANUFACTURING CO.,LTD.","国内","","株式","スタンダード","その他製品","100","2013-07-16","","1950-11-08","新潟県","12月31日","06月30日",""
"2026-05-25","78440","マーベラス","マーベラス","Marvelous Inc.","国内","","株式","プライム","情報・通信業","100","2005-03-09","","1997-06-25","東京都","03月31日","09月30日",""
"2026-05-25","78460","パイロットコーポレーション","パイロット","PILOT CORPORATION","国内","","株式","プライム","その他製品","100","2002-01-01","","2002-01-04","東京都","12月31日","06月30日",""
"2026-05-25","78470","グラファイトデザイン","グラファイトＤ","GRAPHITE DESIGN INC.","国内","","株式","スタンダード","その他製品","100","2013-07-16","","1989-08-01","埼玉県","02月末日","08月31日",""
"2026-05-25","78490","スターツ出版","スターツ出版","Starts Publishing Corporation","国内","","株式","スタンダード","情報・通信業","100","2013-07-16","","1983-03-02","東京都","12月31日","06月30日",""
"2026-05-25","78500","総合商研","総合商研","SOUGOU SHOUKEN CO.,LTD.","国内","","株式","スタンダード","その他製品","100","2013-07-16","","1972-12-18","北海道","07月31日","01月31日",""
"2026-05-25","78510","カワセコンピュータサプライ","カワセコンピュ","KAWASE COMPUTER SUPPLIES CO.,LTD.","国内","","株式","スタンダード","その他製品","100","2013-07-16","","1955-05-21","東京都","03月31日","09月30日",""
"2026-05-25","78560","萩原工業","萩原工業","HAGIHARA INDUSTRIES INC.","国内","","株式","プライム","その他製品","100","2001-05-10","","1962-11-29","岡山県","10月31日","04月30日",""
"2026-05-25","78570","セキ","セキ","SEKI CO.,LTD.","国内","","株式","スタンダード","その他製品","100","2013-07-16","","1949-03-31","愛媛県","03月31日","09月30日",""
"2026-05-25","78590","アルメディオ","アルメディオ","ALMEDIO INC.","国内","","株式","スタンダード","その他製品","100","2004-08-20","","1981-05-18","東京都","03月31日","09月30日",""
"2026-05-25","78600","エイベックス","エイベックス","Avex Inc.","国内","","株式","プライム","情報・通信業","100","1999-12-08","","1973-06-01","東京都","03月31日","09月30日",""
"2026-05-25","78630","平賀","平賀","HIRAGA CO.,LTD.","国内","","株式","スタンダード","その他製品","100","2013-07-16","","1956-01-31","東京都","03月31日","09月30日",""
"2026-05-25","78640","フジシールインターナショナル","フジシール","FUJI SEAL INTERNATIONAL,INC.","国内","","株式","プライム","その他製品","100","2003-12-25","","1958-10-18","大阪府","03月31日","09月30日",""
"2026-05-25","78650","ピープル","ピープル","People Co.,Ltd.","国内","","株式","スタンダード","その他製品","100","2013-07-16","","1977-10-01","東京都","01月20日","07月20日",""
"2026-05-25","78670","タカラトミー","タカラトミー","TOMY COMPANY,LTD.","国内","","株式","プライム","その他製品","100","1999-03-15","","1953-01-17","東京都","03月31日","09月30日",""
"2026-05-25","78680","広済堂ホールディングス","広済堂ＨＤ","KOSAIDO Holdings Co.,Ltd.","国内","","株式","プライム","その他製品","100","1997-08-05","","1964-06-24","東京都","03月31日","09月30日",""
"2026-05-25","78710","フクビ化学工業","フクビ化学工業","FUKUVI CHEMICAL INDUSTRY CO.,LTD.","国内","","株式","スタンダード","化学","100","2013-07-16","","1947-10-31","福井県","03月31日","09月30日",""
"2026-05-25","78720","エステールホールディングス","エステールＨＤ","ESTELLE HOLDINGS CO.,LTD.","国内","","株式","スタンダード","その他製品","100","2013-07-16","","1946-09-04","東京都","03月31日","09月30日",""
"2026-05-25","78740","レック","レック","LEC,INC.","国内","","株式","プライム","化学","100","2001-03-22","","1978-08-29","東京都","03月31日","09月30日",""
"2026-05-25","78750","竹田ｉＰホールディングス","竹田ｉＰ","TAKEDA iP HOLDINGS CO.,LTD.","国内","","株式","スタンダード","その他製品","100","2018-01-26","","1946-11-16","愛知県","03月31日","09月30日",""
"2026-05-25","78770","永大化工","永大化工","EIDAI KAKO CO.,LTD.","国内","","株式","スタンダード","化学","100","2013-07-16","","1956-11-01","大阪府","03月31日","09月30日",""
"2026-05-25","78780","光・彩","光・彩","Kohsai Co.,Ltd.","国内","","株式","スタンダード","その他製品","100","2013-07-16","","1967-04-01","山梨県","01月31日","07月31日",""
"2026-05-25","78790","ノダ","ノダ","NODA CORPORATION","国内","","株式","スタンダード","その他製品","100","1995-10-18","","1938-01-08","東京都","11月30日","05月31日",""
"2026-05-25","78830","サンメッセ","サンメッセ","Sun Messe Co.,Ltd.","国内","","株式","スタンダード","その他製品","100","2013-07-16","","1946-09-20","岐阜県","03月31日","09月30日",""
"2026-05-25","78850","タカノ","タカノ","TAKANO Co.,Ltd.","国内","","株式","スタンダード","その他製品","100","1997-02-17","","1953-07-18","長野県","03月31日","09月30日",""
"2026-05-25","78860","ヤマト　モビリティ　＆　Ｍｆｇ．","ヤマトモビＭｆｇ","YAMATO Mobility & Mfg. Co.,Ltd.","国内","","株式","スタンダード","化学","100","2013-07-16","","1955-08-01","埼玉県","03月31日","09月30日",""
"2026-05-25","78870","南海プライウッド","南海プライウッド","NANKAI PLYWOOD CO.,LTD.","国内","","株式","スタンダード","その他製品","100","2013-07-16","","1955-04-16","香川県","03月31日","09月30日",""
"2026-05-25","78880","三光合成","三光合成","SANKO GOSEI LTD.","国内","","株式","プライム","化学","100","2013-07-16","","1944-09-18","富山県","05月31日","11月30日",""
"2026-05-25","78930","プロネクサス","プロネクサス","PRONEXUS INC.","国内","","株式","プライム","その他製品","100","1996-09-05","","1947-05-01","東京都","03月31日","09月30日",""
"2026-05-25","78960","セブン工業","セブン工","SEVEN INDUSTRIES CO.,LTD.","国内","","株式","スタンダード","その他製品","100","2000-03-24","","1961-02-02","岐阜県","03月31日","09月30日",""
"2026-05-25","78970","ホクシン","ホクシン","HOKUSHIN CO.,LTD.","国内","","株式","スタンダード","その他製品","100","1995-12-25","","1950-06-21","大阪府","03月31日","09月30日",""
"2026-05-25","78980","ウッドワン","ウッドワン","WOOD ONE CO.,LTD.","国内","","株式","スタンダード","その他製品","100","1979-11-01","","1950-08-08","広島県","03月31日","09月30日",""
"2026-05-25","79010","マツモト","マツモト","MATSUMOTO INC.","国内","","株式","スタンダード","その他製品","100","2013-07-16","","1973-12-18","福岡県","04月30日","10月31日",""
"2026-05-25","79020","ソノコム","ソノコム","SONOCOM CO.,LTD.","国内","","株式","スタンダード","その他製品","100","2013-07-16","","1962-12-21","東京都","03月31日","09月30日",""
"2026-05-25","79060","ヨネックス","ヨネックス","YONEX CO.,LTD.","国内","","株式","スタンダード","その他製品","100","1994-02-22","","1958-06-30","東京都","03月31日","09月30日",""
"2026-05-25","79080","きもと","ＫＩＭＯＴＯ","KIMOTO CO.,LTD.","国内","","株式","スタンダード","化学","100","2005-03-16","","1961-02-09","三重県","03月31日","09月30日",""
"2026-05-25","79110","ＴＯＰＰＡＮホールディングス","ＴＯＰＰＡＮ　ＨＤ","TOPPAN Holdings Inc.","国内","","株式","プライム","その他製品","100","1949-05-16","","1908-06-04","東京都","03月31日","09月30日",""
"2026-05-25","79120","大日本印刷","大日印","Dai Nippon Printing Co.,Ltd.","国内","","株式","プライム","その他製品","100","1949-05-16","","1880-05-30","東京都","03月31日","09月30日",""
"2026-05-25","79140","共同印刷","共同印","Kyodo Printing Co.,Ltd.","国内","","株式","プライム","その他製品","100","1961-10-02","","1918-12-13","東京都","03月31日","09月30日",""
"2026-05-25","79150","ＮＩＳＳＨＡ","ＮＩＳＳＨＡ","Nissha Co.,Ltd.","国内","","株式","プライム","その他製品","100","1969-04-01","","1946-12-28","京都府","12月31日","06月30日",""
"2026-05-25","79160","光村印刷","光村印","MITSUMURA PRINTING CO.,LTD.","国内","","株式","スタンダード","その他製品","100","1961-10-02","","1936-12-21","東京都","03月31日","09月30日",""
"2026-05-25","79170","ＺＡＣＲＯＳ","ＺＡＣＲＯＳ","ZACROS Corporation","国内","","株式","プライム","化学","100","2002-12-24","","1936-11-04","東京都","03月31日","09月30日",""
"2026-05-25","79180","ヴィア・ホールディングス","ヴィアＨＤ","VIA Holdings,Inc.","国内","","株式","スタンダード","小売業","100","2013-07-16","","1948-02-26","東京都","03月31日","09月30日",""
"2026-05-25","79190","野崎印刷紙業","野崎印","Nozaki Insatsu Shigyo Co.,Ltd.","国内","","株式","スタンダード","その他製品","100","1975-01-09","","1940-11-06","京都府","03月31日","09月30日",""
"2026-05-25","79210","ＴＡＫＡＲＡ　＆　ＣＯＭＰＡＮＹ","ＴＡＫＡＲＡ＆ＣＯ","TAKARA & COMPANY LTD.","国内","","株式","プライム","その他製品","100","1998-04-08","","1960-04-15","東京都","05月31日","11月30日",""
"2026-05-25","79220","三光産業","三光産業","SANKO SANGYO CO.,LTD.","国内","","株式","スタンダード","その他製品","100","2013-07-16","","1960-04-01","東京都","03月31日","09月30日",""
"2026-05-25","79230","トーイン","トーイン","TOIN CORPORATION","国内","","株式","上場廃止","その他製品","100","2013-07-16","2026-03-27","1950-01-18","東京都","03月31日","09月30日",""
"2026-05-25","79250","前澤化成工業","前沢化成","MAEZAWA KASEI INDUSTRIES CO.,LTD.","国内","","株式","プライム","化学","100","2000-02-15","","1954-12-10","東京都","03月31日","09月30日",""
"2026-05-25","79270","ムトー精工","ムトー精工","MUTO SEIKO CO.","国内","","株式","スタンダード","化学","100","2013-07-16","","1970-06-24","岐阜県","03月31日","09月30日",""
"2026-05-25","79280","旭化学工業","旭化学","ASAHI KAGAKU KOGYO CO.,LTD.","国内","","株式","スタンダード","化学","100","2013-07-16","","1966-09-01","愛知県","08月31日","02月末日",""
"2026-05-25","79310","未来工業","未来工業","MIRAI INDUSTRY CO.,LTD.","国内","","株式","プライム","化学","100","2018-12-13","","1965-08-17","岐阜県","03月20日","09月20日",""
"2026-05-25","79320","ニッピ","ニッピ","Nippi,Incorporated","国内","","株式","スタンダード","その他製品","100","2013-07-16","","1907-04-01","東京都","03月31日","09月30日",""
"2026-05-25","79360","アシックス","アシックス","ASICS Corporation","国内","","株式","プライム","その他製品","100","1972-05-29","","1943-05-27","兵庫県","12月31日","06月30日",""
"2026-05-25","79370","ツツミ","ツツミ","TSUTSUMI JEWELRY CO.,LTD.","国内","","株式","スタンダード","その他製品","100","1994-09-21","","1973-06-19","埼玉県","03月31日","09月30日",""
"2026-05-25","79380","リーガルコーポレーション","リーガル","REGAL CORPORATION","国内","","株式","スタンダード","その他製品","100","2013-07-16","","1902-01-21","千葉県","03月31日","09月30日",""
"2026-05-25","79390","研創","研創","KENSOH CO.,LTD.","国内","","株式","スタンダード","その他製品","100","2013-07-16","","1971-09-01","広島県","03月31日","09月30日",""
"2026-05-25","79400","ウェーブロックホールディングス","ウェーブロックＨＤ","WAVELOCK HOLDINGS CO.,LTD.","国内","","株式","スタンダード","化学","100","2017-04-10","","1964-06-20","東京都","03月31日","09月30日",""
"2026-05-25","79420","ＪＳＰ","ＪＳＰ","JSP Corporation","国内","","株式","プライム","化学","100","1990-02-21","","1962-01-24","東京都","03月31日","09月30日",""
"2026-05-25","79430","ニチハ","ニチハ","NICHIHA CORPORATION","国内","","株式","プライム","ガラス・土石製品","100","1996-12-06","","1950-05-30","愛知県","03月31日","09月30日",""
"2026-05-25","79440","ローランド","ローランド","Roland Corporation","国内","","株式","プライム","その他製品","100","2020-12-16","","1972-04-18","静岡県","12月31日","06月30日",""
"2026-05-25","79460","光陽社","光陽社","KOYOSHA INC.","国内","","株式","スタンダード","その他製品","100","2013-07-16","","1949-10-21","東京都","03月31日","09月30日",""
"2026-05-25","79470","エフピコ","エフピコ","FP CORPORATION","国内","","株式","プライム","化学","100","2000-03-01","","1962-07-24","広島県","03月31日","09月30日",""
"2026-05-25","79490","小松ウオール工業","小松ウオール","KOMATSU WALL INDUSTRY CO.,LTD.","国内","","株式","プライム","その他製品","100","1999-03-01","","1968-01-22","石川県","03月31日","09月30日",""
"2026-05-25","79510","ヤマハ","ヤマハ","YAMAHA CORPORATION","国内","","株式","プライム","その他製品","100","1949-05-16","","1897-10-12","静岡県","03月31日","09月30日",""
"2026-05-25","79520","河合楽器製作所","河合楽器","Kawai Musical Instruments Manufacturing Co.,Ltd.","国内","","株式","プライム","その他製品","100","1960-11-01","","1951-05-15","静岡県","03月31日","09月30日",""
"2026-05-25","79530","菊水化学工業","菊水化学工業","KIKUSUI CHEMICAL INDUSTRIES CO.,LTD.","国内","","株式","スタンダード","その他製品","100","2014-12-16","","1959-05-21","愛知県","03月31日","09月30日",""
"2026-05-25","79550","クリナップ","クリナップ","Cleanup Corporation","国内","","株式","プライム","その他製品","100","1990-02-06","","1954-10-05","東京都","03月31日","09月30日",""
"2026-05-25","79560","ピジョン","ピジョン","PIGEON CORPORATION","国内","","株式","プライム","その他製品","100","1995-07-07","","1957-08-15","東京都","12月31日","06月30日",""
"2026-05-25","79570","フジコピアン","フジコピアン","FUJICOPIAN CO.,LTD.","国内","","株式","スタンダード","その他製品","100","2013-07-16","","1950-03-02","大阪府","12月31日","06月30日",""
"2026-05-25","79580","天馬","天馬","TENMA CORPORATION","国内","","株式","上場廃止","化学","100","1988-08-03","2025-08-18","1949-08-26","東京都","03月31日","09月30日",""
"2026-05-25","79620","キングジム","キングジム","KING JIM CO.,LTD.","国内","","株式","プライム","その他製品","100","2001-03-16","","1948-08-31","東京都","06月20日","12月20日",""
"2026-05-25","79630","興研","興研","KOKEN LTD.","国内","","株式","スタンダード","その他製品","100","2013-07-16","","1963-12-12","東京都","12月31日","06月30日",""
"2026-05-25","79650","象印マホービン","象印マホービン","Zojirushi Corporation","国内","","株式","プライム","電気機器","100","2013-07-16","","1948-12-29","大阪府","11月20日","05月20日",""
"2026-05-25","79660","リンテック","リンテック","LINTEC Corporation","国内","","株式","プライム","その他製品","100","1986-07-24","","1934-10-15","東京都","03月31日","09月30日",""
"2026-05-25","79700","信越ポリマー","信越ポリマ","Shin-Etsu Polymer Co.,Ltd.","国内","","株式","プライム","化学","100","1983-12-12","","1960-09-15","東京都","03月31日","09月30日",""
"2026-05-25","79710","東リ","東リ","TOLI Corporation","国内","","株式","スタンダード","化学","100","1949-05-16","","1919-11-17","兵庫県","03月31日","09月30日",""
"2026-05-25","79720","イトーキ","イトーキ","ITOKI CORPORATION","国内","","株式","プライム","その他製品","100","1962-09-06","","1950-04-20","東京都","12月31日","06月30日",""
"2026-05-25","79740","任天堂","任天堂","Nintendo Co.,Ltd.","国内","","株式","プライム","その他製品","100","1983-07-21","","1947-11-20","京都府","03月31日","09月30日",""
"2026-05-25","79750","リヒトラブ","リヒトラブ","LIHIT LAB.,INC.","国内","","株式","スタンダード","その他製品","100","2013-07-16","","1948-05-25","大阪府","02月末日","08月31日",""
"2026-05-25","79760","三菱鉛筆","三菱鉛筆","MITSUBISHI PENCIL COMPANY,LIMITED","国内","","株式","プライム","その他製品","100","1962-09-28","","1925-04-17","東京都","12月31日","06月30日",""
"2026-05-25","79790","松風","松風","SHOFU INC.","国内","","株式","プライム","精密機器","100","2007-02-15","","1922-05-15","京都府","03月31日","09月30日",""
"2026-05-25","79800","重松製作所","重松製作","SHIGEMATSU WORKS CO.,LTD.","国内","","株式","スタンダード","その他製品","100","2013-07-16","","1942-03-17","東京都","03月31日","09月30日",""
"2026-05-25","79810","タカラスタンダード","タカラスタン","TAKARA STANDARD CO.,LTD.","国内","","株式","プライム","その他製品","100","1973-10-06","","1912-05-30","大阪府","03月31日","09月30日",""
"2026-05-25","79830","ミロク","ミロク","Miroku Corporation","国内","","株式","スタンダード","その他製品","100","2013-07-16","","1946-07-05","高知県","10月31日","04月30日",""
"2026-05-25","79840","コクヨ","コクヨ","KOKUYO CO.,LTD.","国内","","株式","プライム","その他製品","100","1971-03-01","","1920-07-10","大阪府","12月31日","06月30日",""
"2026-05-25","79850","ネポン","ネポン","NEPON Inc.","国内","","株式","スタンダード","金属製品","100","1974-06-10","","1948-06-09","神奈川県","03月31日","09月30日",""
"2026-05-25","79860","日本アイ・エス・ケイ","日本アイエスケイ","NIHON ISK Company,Limited","国内","","株式","スタンダード","その他製品","100","2013-07-16","","1948-04-30","茨城県","12月31日","06月30日",""
"2026-05-25","79870","ナカバヤシ","ナカバヤシ","NAKABAYASHI CO.,LTD.","国内","","株式","スタンダード","その他製品","100","1981-06-01","","1951-06-30","大阪府","03月31日","09月30日",""
"2026-05-25","79880","ニフコ","ニフコ","NIFCO INC.","国内","","株式","プライム","化学","100","1979-07-02","","1946-10-08","神奈川県","03月31日","09月30日",""
"2026-05-25","79890","立川ブラインド工業","立川ブライ","TACHIKAWA CORPORATION","国内","","株式","プライム","金属製品","100","1987-10-08","","1947-10-22","東京都","12月31日","06月30日",""
"2026-05-25","79900","グローブライド","グローブライド","GLOBERIDE,Inc.","国内","","株式","プライム","その他製品","100","1970-10-01","","1945-12-26","東京都","03月31日","09月30日",""
"2026-05-25","79910","マミヤ・オーピー","マミヤオーピー","MAMIYA-OP CO.,LTD","国内","","株式","スタンダード","機械","100","1965-02-12","","1948-02-23","東京都","03月31日","09月30日",""
"2026-05-25","79920","セーラー万年筆","セーラー","The Sailor Pen Co.,Ltd.","国内","","株式","スタンダード","その他製品","100","1961-10-02","","1932-08-14","東京都","12月31日","06月30日",""
"2026-05-25","79940","オカムラ","オカムラ","OKAMURA CORPORATION","国内","","株式","プライム","その他製品","100","1961-10-02","","1946-07-15","神奈川県","03月31日","09月30日",""
"2026-05-25","79950","バルカー","バルカー","VALQUA,LTD.","国内","","株式","プライム","化学","100","1962-09-03","","1932-04-08","東京都","03月31日","09月30日",""
"2026-05-25","79970","くろがね工作所","くろがね工作所","Kurogane Kosakusho Ltd.","国内","","株式","スタンダード","その他製品","100","2013-07-16","","1936-03-17","大阪府","11月30日","05月31日",""
"2026-05-25","79990","ＭＵＴＯＨホールディングス","ＭＵＴＯＨ－ＨＤ","MUTOH HOLDINGS CO.,LTD.","国内","","株式","スタンダード","電気機器","100","1983-06-07","","1951-06-01","東京都","03月31日","09月30日",""
"2026-05-25","80010","伊藤忠商事","伊藤忠","ITOCHU Corporation","国内","","株式","プライム","卸売業","100","1950-07-11","","1949-12-01","大阪府","03月31日","09月30日",""
"2026-05-25","80020","丸紅","丸紅","Marubeni Corporation","国内","","株式","プライム","卸売業","100","1950-07-11","","1949-12-01","東京都","03月31日","09月30日",""
"2026-05-25","80050","スクロール","スクロール","Scroll Corporation","国内","","株式","プライム","小売業","100","1984-11-20","","1943-10-01","静岡県","03月31日","09月30日",""
"2026-05-25","80060","ユアサ・フナショク","ユアサフナ","YUASA FUNASHOKU Co.,Ltd.","国内","","株式","スタンダード","卸売業","100","1975-12-19","","1937-01-18","千葉県","03月31日","09月30日",""
"2026-05-25","80070","高島","高島","Takashima & Co.,Ltd.","国内","","株式","プライム","卸売業","100","1949-05-16","","1931-12-01","東京都","03月31日","09月30日",""
"2026-05-25","80080","ヨンドシーホールディングス","４℃　ＨＤ","YONDOSHI HOLDINGS INC.","国内","","株式","プライム","小売業","100","2000-03-01","","1950-05-18","東京都","02月末日","08月31日",""
"2026-05-25","80110","三陽商会","三陽商","SANYO SHOKAI LTD.","国内","","株式","プライム","繊維製品","100","1971-07-01","","1943-05-11","東京都","02月末日","08月31日",""
"2026-05-25","80120","長瀬産業","長瀬産","NAGASE & CO.,LTD.","国内","","株式","プライム","卸売業","100","1969-10-01","","1917-12-09","大阪府","03月31日","09月30日",""
"2026-05-25","80130","ナイガイ","ナイガイ","NAIGAI CO.,LTD.","国内","","株式","スタンダード","繊維製品","100","1949-05-16","","1924-12-25","東京都","01月31日","07月31日",""
"2026-05-25","80140","蝶理","蝶理","CHORI CO.,LTD.","国内","","株式","プライム","卸売業","100","1961-07-27","","1948-09-02","大阪府","03月31日","09月30日",""
"2026-05-25","80150","豊田通商","豊田通商","TOYOTA TSUSHO CORPORATION","国内","","株式","プライム","卸売業","100","1977-01-04","","1948-07-01","愛知県","03月31日","09月30日",""
"2026-05-25","80160","オンワードホールディングス","オンワードＨＤ","ONWARD HOLDINGS CO.,LTD.","国内","","株式","プライム","繊維製品","100","1961-10-02","","1947-09-04","東京都","02月末日","08月31日",""
"2026-05-25","80180","三共生興","三共生興","SANKYO SEIKO CO.,LTD.","国内","","株式","スタンダード","卸売業","100","1963-01-10","","1938-12-11","大阪府","03月31日","09月30日",""
"2026-05-25","80200","兼松","兼松","KANEMATSU CORPORATION","国内","","株式","プライム","卸売業","100","1973-04-02","","1918-03-18","東京都","03月31日","09月30日",""
"2026-05-25","80220","美津濃","ミズノ","Mizuno Corporation","国内","","株式","プライム","その他製品","100","1962-12-01","","1923-07-19","大阪府","03月31日","09月30日",""
"2026-05-25","80230","ＤＡＩＫＯ　ＸＴＥＣＨ","ＤＡＩＫＯＸＴ","DAIKO XTECH,LTD.","国内","","株式","スタンダード","情報・通信業","100","1990-12-25","","1953-12-01","東京都","03月31日","09月30日",""
"2026-05-25","80250","ツカモトコーポレーション","ツカモト","TSUKAMOTO CORPORATION CO.,LTD.","国内","","株式","スタンダード","卸売業","100","1963-10-04","","1920-01-05","東京都","03月31日","09月30日",""
"2026-05-25","80290","ルックホールディングス","ルックＨＤ","LOOK HOLDINGS INCORPORATED","国内","","株式","スタンダード","繊維製品","100","1981-09-16","","1944-03-20","東京都","12月31日","06月30日",""
"2026-05-25","80300","中央魚類","中央魚","Chuo Gyorui Co.,Ltd.","国内","","株式","スタンダード","卸売業","100","1964-09-10","","1947-07-03","東京都","03月31日","09月30日",""
"2026-05-25","80310","三井物産","三井物産","MITSUI & CO.,LTD.","国内","","株式","プライム","卸売業","100","1949-05-16","","1947-07-25","東京都","03月31日","09月30日",""
"2026-05-25","80320","日本紙パルプ商事","紙パル商","JAPAN PULP AND PAPER COMPANY LIMITED","国内","","株式","プライム","卸売業","100","1972-10-02","","1916-12-15","東京都","03月31日","09月30日",""
"2026-05-25","80350","東京エレクトロン","東エレク","Tokyo Electron Limited","国内","","株式","プライム","電気機器","100","1980-06-02","","1951-04-06","東京都","03月31日","09月30日",""
"2026-05-25","80370","カメイ","カメイ","KAMEI CORPORATION","国内","","株式","プライム","卸売業","100","1986-10-30","","1932-12-29","宮城県","03月31日","09月30日",""
"2026-05-25","80380","東都水産","東都水","TOHTO SUISAN CO.,LTD.","国内","","株式","上場廃止","卸売業","100","1956-09-10","2025-06-17","1948-03-09","東京都","03月31日","09月30日",""
"2026-05-25","80390","築地魚市場","築地魚","TSUKIJI UOICHIBA COMPANY,LIMITED","国内","","株式","スタンダード","卸売業","100","1963-09-05","","1948-03-09","東京都","03月31日","09月30日",""
"2026-05-25","80400","東京ソワール","東ソワール","TOKYO SOIR CO.,LTD.","国内","","株式","スタンダード","繊維製品","100","1988-08-22","","1949-01-08","東京都","12月31日","06月30日",""
"2026-05-25","80410","ＯＵＧホールディングス","ＯＵＧ　ＨＤ","OUG Holdings Inc.","国内","","株式","スタンダード","卸売業","100","2013-07-16","","1946-06-12","大阪府","03月31日","09月30日",""
"2026-05-25","80430","スターゼン","スターゼン","Starzen Company Limited","国内","","株式","プライム","卸売業","100","1962-11-07","","1948-06-17","東京都","03月31日","09月30日",""
"2026-05-25","80450","横浜丸魚","横浜丸魚","Yokohama Maruuo Co.,Ltd.","国内","","株式","スタンダード","卸売業","100","2013-07-16","","1947-10-30","神奈川県","03月31日","09月30日",""
"2026-05-25","80460","丸藤シートパイル","丸藤パイル","MARUFUJI SHEET PILING CO.,LTD.","国内","","株式","スタンダード","卸売業","100","1973-11-16","","1947-09-12","東京都","03月31日","09月30日",""
"2026-05-25","80500","セイコーグループ","セイコーＧ","SEIKO GROUP CORPORATION","国内","","株式","プライム","精密機器","100","1949-05-16","","1917-10-29","東京都","03月31日","09月30日",""
"2026-05-25","80510","山善","山善","YAMAZEN CORPORATION","国内","","株式","プライム","卸売業","100","1963-09-25","","1947-05-30","大阪府","03月31日","09月30日",""
"2026-05-25","80520","椿本興業","椿本興","TSUBAKIMOTO KOGYO CO.,LTD.","国内","","株式","プライム","卸売業","100","1963-10-10","","1938-01-10","大阪府","03月31日","09月30日",""
"2026-05-25","80530","住友商事","住友商","SUMITOMO CORPORATION (SUMITOMO SHOJI KAISHA,LTD.)","国内","","株式","プライム","卸売業","100","1949-08-03","","1919-12-24","東京都","03月31日","09月30日",""
"2026-05-25","80560","ＢＩＰＲＯＧＹ","ＢＩＰＲＯＧＹ","BIPROGY Inc.","国内","","株式","プライム","情報・通信業","100","1970-10-01","","1951-04-02","東京都","03月31日","09月30日",""
"2026-05-25","80570","内田洋行","内田洋行","UCHIDA YOKO CO.,LTD.","国内","","株式","プライム","卸売業","100","1964-01-10","","1941-05-29","東京都","07月20日","01月20日",""
"2026-05-25","80580","三菱商事","三菱商事","Mitsubishi Corporation","国内","","株式","プライム","卸売業","100","1954-06-01","","1950-04-01","東京都","03月31日","09月30日",""
"2026-05-25","80590","第一実業","第一実業","DAIICHI JITSUGYO CO.,LTD.","国内","","株式","プライム","卸売業","100","1962-08-02","","1948-08-12","東京都","03月31日","09月30日",""
"2026-05-25","80600","キヤノンマーケティングジャパン","キヤノンＭＪ","Canon Marketing Japan Inc.","国内","","株式","プライム","卸売業","100","1981-08-24","","1950-01-06","東京都","12月31日","06月30日",""
"2026-05-25","80610","西華産業","西華産","SEIKA CORPORATION","国内","","株式","プライム","卸売業","100","1961-09-01","","1947-10-01","東京都","03月31日","09月30日",""
"2026-05-25","80650","佐藤商事","佐藤商","SATO SHO-JI CORPORATION","国内","","株式","プライム","卸売業","100","1962-05-21","","1949-02-05","東京都","03月31日","09月30日",""
"2026-05-25","80660","三谷商事","三谷商","MITANI CORPORATION","国内","","株式","スタンダード","卸売業","100","2000-02-15","","1946-03-20","福井県","03月31日","09月30日",""
"2026-05-25","80700","東京産業","東京産","TOKYO SANGYO CO.,LTD.","国内","","株式","プライム","卸売業","100","1961-10-02","","1942-04-16","東京都","03月31日","09月30日",""
"2026-05-25","80740","ＹＵＡＳＡ","ＹＵＡＳＡ","YUASA CO.,LTD.","国内","","株式","プライム","卸売業","100","1961-10-02","","1919-06-25","東京都","03月31日","09月30日",""
"2026-05-25","80750","神鋼商事","神鋼商","Shinsho Corporation","国内","","株式","プライム","卸売業","100","1961-10-02","","1946-11-12","大阪府","03月31日","09月30日",""
"2026-05-25","80760","カノークス","カノークス","CANOX CORPORATION","国内","","株式","スタンダード","卸売業","100","2022-11-21","","1948-01-29","愛知県","03月31日","09月30日",""
"2026-05-25","80770","トルク","トルク","TORQ Inc.","国内","","株式","スタンダード","卸売業","100","2013-07-16","","1941-06-18","大阪府","10月31日","04月30日",""
"2026-05-25","80780","阪和興業","阪和興","HANWA CO.,LTD.","国内","","株式","プライム","卸売業","100","1970-09-01","","1947-04-01","大阪府","03月31日","09月30日",""
"2026-05-25","80790","正栄食品工業","正栄食","SHOEI FOODS CORPORATION","国内","","株式","プライム","卸売業","100","1986-08-28","","1947-11-04","東京都","10月31日","04月30日",""
"2026-05-25","80810","カナデン","カナデン","KANADEN CORPORATION","国内","","株式","プライム","卸売業","100","1963-05-15","","1912-12-18","東京都","03月31日","09月30日",""
"2026-05-25","80840","ＲＹＯＤＥＮ","ＲＹＯＤＥＮ","RYODEN CORPORATION","国内","","株式","プライム","卸売業","100","1963-04-01","","1947-04-22","東京都","03月31日","09月30日",""
"2026-05-25","80850","ナラサキ産業","ナラサキ","NARASAKI SANGYO CO.,LTD.","国内","","株式","スタンダード","卸売業","100","1963-04-01","","1943-10-05","東京都","03月31日","09月30日",""
"2026-05-25","80860","ニプロ","ニプロ","NIPRO CORPORATION","国内","","株式","プライム","精密機器","100","1996-12-25","","1948-07-30","大阪府","03月31日","09月30日",""
"2026-05-25","80880","岩谷産業","岩谷産","IWATANI  CORPORATION","国内","","株式","プライム","卸売業","100","1962-12-03","","1945-02-02","大阪府","03月31日","09月30日",""
"2026-05-25","80890","ナイス","ナイス","Nice Corporation","国内","","株式","スタンダード","卸売業","100","1962-07-17","","1950-06-23","神奈川県","03月31日","09月30日",""
"2026-05-25","80910","ニチモウ","ニチモウ","NICHIMO CO.,LTD.","国内","","株式","プライム","卸売業","100","1962-05-01","","1919-08-17","東京都","03月31日","09月30日",""
"2026-05-25","80930","極東貿易","極東貿易","Kyokuto Boeki Kaisha,Limited","国内","","株式","プライム","卸売業","100","1987-03-11","","1947-11-27","東京都","03月31日","09月30日",""
"2026-05-25","80950","アステナホールディングス","アステナＨＤ","Astena Holdings Co.,Ltd.","国内","","株式","プライム","卸売業","100","1963-07-02","","1941-09-20","東京都","11月30日","05月31日",""
"2026-05-25","80970","三愛オブリ","三愛オブリ","SAN-AI OBBLI CO.,LTD.","国内","","株式","プライム","卸売業","100","1963-01-23","","1947-01-21","東京都","03月31日","09月30日",""
"2026-05-25","80980","稲畑産業","稲畑産","Inabata & Co.,Ltd.","国内","","株式","プライム","卸売業","100","1962-06-04","","1918-06-10","大阪府","03月31日","09月30日",""
"2026-05-25","81010","ＧＳＩクレオス","ＧＳＩクレオス","GSI Creos Corporation","国内","","株式","プライム","卸売業","100","1973-02-01","","1931-10-31","東京都","03月31日","09月30日",""
"2026-05-25","81030","明和産業","明和産","Meiwa Corporation","国内","","株式","プライム","卸売業","100","1973-04-02","","1947-07-25","東京都","03月31日","09月30日",""
"2026-05-25","81040","クワザワホールディングス","クワザワＨＤ","KUWAZAWA Holdings Corporation","国内","","株式","スタンダード","卸売業","100","2018-03-20","","1951-02-01","北海道","03月31日","09月30日",""
"2026-05-25","81050","Ｂｉｔｃｏｉｎ　Ｊａｐａｎ","ＢｉｔｃｏｉｎＪＰＮ","Bitcoin Japan Corporation","国内","","株式","スタンダード","卸売業","100","1974-04-13","","1933-02-01","東京都","03月31日","09月30日",""
"2026-05-25","81070","キムラタン","キムラタン","KIMURATAN CORPORATION","国内","","株式","スタンダード","繊維製品","100","2013-07-16","","1947-06-09","兵庫県","03月31日","09月30日",""
"2026-05-25","81110","ゴールドウイン","ゴルドウイン","Goldwin Inc.","国内","","株式","プライム","繊維製品","100","1991-12-18","","1948-04-01","東京都","03月31日","09月30日",""
"2026-05-25","81130","ユニ・チャーム","ユニチャーム","UNICHARM CORPORATION","国内","","株式","プライム","化学","100","1976-08-02","","1941-04-02","東京都","12月31日","06月30日",""
"2026-05-25","81150","ムーンバット","ムーンバット","MOONBAT Co.,Ltd.","国内","","株式","スタンダード","卸売業","100","2013-07-16","","1941-09-06","京都府","03月31日","09月30日",""
"2026-05-25","81170","中央自動車工業","中央自動車工業","CENTRAL AUTOMOTIVE PRODUCTS LTD.","国内","","株式","スタンダード","卸売業","100","2013-07-16","","1943-01-07","大阪府","03月31日","09月30日",""
"2026-05-25","81180","キング","キング","KING Co.,Ltd.","国内","","株式","スタンダード","繊維製品","100","2013-07-16","","1948-09-09","東京都","03月31日","09月30日",""
"2026-05-25","81190","三栄コーポレーション","三栄コーポ","SANYEI CORPORATION","国内","","株式","スタンダード","卸売業","100","2013-07-16","","1950-02-20","東京都","03月31日","09月30日",""
"2026-05-25","81230","川辺","川辺","T.KAWABE & CO.,LTD.","国内","","株式","スタンダード","卸売業","100","2013-07-16","","1942-11-25","東京都","03月31日","09月30日",""
"2026-05-25","81250","ワキタ","ワキタ","Wakita & Co.,LTD.","国内","","株式","プライム","卸売業","100","2013-07-16","","1949-05-04","大阪府","02月末日","08月31日",""
"2026-05-25","81270","ヤマトインターナショナル","ヤマトインター","YAMATO INTERNATIONAL INC.","国内","","株式","スタンダード","繊維製品","100","2006-11-17","","1947-06-16","大阪府","08月31日","02月末日",""
"2026-05-25","81290","東邦ホールディングス","東邦ＨＤ","TOHO HOLDINGS CO.,LTD.","国内","","株式","プライム","卸売業","100","2002-12-11","","1948-09-17","東京都","03月31日","09月30日",""
"2026-05-25","81300","サンゲツ","サンゲツ","Sangetsu Corporation","国内","","株式","プライム","卸売業","100","1996-12-06","","1936-09-24","愛知県","03月31日","09月30日",""
"2026-05-25","81310","ミツウロコグループホールディングス","ミツウロコＧＨＤ","Mitsuuroko Group Holdings Co.,Ltd.","国内","","株式","スタンダード","卸売業","100","1962-08-02","","1926-05-10","東京都","03月31日","09月30日",""
"2026-05-25","81320","シナネンホールディングス","シナネンＨＤ","SINANEN HOLDINGS CO.,LTD.","国内","","株式","プライム","卸売業","100","1963-01-04","","1934-04-25","東京都","03月31日","09月30日",""
"2026-05-25","81330","伊藤忠エネクス","エネクス","ITOCHU ENEX CO.,LTD.","国内","","株式","プライム","卸売業","100","1978-02-01","","1961-01-28","東京都","03月31日","09月30日",""
"2026-05-25","81350","ゼット","ゼット","ZETT CORPORATION","国内","","株式","スタンダード","卸売業","100","2013-07-16","","1950-12-16","大阪府","03月31日","09月30日",""
"2026-05-25","81360","サンリオ","サンリオ","Sanrio Company,Ltd.","国内","","株式","プライム","卸売業","100","1982-04-23","","1949-04-23","東京都","03月31日","09月30日",""
"2026-05-25","81370","サンワテクノス","サンワテクノス","SUN-WA TECHNOS CORPORATION","国内","","株式","プライム","卸売業","100","2003-04-28","","1949-11-04","東京都","03月31日","09月30日",""
"2026-05-25","81380","三京化成","三京化成","SANKYO KASEI CORPORATION","国内","","株式","スタンダード","卸売業","100","2013-07-16","","1947-02-10","大阪府","03月31日","09月30日",""
"2026-05-25","81390","ナガホリ","ナガホリ","NAGAHORI CORPORATION","国内","","株式","スタンダード","卸売業","100","1988-12-21","","1951-02-12","東京都","03月31日","09月30日",""
"2026-05-25","81410","新光商事","新光商","Shinko Shoji Co.,Ltd.","国内","","株式","プライム","卸売業","100","1983-08-02","","1953-11-25","東京都","03月31日","09月30日",""
"2026-05-25","81420","トーホー","トーホー","TOHO Co.,Ltd.","国内","","株式","プライム","卸売業","100","2000-11-28","","1929-07-15","兵庫県","01月31日","07月31日",""
"2026-05-25","81430","ラピーヌ","ラピーヌ","LAPINE CO.,LTD.","国内","","株式","スタンダード","繊維製品","100","1990-02-28","","1950-02-11","大阪府","02月末日","08月31日",""
"2026-05-25","81440","デンキョーグループホールディングス","デンキョーグループ","Denkyo Group Holdings Co.,Ltd.","国内","","株式","スタンダード","卸売業","100","2013-07-16","","1949-12-15","大阪府","03月31日","09月30日",""
"2026-05-25","81470","トミタ","トミタ","TOMITA CO.LTD.","国内","","株式","スタンダード","卸売業","100","2013-07-16","","1943-04-26","東京都","03月31日","09月30日",""
"2026-05-25","81500","三信電気","三信電気","SANSHIN ELECTRONICS CO.,LTD.","国内","","株式","プライム","卸売業","100","1985-07-08","","1951-11-01","東京都","03月31日","09月30日",""
"2026-05-25","81510","東陽テクニカ","東陽テクニカ","TOYO Corporation","国内","","株式","プライム","卸売業","100","1985-07-15","","1946-12-02","東京都","09月30日","03月31日",""
"2026-05-25","81520","ソマール","ソマール","SOMAR CORPORATION","国内","","株式","スタンダード","卸売業","100","1988-10-13","","1948-02-26","東京都","03月31日","09月30日",""
"2026-05-25","81530","モスフードサービス","モスフード","MOS FOOD SERVICES,INC.","国内","","株式","プライム","卸売業","100","1988-03-09","","1972-07-21","東京都","03月31日","09月30日",""
"2026-05-25","81540","加賀電子","加賀電子","KAGA ELECTRONICS CO.,LTD.","国内","","株式","プライム","卸売業","100","1986-12-23","","1968-09-12","東京都","03月31日","09月30日",""
"2026-05-25","81570","都築電気","都築電気","TSUZUKI DENKI CO.,LTD.","国内","","株式","プライム","情報・通信業","100","1986-01-30","","1941-03-26","東京都","03月31日","09月30日",""
"2026-05-25","81580","ソーダニッカ","ソーダニッカ","SODA NIKKA CO.,LTD.","国内","","株式","プライム","卸売業","100","1986-02-06","","1947-04-11","東京都","03月31日","09月30日",""
"2026-05-25","81590","立花エレテック","立花エレ","TACHIBANA ELETECH CO.,LTD.","国内","","株式","プライム","卸売業","100","2004-03-04","","1948-07-12","大阪府","03月31日","09月30日",""
"2026-05-25","81600","木曽路","木曽路","KISOJI CO.,LTD.","国内","","株式","プライム","小売業","100","2000-09-19","","1950-05-20","愛知県","03月31日","09月30日",""
"2026-05-25","81630","ＳＲＳホールディングス","ＳＲＳＨＤ","SRS HOLDINGS CO.,LTD.","国内","","株式","プライム","小売業","100","2013-07-16","","1951-04-09","大阪府","03月31日","09月30日",""
"2026-05-25","81650","千趣会","千趣会","SENSHUKAI CO.,LTD.","国内","","株式","スタンダード","小売業","100","1988-07-19","","1946-03-22","大阪府","12月31日","06月30日",""
"2026-05-25","81660","タカキュー","タカキュー","Taka-Q Co.,Ltd.","国内","","株式","スタンダード","小売業","100","1986-11-21","","1950-06-30","東京都","02月末日","08月31日",""
"2026-05-25","81670","リテールパートナーズ","リテールパートナーズ","RETAIL PARTNERS CO.,LTD.","国内","","株式","プライム","小売業","100","2000-03-01","","1954-03-12","山口県","02月末日","08月31日",""
"2026-05-25","81730","Ｊｏｓｈｉｎ","Ｊｏｓｈｉｎ","Joshin Corporation","国内","","株式","プライム","小売業","100","1985-12-18","","1950-02-02","大阪府","03月31日","09月30日",""
"2026-05-25","81740","日本瓦斯","日瓦斯","NIPPON GAS CO.,LTD.","国内","","株式","プライム","小売業","100","1973-02-01","","1947-05-09","東京都","03月31日","09月30日",""
"2026-05-25","81790","ロイヤルホールディングス","ロイヤルＨＤ","ROYAL HOLDINGS Co., Ltd.","国内","","株式","プライム","小売業","100","1981-08-10","","1950-04-04","福岡県","12月31日","06月30日",""
"2026-05-25","81810","東天紅","東天紅","Totenko Co.,Ltd.","国内","","株式","スタンダード","小売業","100","1978-10-02","","1948-09-07","東京都","02月末日","08月31日",""
"2026-05-25","81850","チヨダ","チヨダ","CHIYODA CO.,LTD.","国内","","株式","プライム","小売業","100","1985-07-12","","1948-06-04","東京都","02月末日","08月31日",""
"2026-05-25","81940","ライフコーポレーション","ライフコーポ","LIFE CORPORATION","国内","","株式","プライム","小売業","100","1983-11-01","","1941-02-22","大阪府","02月末日","08月31日",""
"2026-05-25","81980","マックスバリュ東海","ＭＶ東海","Maxvalu Tokai Co.,Ltd.","国内","","株式","スタンダード","小売業","100","2004-07-30","","1948-06-03","静岡県","02月末日","08月31日",""
"2026-05-25","82000","リンガーハット","リンガーハット","RINGER HUT CO.,LTD.","国内","","株式","プライム","小売業","100","1998-07-07","","1970-06-13","東京都","02月末日","08月31日",""
"2026-05-25","82020","ラオックスホールディングス","ラオックスＨＤ","Laox Holdings CO.,LTD.","国内","","株式","スタンダード","小売業","100","1999-12-16","","1976-09-27","東京都","12月31日","06月30日",""
"2026-05-25","82030","ＭｒＭａｘＨＤ","ＭｒＭａｘＨＤ","MrMax Holdings Ltd.","国内","","株式","プライム","小売業","100","1994-12-16","","1950-12-08","福岡県","02月末日","08月31日",""
"2026-05-25","82070","テンアライド","テンアライド","TEN ALLIED Co.,Ltd.","国内","","株式","スタンダード","小売業","100","1992-12-17","","1969-12-20","東京都","03月31日","09月30日",""
"2026-05-25","82080","エンチョー","エンチョー","ENCHO CO.,LTD.","国内","","株式","上場廃止","小売業","100","2013-07-16","2025-08-28","1950-09-29","静岡県","03月31日","09月30日",""
"2026-05-25","82090","フレンドリー","フレンドリー","FRIENDLY CORPORATION","国内","","株式","上場廃止","小売業","100","2013-07-16","2026-04-27","1947-11-24","大阪府","03月31日","09月30日",""
"2026-05-25","82140","ＡＯＫＩホールディングス","ＡＯＫＩ　ＨＤ","AOKI Holdings Inc.","国内","","株式","プライム","小売業","100","1989-05-30","","1976-08-21","神奈川県","03月31日","09月30日",""
"2026-05-25","82170","オークワ","オークワ","OKUWA CO.,LTD.","国内","","株式","プライム","小売業","100","2001-03-07","","1969-02-21","和歌山県","02月20日","08月20日",""
"2026-05-25","82180","コメリ","コメリ","KOMERI CO.,LTD.","国内","","株式","プライム","小売業","100","1994-09-01","","1962-07-02","新潟県","03月31日","09月30日",""
"2026-05-25","82190","青山商事","青山商","AOYAMA TRADING Co.,Ltd.","国内","","株式","プライム","小売業","100","1990-12-12","","1964-05-06","広島県","03月31日","09月30日",""
"2026-05-25","82250","タカチホ","タカチホ","Takachiho Co.,Ltd.","国内","","株式","スタンダード","卸売業","100","2013-07-16","","1949-02-28","長野県","03月31日","09月30日",""
"2026-05-25","82260","理経","理経","RIKEI CORPORATION","国内","","株式","スタンダード","卸売業","100","1988-12-19","","1957-06-08","東京都","03月31日","09月30日",""
"2026-05-25","82270","しまむら","しまむら","SHIMAMURA Co.,Ltd.","国内","","株式","プライム","小売業","100","1988-12-23","","1953-05-07","埼玉県","02月20日","08月20日",""
"2026-05-25","82300","はせがわ","はせがわ","HASEGAWA CO.,LTD.","国内","","株式","スタンダード","小売業","100","2012-03-29","","1947-06-11","福岡県","03月31日","09月30日",""
"2026-05-25","82330","高島屋","高島屋","Takashimaya Company,Limited","国内","","株式","プライム","小売業","100","1949-05-16","","1919-08-20","大阪府","02月末日","08月31日",""
"2026-05-25","82370","松屋","松屋","MATSUYA CO.,LTD.","国内","","株式","プライム","小売業","100","1961-10-02","","1919-03-01","東京都","02月末日","08月31日",""
"2026-05-25","82420","エイチ・ツー・オー　リテイリング","Ｈ２Ｏリテイル","H2O RETAILING CORPORATION","国内","","株式","プライム","小売業","100","1962-09-21","","1947-03-07","大阪府","03月31日","09月30日",""
"2026-05-25","82440","近鉄百貨店","近鉄百貨店","Kintetsu Department Store CO.,Ltd.","国内","","株式","スタンダード","小売業","100","2013-07-16","","1934-09-29","大阪府","02月末日","08月31日",""
"2026-05-25","82470","大和","大和","Daiwa Co.,Ltd.","国内","","株式","スタンダード","小売業","100","2000-03-01","","1943-12-21","石川県","02月末日","08月31日",""
"2026-05-25","82520","丸井グループ","丸井Ｇ","MARUI GROUP CO.,LTD.","国内","","株式","プライム","小売業","100","1963-04-01","","1937-03-30","東京都","03月31日","09月30日",""
"2026-05-25","82530","クレディセゾン","クレセゾン","Credit Saison Co.,Ltd.","国内","","株式","プライム","その他金融業","100","1963-07-02","","1951-05-01","東京都","03月31日","09月30日",""
"2026-05-25","82540","さいか屋","さいか屋","Saikaya Department Store Co.,Ltd.","国内","","株式","スタンダード","小売業","100","1964-08-10","","1950-11-18","神奈川県","08月31日","02月末日",""
"2026-05-25","82550","アクシアル　リテイリング","アクシアル","Axial Retailing Inc.","国内","","株式","プライム","小売業","100","2000-03-01","","1967-08-01","新潟県","03月31日","09月30日",""
"2026-05-25","82600","井筒屋","井筒屋","IZUTSUYA CO.,LTD.","国内","","株式","スタンダード","小売業","100","1972-09-01","","1935-07-18","福岡県","02月末日","08月31日",""
"2026-05-25","82670","イオン","イオン","AEON CO.,LTD.","国内","","株式","プライム","小売業","100","1974-09-10","","1926-09-21","千葉県","02月末日","08月31日",""
"2026-05-25","82730","イズミ","イズミ","IZUMI CO.,LTD.","国内","","株式","プライム","小売業","100","1987-12-07","","1942-05-15","広島県","02月末日","08月31日",""
"2026-05-25","82750","フォーバル","フォーバル","FORVAL CORPORATION","国内","","株式","スタンダード","卸売業","100","2013-07-16","","1980-09-18","東京都","03月31日","09月30日",""
"2026-05-25","82760","平和堂","平和堂","HEIWADO CO.,LTD.","国内","","株式","プライム","小売業","100","1990-11-26","","1948-12-25","滋賀県","02月20日","08月20日",""
"2026-05-25","82780","フジ","フジ","FUJI CO.,LTD.","国内","","株式","プライム","小売業","100","1997-08-01","","1950-04-21","広島県","02月末日","08月31日",""
"2026-05-25","82790","ヤオコー","ヤオコー","YAOKO CO.,LTD.","国内","","株式","上場廃止","小売業","100","1993-11-02","2025-09-29","1957-07-09","埼玉県","03月31日","09月30日",""
"2026-05-25","82810","ゼビオホールディングス","ゼビオＨＤ","XEBIO holdings CO.,LTD.","国内","","株式","プライム","小売業","100","1990-05-11","","1973-07-05","福島県","03月31日","09月30日",""
"2026-05-25","82820","ケーズホールディングス","ケーズＨＤ","K'S HOLDINGS CORPORATION","国内","","株式","プライム","小売業","100","2001-02-20","","1980-09-20","茨城県","03月31日","09月30日",""
"2026-05-25","82830","ＰＡＬＴＡＣ","ＰＡＬＴＡＣ","PALTAC CORPORATION","国内","","株式","プライム","卸売業","100","2010-03-18","","1928-12-22","大阪府","03月31日","09月30日",""
"2026-05-25","82850","三谷産業","三谷産業","MITANI SANGYO CO.,LTD.","国内","","株式","スタンダード","卸売業","100","2014-02-17","","1949-08-11","石川県","03月31日","09月30日",""
"2026-05-25","82890","Ｏｌｙｍｐｉｃグループ","ＯｌｙｍｐｉｃＧ","Olympic Group Corporation","国内","","株式","スタンダード","小売業","100","1996-12-24","","1973-02-22","東京都","02月末日","08月31日",""
"2026-05-25","82910","日産東京販売ホールディングス","日産東ＨＤ","NISSAN TOKYO SALES HOLDINGS CO.,LTD.","国内","","株式","スタンダード","小売業","100","1957-10-01","","1942-11-16","東京都","03月31日","09月30日",""
"2026-05-25","83040","あおぞら銀行","あおぞら","Aozora Bank,Ltd.","国内","","株式","プライム","銀行業","100","2006-11-14","","1957-04-01","東京都","03月31日","09月30日",""
"2026-05-25","83060","三菱ＵＦＪフィナンシャル・グループ","三菱ＵＦＪ","Mitsubishi UFJ Financial Group,Inc.","国内","","株式","プライム","銀行業","100","2001-04-01","","2001-04-02","東京都","03月31日","09月30日",""
"2026-05-25","83080","りそなホールディングス","りそなＨＤ","Resona Holdings, Inc.","国内","","株式","プライム","銀行業","100","2001-12-11","","2001-12-12","東京都","03月31日","09月30日",""
"2026-05-25","83090","三井住友トラストグループ","三井住友トラストＧ","Sumitomo Mitsui Trust Group,Inc.","国内","","株式","プライム","銀行業","100","2002-01-31","","2002-02-01","東京都","03月31日","09月30日",""
"2026-05-25","83160","三井住友フィナンシャルグループ","三井住友","Sumitomo Mitsui Financial Group,Inc.","国内","","株式","プライム","銀行業","100","2002-12-01","","2002-12-02","東京都","03月31日","09月30日",""
"2026-05-25","83310","千葉銀行","千葉銀","The Chiba Bank,Ltd.","国内","","株式","プライム","銀行業","100","1970-10-01","","1943-03-31","千葉県","03月31日","09月30日",""
"2026-05-25","83340","群馬銀行","群馬銀","The Gunma Bank,Ltd.","国内","","株式","プライム","銀行業","100","1969-04-01","","1932-09-12","群馬県","03月31日","09月30日",""
"2026-05-25","83360","武蔵野銀行","武蔵野銀","The Musashino Bank,Ltd.","国内","","株式","プライム","銀行業","100","1969-10-01","","1952-03-06","埼玉県","03月31日","09月30日",""
"2026-05-25","83370","千葉興業銀行","千葉興銀","The Chiba Kogyo Bank,Ltd.","国内","","株式","プライム","銀行業","100","1972-09-01","","1952-01-18","千葉県","03月31日","09月30日",""
"2026-05-25","83380","筑波銀行","筑波銀行","Tsukuba Bank,Ltd.","国内","","株式","プライム","銀行業","100","1974-04-13","","1952-09-15","茨城県","03月31日","09月30日",""
"2026-05-25","83410","七十七銀行","七十七銀","The 77 Bank,Ltd.","国内","","株式","プライム","銀行業","100","1972-10-02","","1932-01-31","宮城県","03月31日","09月30日",""
"2026-05-25","83430","秋田銀行","秋田銀","THE AKITA BANK,LTD.","国内","","株式","プライム","銀行業","100","1973-04-02","","1941-10-20","秋田県","03月31日","09月30日",""
"2026-05-25","83440","山形銀行","山形銀","The Yamagata Bank,Ltd.","国内","","株式","プライム","銀行業","100","1973-10-15","","1896-05-04","山形県","03月31日","09月30日",""
"2026-05-25","83450","岩手銀行","岩手銀","The Bank of Iwate,Ltd.","国内","","株式","プライム","銀行業","100","1973-04-02","","1932-05-02","岩手県","03月31日","09月30日",""
"2026-05-25","83460","東邦銀行","東邦銀","The Toho Bank,Ltd.","国内","","株式","プライム","銀行業","100","1973-04-02","","1941-11-04","福島県","03月31日","09月30日",""
"2026-05-25","83490","東北銀行","東北銀","THE TOHOKU BANK,LTD.","国内","","株式","スタンダード","銀行業","100","1997-03-14","","1950-10-07","岩手県","03月31日","09月30日",""
"2026-05-25","83540","ふくおかフィナンシャルグループ","ふくおか","Fukuoka Financial Group,Inc.","国内","","株式","プライム","銀行業","100","2007-04-02","","2007-04-02","福岡県","03月31日","09月30日",""
"2026-05-25","83580","スルガ銀行","スルガ銀","Suruga Bank Ltd.","国内","","株式","プライム","銀行業","100","1963-11-15","","1895-10-19","静岡県","03月31日","09月30日",""
"2026-05-25","83590","八十二長野銀行","八十二長野銀行","Hachijuni Nagano Bank,Ltd.","国内","","株式","プライム","銀行業","100","1971-10-01","","1931-08-01","長野県","03月31日","09月30日",""
"2026-05-25","83600","山梨中央銀行","山梨中銀","The Yamanashi Chuo Bank,Ltd.","国内","","株式","プライム","銀行業","100","1972-10-02","","1941-12-01","山梨県","03月31日","09月30日",""
"2026-05-25","83610","大垣共立銀行","大垣銀","The Ogaki Kyoritsu Bank,Ltd.","国内","","株式","プライム","銀行業","100","1973-10-11","","1896-03-09","岐阜県","03月31日","09月30日",""
"2026-05-25","83620","福井銀行","福井銀","The Fukui Bank,Ltd.","国内","","株式","プライム","銀行業","100","1972-10-02","","1899-12-19","福井県","03月31日","09月30日",""
"2026-05-25","83640","清水銀行","清水銀","THE SHIMIZU BANK,LTD.","国内","","株式","プライム","銀行業","100","1983-10-26","","1928-07-01","静岡県","03月31日","09月30日",""
"2026-05-25","83650","富山銀行","富山銀行","The Bank of Toyama,Ltd.","国内","","株式","スタンダード","銀行業","100","2014-10-02","","1954-01-16","富山県","03月31日","09月30日",""
"2026-05-25","83660","滋賀銀行","滋賀銀","THE SHIGA BANK,LTD.","国内","","株式","プライム","銀行業","100","1987-10-01","","1933-10-01","滋賀県","03月31日","09月30日",""
"2026-05-25","83670","南都銀行","南都銀","The Nanto Bank,Ltd.","国内","","株式","プライム","銀行業","100","1987-12-01","","1934-06-01","奈良県","03月31日","09月30日",""
"2026-05-25","83680","百五銀行","百五銀","The Hyakugo Bank,Ltd.","国内","","株式","プライム","銀行業","100","1973-04-02","","1878-12-04","三重県","03月31日","09月30日",""
"2026-05-25","83700","紀陽銀行","紀陽銀行","The Kiyo Bank,Ltd.","国内","","株式","プライム","銀行業","100","2013-10-01","","1895-05-02","和歌山県","03月31日","09月30日",""
"2026-05-25","83770","ほくほくフィナンシャルグループ","ほくほく","Hokuhoku Financial Group, Inc.","国内","","株式","プライム","銀行業","100","2003-09-26","","2003-09-26","富山県","03月31日","09月30日",""
"2026-05-25","83810","山陰合同銀行","山陰合銀","The San-in Godo Bank,Ltd.","国内","","株式","プライム","銀行業","100","1985-10-01","","1941-07-01","島根県","03月31日","09月30日",""
"2026-05-25","83830","鳥取銀行","鳥取銀","THE TOTTORI BANK,LTD.","国内","","株式","スタンダード","銀行業","100","2000-03-01","","1921-12-15","鳥取県","03月31日","09月30日",""
"2026-05-25","83860","百十四銀行","百十四銀","The Hyakujushi Bank,Ltd.","国内","","株式","プライム","銀行業","100","1972-10-02","","1924-03-30","香川県","03月31日","09月30日",""
"2026-05-25","83870","四国銀行","四国銀","The Shikoku Bank, Ltd.","国内","","株式","プライム","銀行業","100","1973-04-02","","1878-10-17","高知県","03月31日","09月30日",""
"2026-05-25","83880","阿波銀行","阿波銀","The Awa Bank,Ltd.","国内","","株式","プライム","銀行業","100","1973-04-02","","1896-06-19","徳島県","03月31日","09月30日",""
"2026-05-25","83920","大分銀行","大分銀","THE OITA BANK,LTD.","国内","","株式","プライム","銀行業","100","1973-04-02","","1894-02-15","大分県","03月31日","09月30日",""
"2026-05-25","83930","宮崎銀行","宮崎銀","The Miyazaki Bank,Ltd.","国内","","株式","プライム","銀行業","100","1986-10-01","","1932-07-08","宮崎県","03月31日","09月30日",""
"2026-05-25","83950","佐賀銀行","佐賀銀","THE BANK OF SAGA LTD.","国内","","株式","プライム","銀行業","100","1985-10-01","","1955-07-11","佐賀県","03月31日","09月30日",""
"2026-05-25","83990","琉球銀行","琉球銀","Bank of The Ryukyus,Limited","国内","","株式","プライム","銀行業","100","1983-10-11","","1948-05-01","沖縄県","03月31日","09月30日",""
"2026-05-25","84100","セブン銀行","セブン銀行","Seven Bank,Ltd.","国内","","株式","プライム","銀行業","100","2011-12-26","","2001-04-10","東京都","03月31日","09月30日",""
"2026-05-25","84110","みずほフィナンシャルグループ","みずほ","Mizuho Financial Group,Inc.","国内","","株式","プライム","銀行業","100","2003-03-12","","2003-01-08","東京都","03月31日","09月30日",""
"2026-05-25","84160","高知銀行","高知銀行","THE BANK OF KOCHI,LTD.","国内","","株式","スタンダード","銀行業","100","2006-03-01","","1930-01-20","高知県","03月31日","09月30日",""
"2026-05-25","84180","山口フィナンシャルグループ","山口ＦＧ","Yamaguchi Financial Group,Inc.","国内","","株式","プライム","銀行業","100","2006-10-02","","2006-10-02","山口県","03月31日","09月30日",""
"2026-05-25","84210","信金中央金庫","Ｙ－信中金","Shinkin Central Bank","国内","","優先出資証券","その他","","1","2000-12-22","","1950-05-29","東京都","03月31日","09月30日",""
"2026-05-25","84240","芙蓉総合リース","芙蓉リース","Fuyo General Lease Co.,Ltd.","国内","","株式","プライム","その他金融業","100","2004-12-07","","1969-05-01","東京都","03月31日","09月30日",""
"2026-05-25","84250","みずほリース","みずほリース","Mizuho Leasing Company,Limited","国内","","株式","プライム","その他金融業","100","2004-10-07","","1947-12-13","東京都","03月31日","09月30日",""
"2026-05-25","84390","東京センチュリー","東京センチュリー","Tokyo Century Corporation","国内","","株式","プライム","その他金融業","100","2003-09-18","","1969-07-01","東京都","03月31日","09月30日",""
"2026-05-25","84730","ＳＢＩホールディングス","ＳＢＩ","SBI Holdings,Inc.","国内","","株式","プライム","証券、商品先物取引業","100","2002-02-15","","1999-07-08","東京都","03月31日","09月30日",""
"2026-05-25","85080","Ｊトラスト","Ｊトラスト","J Trust Co.,Ltd.","国内","","株式","スタンダード","その他金融業","100","2013-07-16","","1977-03-18","東京都","12月31日","06月30日",""
"2026-05-25","85110","日本証券金融","日証金","Japan Securities Finance Co.,Ltd.","国内","","株式","プライム","その他金融業","100","1950-04-24","","1927-07-08","東京都","03月31日","09月30日",""
"2026-05-25","85150","アイフル","アイフル","AIFUL CORPORATION","国内","","株式","上場廃止","その他金融業","100","1998-10-01","2026-03-30","1978-02-01","京都府","03月31日","09月30日",""
"2026-05-25","85180","日本アジア投資","アジア投資","Japan Asia Investment Company,Limited","国内","","株式","スタンダード","証券、商品先物取引業","100","2008-06-16","","1972-04-10","東京都","03月31日","09月30日",""
"2026-05-25","85220","名古屋銀行","名古屋銀","The Bank of Nagoya,Ltd.","国内","","株式","プライム","銀行業","100","1988-11-16","","1949-02-24","愛知県","03月31日","09月30日",""
"2026-05-25","85240","北洋銀行","北洋銀行","North Pacific Bank,Ltd.","国内","","株式","プライム","銀行業","100","2012-10-01","","1917-08-20","北海道","03月31日","09月30日",""
"2026-05-25","85370","大光銀行","大光銀","THE TAIKO BANK,LTD.","国内","","株式","スタンダード","銀行業","100","2008-02-25","","1942-03-10","新潟県","03月31日","09月30日",""
"2026-05-25","85410","愛媛銀行","愛媛銀","The Ehime Bank,Ltd.","国内","","株式","プライム","銀行業","100","1985-12-02","","1943-03-20","愛媛県","03月31日","09月30日",""
"2026-05-25","85420","トマト銀行","トマト銀","TOMATO BANK,LTD.","国内","","株式","スタンダード","銀行業","100","2000-03-01","","1931-11-09","岡山県","03月31日","09月30日",""
"2026-05-25","85440","京葉銀行","京葉銀","The Keiyo Bank,Ltd.","国内","","株式","プライム","銀行業","100","1973-04-02","","1943-03-31","千葉県","03月31日","09月30日",""
"2026-05-25","85500","栃木銀行","栃木銀","THE TOCHIGI BANK,LTD.","国内","","株式","プライム","銀行業","100","1982-10-01","","1942-12-10","栃木県","03月31日","09月30日",""
"2026-05-25","85510","北日本銀行","北日本銀","The Kita-Nippon Bank,Ltd.","国内","","株式","プライム","銀行業","100","1982-12-15","","1942-02-02","岩手県","03月31日","09月30日",""
"2026-05-25","85580","東和銀行","東和銀","THE TOWA BANK,LTD.","国内","","株式","プライム","銀行業","100","1990-02-01","","1942-09-30","群馬県","03月31日","09月30日",""
"2026-05-25","85620","福島銀行","福島銀","THE FUKUSHIMA BANK,LTD.","国内","","株式","スタンダード","銀行業","100","1992-10-22","","1922-11-27","福島県","03月31日","09月30日",""
"2026-05-25","85630","大東銀行","大東銀","THE DAITO BANK,LTD.","国内","","株式","スタンダード","銀行業","100","1992-12-10","","1942-08-18","福島県","03月31日","09月30日",""
"2026-05-25","85660","リコーリース","リコーリース","RICOH LEASING COMPANY,LTD.","国内","","株式","プライム","その他金融業","100","1996-01-30","","1976-12-21","東京都","03月31日","09月30日",""
"2026-05-25","85700","イオンフィナンシャルサービス","イオンＦＳ","AEON Financial Service Co.,Ltd.","国内","","株式","プライム","その他金融業","100","1996-12-02","","1981-06-20","東京都","02月末日","08月31日",""
"2026-05-25","85720","アコム","アコム","ACOM CO.,LTD.","国内","","株式","スタンダード","その他金融業","100","1994-12-15","","1978-10-23","東京都","03月31日","09月30日",""
"2026-05-25","85840","ジャックス","ジャックス","JACCS CO.,LTD.","国内","","株式","プライム","その他金融業","100","1976-11-04","","1948-12-23","東京都","03月31日","09月30日",""
"2026-05-25","85850","オリエントコーポレーション","オリコ","Orient Corporation","国内","","株式","プライム","その他金融業","100","1977-10-01","","1951-03-15","東京都","03月31日","09月30日",""
"2026-05-25","85910","オリックス","オリックス","ORIX CORPORATION","国内","","株式","プライム","その他金融業","100","1971-04-10","","1950-03-28","東京都","03月31日","09月30日",""
"2026-05-25","85930","三菱ＨＣキャピタル","三菱ＨＣキャピタル","Mitsubishi HC Capital Inc.","国内","","株式","プライム","その他金融業","100","1985-03-18","","1971-04-12","東京都","03月31日","09月30日",""
"2026-05-25","85950","ジャフコ　グループ","ジャフコ　グループ","JAFCO Group Co.,Ltd.","国内","","株式","プライム","証券、商品先物取引業","100","2001-01-29","","1973-04-05","東京都","03月31日","09月30日",""
"2026-05-25","85960","九州リースサービス","九州リースサービス","KYUSHU LEASING SERVICE CO.,LTD.","国内","","株式","スタンダード","その他金融業","100","2016-11-25","","1974-11-01","福岡県","03月31日","09月30日",""
"2026-05-25","86000","トモニホールディングス","トモニＨＤ","TOMONY Holdings,Inc.","国内","","株式","プライム","銀行業","100","2010-04-01","","2010-04-01","香川県","03月31日","09月30日",""
"2026-05-25","86010","大和証券グループ本社","大和証Ｇ","Daiwa Securities Group Inc.","国内","","株式","プライム","証券、商品先物取引業","100","1961-10-02","","1943-12-27","東京都","03月31日","09月30日",""
"2026-05-25","86040","野村ホールディングス","野村","Nomura Holdings, Inc.","国内","","株式","プライム","証券、商品先物取引業","100","1961-10-02","","1925-12-25","東京都","03月31日","09月30日",""
"2026-05-25","86090","岡三証券グループ","岡三","OKASAN SECURITIES GROUP INC.","国内","","株式","プライム","証券、商品先物取引業","100","1973-06-01","","1944-08-25","東京都","03月31日","09月30日",""
"2026-05-25","86130","丸三証券","丸三証","Marusan Securities Co.,Ltd.","国内","","株式","プライム","証券、商品先物取引業","100","1986-05-01","","1933-06-15","東京都","03月31日","09月30日",""
"2026-05-25","86140","東洋証券","東洋証","TOYO SECURITIES CO.,LTD.","国内","","株式","プライム","証券、商品先物取引業","100","1986-06-03","","1934-04-01","東京都","03月31日","09月30日",""
"2026-05-25","86160","東海東京フィナンシャル・ホールディングス","東海東京","Tokai Tokyo Financial Holdings,Inc.","国内","","株式","プライム","証券、商品先物取引業","100","1987-06-01","","1929-06-19","東京都","03月31日","09月30日",""
"2026-05-25","86170","光世証券","光世証","The Kosei Securities Co.,Ltd.","国内","","株式","スタンダード","証券、商品先物取引業","100","1991-02-25","","1961-04-21","大阪府","03月31日","09月30日",""
"2026-05-25","86220","水戸証券","水戸証","Mito Securities Co.,Ltd.","国内","","株式","プライム","証券、商品先物取引業","100","1989-04-21","","1947-09-12","東京都","03月31日","09月30日",""
"2026-05-25","86240","いちよし証券","いちよし","Ichiyoshi Securities Co.,Ltd.","国内","","株式","プライム","証券、商品先物取引業","100","1989-04-27","","1944-05-29","東京都","03月31日","09月30日",""
"2026-05-25","86280","松井証券","松井証","MATSUI SECURITIES CO.,LTD.","国内","","株式","プライム","証券、商品先物取引業","100","2001-08-01","","1931-03-20","東京都","03月31日","09月30日",""
"2026-05-25","86300","ＳＯＭＰＯホールディングス","ＳＯＭＰＯＨＤ","Sompo Holdings,Inc.","国内","","株式","プライム","保険業","100","2010-04-01","","2010-04-01","東京都","03月31日","09月30日",""
"2026-05-25","86970","日本取引所グループ","ＪＰＸ","Japan Exchange Group,Inc.","国内","","株式","プライム","その他金融業","100","2013-01-04","","1949-04-01","東京都","03月31日","09月30日",""
"2026-05-25","86980","マネックスグループ","マネックスＧ","Monex Group,Inc.","国内","","株式","プライム","証券、商品先物取引業","100","2004-08-02","","2004-08-02","東京都","03月31日","09月30日",""
"2026-05-25","86990","ＨＳホールディングス","ＨＳＨＤ","HS Holdings Co.,Ltd.","国内","","株式","スタンダード","証券、商品先物取引業","100","2013-07-16","","1958-01-21","東京都","03月31日","09月30日",""
"2026-05-25","87000","丸八証券","丸八証券","Maruhachi Securities Co.,Ltd.","国内","","株式","スタンダード","証券、商品先物取引業","100","2013-07-16","","1944-03-30","愛知県","03月31日","09月30日",""
"2026-05-25","87040","トレイダーズホールディングス","トレイダーズＨＤ","TRADERS HOLDINGS CO.,LTD.","国内","","株式","スタンダード","証券、商品先物取引業","100","2013-07-16","","1999-11-05","東京都","03月31日","09月30日",""
"2026-05-25","87050","日産証券グループ","日産証券グループ","Nissan Securities Group Co.,Ltd.","国内","","株式","スタンダード","証券、商品先物取引業","100","2013-07-16","","2005-04-01","東京都","03月31日","09月30日",""
"2026-05-25","87060","極東証券","極東証券","KYOKUTO SECURITIES CO.,LTD.","国内","","株式","プライム","証券、商品先物取引業","100","2005-04-20","","1947-03-13","東京都","03月31日","09月30日",""
"2026-05-25","87070","岩井コスモホールディングス","岩井コスモ","IwaiCosmo Holdings,Inc.","国内","","株式","プライム","証券、商品先物取引業","100","2006-02-08","","1944-07-04","大阪府","03月31日","09月30日",""
"2026-05-25","87080","アイザワ証券グループ","アイザワ証Ｇ","AIZAWA SECURITIES GROUP CO.,LTD.","国内","","株式","プライム","証券、商品先物取引業","100","2013-07-16","","1933-10-03","東京都","03月31日","09月30日",""
"2026-05-25","87130","フィデアホールディングス","フィデアＨＤ","FIDEA Holdings Co.Ltd.","国内","","株式","プライム","銀行業","100","2009-10-01","","2009-10-01","宮城県","03月31日","09月30日",""
"2026-05-25","87140","池田泉州ホールディングス","池田泉州","Senshu Ikeda Holdings,Inc.","国内","","株式","プライム","銀行業","100","2009-10-01","","2009-10-01","大阪府","03月31日","09月30日",""
"2026-05-25","87150","アニコム　ホールディングス","アニコム　ＨＤ","Anicom Holdings,Inc.","国内","","株式","プライム","保険業","100","2010-03-03","","2000-07-05","東京都","03月31日","09月30日",""
"2026-05-25","87250","ＭＳ＆ＡＤインシュアランスグループホールディングス","ＭＳ＆ＡＤ","MS&AD Insurance Group Holdings,Inc.","国内","","株式","プライム","保険業","100","2008-04-01","","2008-04-01","東京都","03月31日","09月30日",""
"2026-05-25","87370","あかつき本社","あかつき本社","Akatsuki Corp.","国内","","株式","スタンダード","証券、商品先物取引業","100","2013-07-16","","1950-09-14","東京都","03月31日","09月30日",""
"2026-05-25","87390","スパークス・グループ","スパークス","SPARX Group Co.,Ltd.","国内","","株式","プライム","証券、商品先物取引業","100","2013-07-16","","1988-06-20","東京都","03月31日","09月30日",""
"2026-05-25","87420","小林洋行","小林洋行","KOBAYASHI YOKO CO.,LTD.","国内","","株式","スタンダード","証券、商品先物取引業","100","2000-03-15","","1949-03-26","東京都","03月31日","09月30日",""
"2026-05-25","87460","ｕｎｂａｎｋｅｄ","ｕｎｂａｎｋｅｄ","unbanked inc.","国内","","株式","スタンダード","証券、商品先物取引業","100","2013-07-16","","1972-11-08","東京都","03月31日","09月30日",""
"2026-05-25","87470","豊トラスティ証券","豊トラスティ証券","YUTAKA TRUSTY SECURITIES CO.,LTD.","国内","","株式","スタンダード","証券、商品先物取引業","100","2013-07-16","","1957-01-17","東京都","03月31日","09月30日",""
"2026-05-25","87500","第一ライフグループ","第一ライフグループ","Daiichi Life Group,Inc.","国内","","株式","プライム","保険業","100","2010-04-01","","1902-09-15","東京都","03月31日","09月30日",""
"2026-05-25","87660","東京海上ホールディングス","東京海上","Tokio Marine Holdings,Inc.","国内","","株式","プライム","保険業","100","2002-04-01","","2002-04-02","東京都","03月31日","09月30日",""
"2026-05-25","87690","アドバンテッジリスクマネジメント","ＡＲＭ","Advantage Risk Management Co.,Ltd.","国内","","株式","スタンダード","サービス業","100","2013-07-16","","1999-03-01","東京都","03月31日","09月30日",""
"2026-05-25","87710","イー・ギャランティ","Ｅギャランティ","eGuarantee,Inc.","国内","","株式","プライム","その他金融業","100","2011-12-16","","2000-09-08","東京都","03月31日","09月30日",""
"2026-05-25","87720","アサックス","アサックス","ASAX CO.,LTD.","国内","","株式","スタンダード","その他金融業","100","2007-02-14","","1969-07-09","東京都","03月31日","09月30日",""
"2026-05-25","87830","ａｂｃ","ａｂｃ","abc Co.,Ltd.","国内","","株式","スタンダード","その他金融業","100","2013-07-16","","2002-01-08","東京都","08月31日","02月末日",""
"2026-05-25","87890","フィンテック　グローバル","フィンテック","FinTech Global Incorporated","国内","","株式","スタンダード","その他金融業","100","2005-06-08","","1994-12-07","東京都","09月30日","03月31日",""
"2026-05-25","87930","ＮＥＣキャピタルソリューション","ＮＥＣキャピ","NEC Capital Solutions Limited","国内","","株式","プライム","その他金融業","100","2005-02-10","","1970-09-07","東京都","03月31日","09月30日",""
"2026-05-25","87950","Ｔ＆Ｄホールディングス","Ｔ＆ＤＨＤ","T&D Holdings, Inc.","国内","","株式","プライム","保険業","100","2004-04-01","","2004-04-01","東京都","03月31日","09月30日",""
"2026-05-25","87980","アドバンスクリエイト","アドバンスクリエイト","Advance Create Co.,Ltd.","国内","","株式","プライム","保険業","100","2013-07-16","","1995-10-04","大阪府","09月30日","03月31日",""
"2026-05-25","88010","三井不動産","三井不","Mitsui Fudosan Co.,Ltd.","国内","","株式","プライム","不動産業","100","1949-05-30","","1941-07-15","東京都","03月31日","09月30日",""
"2026-05-25","88020","三菱地所","三菱地所","Mitsubishi Estate Company,Limited","国内","","株式","プライム","不動産業","100","1953-05-11","","1937-05-07","東京都","03月31日","09月30日",""
"2026-05-25","88030","平和不動産","平和不","HEIWA REAL ESTATE CO.,LTD.","国内","","株式","プライム","不動産業","100","1949-05-16","","1947-07-01","東京都","03月31日","09月30日",""
"2026-05-25","88040","東京建物","東建物","Tokyo Tatemono Co.,Ltd.","国内","","株式","プライム","不動産業","100","1949-05-16","","1896-08-25","東京都","12月31日","06月30日",""
"2026-05-25","88180","京阪神ビルディング","京阪神ビ","Keihanshin Building Co.,Ltd.","国内","","株式","プライム","不動産業","100","2003-03-24","","1948-12-24","大阪府","03月31日","09月30日",""
"2026-05-25","88300","住友不動産","住友不","Sumitomo Realty & Development Co.,Ltd.","国内","","株式","プライム","不動産業","100","1970-10-01","","1949-12-01","東京都","03月31日","09月30日",""
"2026-05-25","88350","太平洋興発","太平洋発","TAIHEIYO KOUHATSU INCORPORATED","国内","","株式","スタンダード","卸売業","100","1949-05-16","","1920-04-22","東京都","03月31日","09月30日",""
"2026-05-25","88360","ＲＩＳＥ","ＲＩＳＥ","RISE Inc.","国内","","株式","スタンダード","不動産業","100","2013-07-16","","1947-02-26","東京都","03月31日","09月30日",""
"2026-05-25","88410","テーオーシー","テーオーシー","TOC Co.,Ltd.","国内","","株式","スタンダード","不動産業","100","1983-12-19","","1926-04-03","東京都","03月31日","09月30日",""
"2026-05-25","88440","コスモスイニシア","コスモスイニシア","COSMOS INITIA Co.,Ltd.","国内","","株式","スタンダード","不動産業","100","2013-07-16","","1969-06-20","東京都","03月31日","09月30日",""
"2026-05-25","88480","レオパレス２１","レオパレス２１","LEOPALACE21 CORPORATION","国内","","株式","プライム","不動産業","100","2004-03-25","","1973-08-17","東京都","03月31日","09月30日",""
"2026-05-25","88500","スターツコーポレーション","スターツ","STARTS CORPORATION INC.","国内","","株式","プライム","不動産業","100","2013-07-16","","1972-09-30","東京都","03月31日","09月30日",""
"2026-05-25","88600","フジ住宅","フジ住宅","FUJI CORPORATION LIMITED","国内","","株式","プライム","不動産業","100","2003-12-12","","1974-04-19","大阪府","03月31日","09月30日",""
"2026-05-25","88640","空港施設","空港施設","AIRPORT FACILITIES Co.,LTD.","国内","","株式","スタンダード","不動産業","100","1995-12-21","","1970-02-06","東京都","03月31日","09月30日",""
"2026-05-25","88690","明和地所","明和地所","Meiwa Estate Company Limited","国内","","株式","スタンダード","不動産業","100","1996-09-18","","1942-12-21","東京都","03月31日","09月30日",""
"2026-05-25","88710","ゴールドクレスト","ゴールドクレ","GOLDCREST Co.,Ltd.","国内","","株式","スタンダード","不動産業","100","1999-07-23","","1968-01-17","東京都","03月31日","09月30日",""
"2026-05-25","88760","リログループ","リログループ","Relo Group,Inc.","国内","","株式","プライム","サービス業","100","2010-06-14","","1967-03-15","東京都","03月31日","09月30日",""
"2026-05-25","88770","エスリード","エスリード","ESLEAD CORPORATION","国内","","株式","プライム","不動産業","100","2001-11-16","","1968-10-24","大阪府","03月31日","09月30日",""
"2026-05-25","88810","日神グループホールディングス","日神グループＨＤ","NISSHIN GROUP HOLDINGS Company,Limited","国内","","株式","プライム","不動産業","100","2000-06-27","","1975-03-05","東京都","03月31日","09月30日",""
"2026-05-25","88860","ウッドフレンズ","ウッドフレンス","WOOD FRIENDS CO.,Ltd.","国内","","株式","上場廃止","不動産業","100","2013-07-16","2025-07-11","1982-11-26","愛知県","05月31日","11月30日",""
"2026-05-25","88870","シーラホールディングス","シーラＨＤ","SYLA Holdings Co.,Ltd.","国内","","株式","スタンダード","不動産業","100","2013-07-16","","1983-06-28","埼玉県","05月31日","11月30日",""
"2026-05-25","88910","ＡＭＧホールディングス","ＡＭＧＨＤ","AMG HOLDINGS CO.,LTD.","国内","","株式","スタンダード","不動産業","100","2002-12-10","","1986-07-26","愛知県","03月31日","09月30日",""
"2026-05-25","88920","エスコン","エスコン","ES-CON JAPAN Ltd.","国内","","株式","プライム","不動産業","100","2013-07-16","","1995-04-18","東京都","03月31日","09月30日",""
"2026-05-25","88940","ＲＥＶＯＬＵＴＩＯＮ","ＲＥＶＯＬＵＴＩＯＮ","REVOLUTION CO.,LTD.","国内","","株式","スタンダード","不動産業","100","2013-07-16","","1993-07-31","東京都","10月31日","04月30日",""
"2026-05-25","88970","ＭＩＲＡＲＴＨホールディングス","ミラースＨＤ","MIRARTH HOLDINGS,Inc.","国内","","株式","プライム","不動産業","100","2003-04-04","","1972-09-21","東京都","03月31日","09月30日",""
"2026-05-25","88980","センチュリー２１・ジャパン","センチュリー２１","CENTURY21 REAL ESTATE OF JAPAN LTD.","国内","","株式","スタンダード","不動産業","100","2013-07-16","","1983-10-21","東京都","03月31日","09月30日",""
"2026-05-25","89040","ＡＶＡＮＴＩＡ","ＡＶＡＮＴＩＡ","AVANTIA CO.,LTD.","国内","","株式","スタンダード","不動産業","100","2002-07-23","","1989-11-16","愛知県","08月31日","02月末日",""
"2026-05-25","89050","イオンモール","イオンモール","AEON Mall Co.,Ltd.","国内","","株式","上場廃止","不動産業","100","2002-07-24","2025-06-27","1911-11-12","千葉県","02月末日","08月31日",""
"2026-05-25","89080","毎日コムネット","毎日コムネット","MAINICHI COMNET CO.,LTD.","国内","","株式","スタンダード","不動産業","100","2013-07-16","","1972-10-16","東京都","05月31日","11月30日",""
"2026-05-25","89120","エリアクエスト","エリアクエスト","Area Quest Inc.","国内","","株式","スタンダード","不動産業","100","2003-02-06","","2000-01-12","東京都","06月30日","12月31日",""
"2026-05-25","89140","エリアリンク","エリアリンク","Arealink Co.,Ltd.","国内","","株式","スタンダード","不動産業","100","2003-08-08","","1995-04-21","東京都","12月31日","06月30日",""
"2026-05-25","89170","ファースト住建","ファースト住建","First Juken Co.,Ltd.","国内","","株式","スタンダード","不動産業","100","2013-07-16","","1999-07-06","兵庫県","10月31日","04月30日",""
"2026-05-25","89180","ランド","ランド","LAND Co.,Ltd.","国内","","株式","スタンダード","不動産業","100","2007-02-14","","1996-12-12","神奈川県","02月末日","08月31日",""
"2026-05-25","89190","カチタス","カチタス","KATITAS CO.,LTD","国内","","株式","プライム","不動産業","100","2017-12-12","","1978-09-01","群馬県","03月31日","09月30日",""
"2026-05-25","89200","東祥","東祥","TOSHO CO.,LTD.","国内","","株式","スタンダード","サービス業","100","2013-03-15","","1979-03-01","愛知県","03月31日","09月30日",""
"2026-05-25","89210","シーズクリエイト","Ｐ－シーズクリエイト","C's Create Co.,Ltd","国内","","株式","TOKYO PRO Market","不動産業","100","2021-02-16","","1999-07-01","東京都","07月31日","01月31日",""
"2026-05-25","89230","トーセイ","トーセイ","TOSEI CORPORATION","国内","","株式","プライム","不動産業","100","2006-11-22","","1950-02-02","東京都","11月30日","05月31日",""
"2026-05-25","89270","明豊エンタープライズ","明豊エンター","MEIHO ENTERPRISE CO.,LTD.","国内","","株式","スタンダード","不動産業","100","2013-07-16","","1968-09-09","東京都","07月31日","01月31日",""
"2026-05-25","89280","穴吹興産","穴吹興産","ANABUKI KOSAN INC.","国内","","株式","スタンダード","不動産業","100","2013-07-16","","1964-05-25","香川県","06月30日","12月31日",""
"2026-05-25","89290","青山財産ネットワークス","青山財産","Aoyama Zaisan Networks Company,Limited","国内","","株式","スタンダード","不動産業","100","2004-07-15","","1991-09-17","東京都","12月31日","06月30日",""
"2026-05-25","89310","和田興産","和田興産","WADAKOHSAN CORPORATION","国内","","株式","スタンダード","不動産業","100","2013-07-16","","1979-09-08","兵庫県","02月末日","08月31日",""
"2026-05-25","89340","サンフロンティア不動産","サンフロンティア","Sun Frontier Fudousan Co.,Ltd.","国内","","株式","プライム","不動産業","100","2007-02-26","","1999-04-08","東京都","03月31日","09月30日",""
"2026-05-25","89350","ＦＪネクストホールディングス","ＦＪネクストＨＤ","FJ NEXT HOLDINGS CO.,LTD.","国内","","株式","プライム","不動産業","100","2007-03-09","","1980-07-10","東京都","03月31日","09月30日",""
"2026-05-25","89380","グローム・ホールディングス","Ｇ－グロームＨＤ","GLOME Holdings,Inc.","国内","","株式","グロース","不動産業","100","2013-07-16","","1987-06-17","東京都","03月31日","09月30日",""
"2026-05-25","89400","インテリックス","インテリックス","INTELLEX Co.,Ltd.","国内","","株式","上場廃止","不動産業","100","2007-05-24","2025-11-27","1995-07-17","東京都","05月31日","11月30日",""
"2026-05-25","89440","ランドビジネス","ランビジネス","LAND BUSINESS  CO.,LTD.","国内","","株式","スタンダード","不動産業","100","2006-09-13","","1985-02-13","東京都","09月30日","03月31日",""
"2026-05-25","89450","サンネクスタグループ","サンネクスタグループ","SUNNEXTA GROUP Inc.","国内","","株式","スタンダード","不動産業","100","2005-09-02","","1998-10-06","東京都","06月30日","12月31日",""
"2026-05-25","89460","ＡＳＩＡＮ　ＳＴＡＲ","エイシアンスター","ASIAN STAR CO.","国内","","株式","スタンダード","不動産業","100","2013-07-16","","1988-11-29","神奈川県","12月31日","06月30日",""
"2026-05-25","89510","日本ビルファンド投資法人","Ｒ－ビルＦ","Nippon Building Fund Inc.","国内","","REIT","その他","","1","2001-09-10","","2001-03-16","東京都","06月30日","12月31日",""
"2026-05-25","89520","ジャパンリアルエステイト投資法人","Ｒ－ジャパン","Japan Real Estate Investment Corporation","国内","","REIT","その他","","1","2001-09-10","","2001-05-11","東京都","03月31日","09月30日",""
"2026-05-25","89530","日本都市ファンド投資法人","Ｒ－都市ファンド","Japan Metropolitan Fund Investment Corporation","国内","","REIT","その他","","1","2002-03-12","","2001-09-14","東京都","02月末日","08月31日",""
"2026-05-25","89540","オリックス不動産投資法人","Ｒ－オリックスＦ","ORIX JREIT Inc.","国内","","REIT","その他","","1","2002-06-12","","2001-09-10","東京都","02月末日","08月31日",""
"2026-05-25","89550","日本プライムリアルティ投資法人","Ｒ－Ｊプライム","Japan Prime Realty Investment Corporation","国内","","REIT","その他","","1","2002-06-14","","2001-09-14","東京都","06月30日","12月31日",""
"2026-05-25","89560","ＮＴＴ都市開発リート投資法人","Ｒ－ＮＴＴ都市開発Ｒ","NTT UD REIT Investment Corporation","国内","","REIT","その他","","1","2002-09-10","","2002-05-02","東京都","04月30日","10月31日",""
"2026-05-25","89570","東急リアル・エステート投資法人","Ｒ－東急ＲＥ","TOKYU REIT, Inc.","国内","","REIT","その他","","1","2003-09-10","","2003-06-20","東京都","01月31日","07月31日",""
"2026-05-25","89580","グローバル・ワン不動産投資法人","Ｒ－グロバル","Global One Real Estate Investment Corporation","国内","","REIT","その他","","1","2003-09-25","","2003-04-16","東京都","03月31日","09月30日",""
"2026-05-25","89600","ユナイテッド・アーバン投資法人","Ｒ－ユナイテド","United Urban Investment Corporation","国内","","REIT","その他","","1","2003-12-22","","2003-11-04","東京都","05月31日","11月30日",""
"2026-05-25","89610","森トラストリート投資法人","Ｒ－森トラスト","MORI TRUST REIT,Inc.","国内","","REIT","その他","","1","2004-02-13","","2001-10-02","東京都","02月末日","08月31日",""
"2026-05-25","89630","インヴィンシブル投資法人","Ｒ－ＩＮＶ","Invincible Investment Corporation","国内","","REIT","その他","","1","2006-08-01","","2002-01-18","東京都","06月30日","12月31日",""
"2026-05-25","89640","フロンティア不動産投資法人","Ｒ－フロンティア","Frontier Real Estate Investment Corporation","国内","","REIT","その他","","1","2004-08-09","","2004-05-12","東京都","06月30日","12月31日",""
"2026-05-25","89660","平和不動産リート投資法人","Ｒ－平和ＲＥ","HEIWA REAL ESTATE REIT,Inc.","国内","","REIT","その他","","1","2005-03-08","","2002-01-31","東京都","05月31日","11月30日",""
"2026-05-25","89670","日本ロジスティクスファンド投資法人","Ｒ－ニホンロジ","Japan Logistics Fund,Inc.","国内","","REIT","その他","","1","2005-05-09","","2005-02-22","東京都","01月31日","07月31日",""
"2026-05-25","89680","福岡リート投資法人","Ｒ－福岡","Fukuoka REIT Corporation","国内","","REIT","その他","","1","2005-06-21","","2004-07-02","福岡県","02月末日","08月31日",""
"2026-05-25","89720","ＫＤＸ不動産投資法人","Ｒ－ＫＤＸ不動産","KDX Realty Investment Corporation","国内","","REIT","その他","","1","2005-07-21","","2005-05-06","東京都","04月30日","10月31日",""
"2026-05-25","89750","いちごオフィスリート投資法人","Ｒ－いちごオフィス","Ichigo Office REIT Investment Corporation","国内","","REIT","その他","","1","2005-10-12","","2005-06-23","東京都","04月30日","10月31日",""
"2026-05-25","89760","大和証券オフィス投資法人","Ｒ－大和ＯＦ","Daiwa Office Investment Corporation","国内","","REIT","その他","","1","2005-10-19","","2005-07-11","東京都","05月31日","11月30日",""
"2026-05-25","89770","阪急阪神リート投資法人","Ｒ－阪急阪神","Hankyu Hanshin REIT,Inc.","国内","","REIT","その他","","1","2005-10-26","","2004-12-03","大阪府","05月31日","11月30日",""
"2026-05-25","89790","スターツプロシード投資法人","Ｒ－スターツＰＲ","Starts Proceed Investment Corporation","国内","","REIT","その他","","1","2010-07-27","","2005-05-02","東京都","04月30日","10月31日",""
"2026-05-25","89840","大和ハウスリート投資法人","Ｒ－ハウスリート","Daiwa House REIT Investment Corporation","国内","","REIT","その他","","1","2006-03-22","","2005-06-07","東京都","02月末日","08月31日",""
"2026-05-25","89850","ジャパン・ホテル・リート投資法人","Ｒ－ＪＨＲ","Japan Hotel REIT Investment Corporation","国内","","REIT","その他","","1","2006-06-14","","2005-11-10","東京都","12月31日","",""
"2026-05-25","89860","大和証券リビング投資法人","Ｒ－大和証券リビング","Daiwa Securities Living Investment Corporation","国内","","REIT","その他","","1","2006-06-22","","2005-10-07","東京都","03月31日","09月30日",""
"2026-05-25","89870","ジャパンエクセレント投資法人","Ｒ－エクセレント","Japan Excellent,Inc.","国内","","REIT","その他","","1","2006-06-27","","2006-02-20","東京都","06月30日","12月31日",""
"2026-05-25","89950","誠建設工業","誠建設","Makoto Construction CO,Ltd","国内","","株式","スタンダード","不動産業","100","2013-07-16","","1991-04-23","大阪府","03月31日","09月30日",""
"2026-05-25","89960","ハウスフリーダム","ハウスフリーダム","HouseFreedom Co.,Ltd.","国内","","株式","スタンダード","不動産業","100","2022-12-23","","1995-03-10","大阪府","12月31日","06月30日",""
"2026-05-25","89990","グランディハウス","グランディ","Grandy House Corporation","国内","","株式","プライム","不動産業","100","2005-12-06","","1991-04-10","栃木県","03月31日","09月30日",""
"2026-05-25","90010","東武鉄道","東武","TOBU RAILWAY CO.,LTD.","国内","","株式","プライム","陸運業","100","1949-05-16","","1896-10-16","東京都","03月31日","09月30日",""
"2026-05-25","90030","相鉄ホールディングス","相鉄ＨＤ","Sotetsu Holdings,Inc.","国内","","株式","プライム","陸運業","100","1949-05-16","","1917-12-18","神奈川県","03月31日","09月30日",""
"2026-05-25","90050","東急","東急","TOKYU CORPORATION","国内","","株式","プライム","陸運業","100","1949-05-16","","1922-09-02","東京都","03月31日","09月30日",""
"2026-05-25","90060","京浜急行電鉄","京急","Keikyu Corporation","国内","","株式","プライム","陸運業","100","1949-05-16","","1948-06-01","神奈川県","03月31日","09月30日",""
"2026-05-25","90070","小田急電鉄","小田急","Odakyu Electric Railway Co.,Ltd.","国内","","株式","プライム","陸運業","100","1949-05-16","","1948-06-01","東京都","03月31日","09月30日",""
"2026-05-25","90080","京王電鉄","京王","Keio Corporation","国内","","株式","プライム","陸運業","100","1949-05-16","","1948-06-01","東京都","03月31日","09月30日",""
"2026-05-25","90090","京成電鉄","京成","Keisei Electric Railway Co.,Ltd.","国内","","株式","プライム","陸運業","100","1949-05-16","","1909-06-30","千葉県","03月31日","09月30日",""
"2026-05-25","90100","富士急行","富士急","FUJI KYUKO CO.,LTD.","国内","","株式","プライム","陸運業","100","1950-09-25","","1926-09-18","東京都","03月31日","09月30日",""
"2026-05-25","90120","秩父鉄道","秩父鉄道","Chichibu Railway Co.,Ltd.","国内","","株式","スタンダード","陸運業","100","2013-07-16","","1899-11-08","埼玉県","03月31日","09月30日",""
"2026-05-25","90170","新潟交通","新潟交通","Niigata Kotsu Co.,Ltd.","国内","","株式","スタンダード","陸運業","100","2000-03-01","","1943-12-31","新潟県","03月31日","09月30日",""
"2026-05-25","90200","東日本旅客鉄道","ＪＲ東","East Japan Railway Company","国内","","株式","プライム","陸運業","100","1993-10-26","","1987-04-01","東京都","03月31日","09月30日",""
"2026-05-25","90210","西日本旅客鉄道","ＪＲ西","West Japan Railway Company","国内","","株式","プライム","陸運業","100","1996-10-08","","1987-04-01","大阪府","03月31日","09月30日",""
"2026-05-25","90220","東海旅客鉄道","ＪＲ東海","Central Japan Railway Company","国内","","株式","プライム","陸運業","100","1997-10-08","","1987-04-01","愛知県","03月31日","09月30日",""
"2026-05-25","90240","西武ホールディングス","西武ホールディングス","SEIBU HOLDINGS INC.","国内","","株式","プライム","陸運業","100","2014-04-23","","2006-02-03","東京都","03月31日","09月30日",""
"2026-05-25","90250","鴻池運輸","鴻池運輸","Konoike Transport Co.,Ltd.","国内","","株式","プライム","陸運業","100","2013-03-15","","1945-05-30","大阪府","03月31日","09月30日",""
"2026-05-25","90280","ゼロ","ゼロ","ZERO CO.,LTD.","国内","","株式","スタンダード","陸運業","100","2005-08-02","","1961-10-24","神奈川県","06月30日","12月31日",""
"2026-05-25","90290","ヒガシホールディングス","ヒガシＨＤ","HIGASHI HOLDINGS CO.,LTD.","国内","","株式","スタンダード","陸運業","100","2011-09-15","","1944-12-20","大阪府","03月31日","09月30日",""
"2026-05-25","90310","西日本鉄道","西鉄","Nishi-Nippon Railroad Co.,Ltd.","国内","","株式","プライム","陸運業","100","1949-05-16","","1908-12-11","福岡県","03月31日","09月30日",""
"2026-05-25","90330","広島電鉄","広電鉄","Hiroshima Electric Railway Co.,Ltd.","国内","","株式","スタンダード","陸運業","100","2000-03-01","","1942-04-10","広島県","03月31日","09月30日",""
"2026-05-25","90340","南総通運","南総通運","NANSO Transport Co.,Ltd.","国内","","株式","スタンダード","陸運業","100","2013-07-16","","1942-11-10","千葉県","03月31日","09月30日",""
"2026-05-25","90360","東部ネットワーク","東部ネット","TOHBU NETWORK CO.,LTD.","国内","","株式","スタンダード","陸運業","100","2013-07-16","","1943-12-30","神奈川県","03月31日","09月30日",""
"2026-05-25","90370","ハマキョウレックス","ハマキョウ","HAMAKYOREX CO.,LTD.","国内","","株式","プライム","陸運業","100","2001-02-21","","1971-02-01","静岡県","03月31日","09月30日",""
"2026-05-25","90390","サカイ引越センター","サカイ引越","Sakai Moving Service Co.,Ltd.","国内","","株式","プライム","陸運業","100","2006-03-16","","1956-03-26","大阪府","03月31日","09月30日",""
"2026-05-25","90410","近鉄グループホールディングス","近鉄ＧＨＤ","Kintetsu Group Holdings Co.,Ltd.","国内","","株式","プライム","陸運業","100","1949-05-16","","1944-06-01","大阪府","03月31日","09月30日",""
"2026-05-25","90420","阪急阪神ホールディングス","阪急阪神","Hankyu Hanshin Holdings,Inc.","国内","","株式","プライム","陸運業","100","1949-05-16","","1907-10-19","大阪府","03月31日","09月30日",""
"2026-05-25","90440","ＮＡＮＫＡＩ","ＮＡＮＫＡＩ","NANKAI Co.,Ltd.","国内","","株式","プライム","陸運業","100","2008-03-21","","1925-03-26","大阪府","03月31日","09月30日",""
"2026-05-25","90450","京阪ホールディングス","京阪ＨＤ","Keihan Holdings Co.,Ltd.","国内","","株式","プライム","陸運業","100","2006-03-22","","1949-11-25","大阪府","03月31日","09月30日",""
"2026-05-25","90460","神戸電鉄","神戸電鉄","Kobe Electric Railway Co.,Ltd.","国内","","株式","スタンダード","陸運業","100","2013-07-16","","1926-03-27","兵庫県","03月31日","09月30日",""
"2026-05-25","90480","名古屋鉄道","名鉄","Nagoya Railroad Co., Ltd.","国内","","株式","プライム","陸運業","100","1954-12-16","","1921-06-13","愛知県","03月31日","09月30日",""
"2026-05-25","90490","京福電気鉄道","京福電鉄","Keifuku Electric Railroad Co.,Ltd.","国内","","株式","スタンダード","陸運業","100","2013-07-16","","1942-03-02","京都府","03月31日","09月30日",""
"2026-05-25","90510","センコン物流","センコン物流","SENKON LOGISTICS CO.,LTD","国内","","株式","スタンダード","陸運業","100","2013-07-16","","1959-10-01","宮城県","03月31日","09月30日",""
"2026-05-25","90520","山陽電気鉄道","山陽電鉄","Sanyo Electric Railway Co.,Ltd.","国内","","株式","プライム","陸運業","100","2013-07-16","","1933-06-06","兵庫県","03月31日","09月30日",""
"2026-05-25","90570","遠州トラック","遠州トラック","ENSHU TRUCK CO.,LTD.","国内","","株式","スタンダード","陸運業","100","2013-07-16","","1965-08-16","静岡県","03月31日","09月30日",""
"2026-05-25","90590","カンダホールディングス","カンダ","Kanda Holdings Co.,Ltd.","国内","","株式","スタンダード","陸運業","100","2004-03-24","","1944-05-31","東京都","03月31日","09月30日",""
"2026-05-25","90600","日本ロジテム","日ロジテム","JAPAN LOGISTIC SYSTEMS CORP.","国内","","株式","スタンダード","陸運業","100","2013-07-16","","1944-10-13","東京都","03月31日","09月30日",""
"2026-05-25","90630","岡山県貨物運送","岡県運送","Okayamaken Freight Transportation CO.,LTD.","国内","","株式","スタンダード","陸運業","100","2000-03-01","","1943-03-31","岡山県","03月31日","09月30日",""
"2026-05-25","90640","ヤマトホールディングス","ヤマトＨＤ","YAMATO HOLDINGS CO.,LTD.","国内","","株式","プライム","陸運業","100","1949-05-16","","1929-02-21","東京都","03月31日","09月30日",""
"2026-05-25","90650","山九","山九","SANKYU INC.","国内","","株式","プライム","陸運業","100","1962-03-01","","1917-11-27","東京都","03月31日","09月30日",""
"2026-05-25","90660","日新","日新","NISSIN CORPORATION","国内","","株式","上場廃止","倉庫・運輸関連業","100","1950-05-01","2025-10-15","1938-10-21","神奈川県","03月31日","09月30日",""
"2026-05-25","90670","丸運","丸運","MARUWN CORPORATION","国内","","株式","スタンダード","陸運業","100","1961-10-02","","1938-12-17","東京都","03月31日","09月30日",""
"2026-05-25","90680","丸全昭和運輸","丸全運","Maruzen Showa Unyu Co.,Ltd.","国内","","株式","プライム","陸運業","100","1961-10-02","","1931-08-17","神奈川県","03月31日","09月30日",""
"2026-05-25","90690","センコーグループホールディングス","センコーグループＨＤ","SENKO Group Holdings Co.,Ltd.","国内","","株式","プライム","陸運業","100","1990-02-21","","1946-07-20","東京都","03月31日","09月30日",""
"2026-05-25","90700","トナミホールディングス","トナミＨＤ","TONAMI HOLDINGS CO.,LTD.","国内","","株式","上場廃止","陸運業","100","1961-11-06","2025-06-19","1943-05-28","富山県","03月31日","09月30日",""
"2026-05-25","90720","ニッコンホールディングス","ニッコンＨＤ","NIKKON Holdings Co.,Ltd.","国内","","株式","プライム","陸運業","100","1970-08-01","","1950-12-07","東京都","03月31日","09月30日",""
"2026-05-25","90730","京極運輸商事","京極運輸","Kyogoku unyu shoji Co.,Ltd.","国内","","株式","スタンダード","陸運業","100","2013-07-16","","1947-05-12","東京都","03月31日","09月30日",""
"2026-05-25","90740","日本石油輸送","日石輸","Japan Oil Transportation Co.,Ltd.","国内","","株式","スタンダード","陸運業","100","1967-04-12","","1946-03-27","東京都","03月31日","09月30日",""
"2026-05-25","90750","福山通運","福山運","FUKUYAMA TRANSPORTING CO.,LTD.","国内","","株式","プライム","陸運業","100","1970-11-02","","1948-09-13","広島県","03月31日","09月30日",""
"2026-05-25","90760","セイノーホールディングス","セイノーＨＤ","SEINO HOLDINGS CO.,LTD.","国内","","株式","プライム","陸運業","100","1972-11-01","","1946-11-12","岐阜県","03月31日","09月30日",""
"2026-05-25","90810","神奈川中央交通","神奈中交","Kanagawa Chuo Kotsu Co.,Ltd.","国内","","株式","プライム","陸運業","100","1949-05-16","","1921-06-05","神奈川県","03月31日","09月30日",""
"2026-05-25","90820","大和自動車交通","大和自交","Daiwa Motor Transportation Co.,Ltd.","国内","","株式","スタンダード","陸運業","100","1949-05-16","","1939-09-13","東京都","03月31日","09月30日",""
"2026-05-25","90830","神姫バス","神姫バス","Shinki Bus Co.,Ltd.","国内","","株式","スタンダード","陸運業","100","2013-07-16","","1927-08-08","兵庫県","03月31日","09月30日",""
"2026-05-25","90870","タカセ","タカセ","TAKASE CORPORATION","国内","","株式","スタンダード","陸運業","100","2013-07-16","","1922-02-22","東京都","03月31日","09月30日",""
"2026-05-25","90900","ＡＺ－ＣＯＭ丸和ホールディングス","ＡＺ－ＣＯＭ丸和ＨＤ","AZ-COM MARUWA Holdings Inc.","国内","","株式","プライム","陸運業","100","2014-04-08","","1973-08-03","埼玉県","03月31日","09月30日",""
"2026-05-25","91010","日本郵船","郵船","Nippon Yusen Kabushiki Kaisha","国内","","株式","プライム","海運業","100","1949-05-16","","1885-09-29","東京都","03月31日","09月30日",""
"2026-05-25","91040","商船三井","商船三井","Mitsui O.S.K.Lines,Ltd.","国内","","株式","プライム","海運業","100","1949-07-09","","1942-12-28","東京都","03月31日","09月30日",""
"2026-05-25","91070","川崎汽船","川崎船","Kawasaki Kisen Kaisha,Ltd.","国内","","株式","プライム","海運業","100","1950-01-04","","1919-04-08","東京都","03月31日","09月30日",""
"2026-05-25","91100","ＮＳユナイテッド海運","ユナイテド海","NS United Kaiun Kaisha,Ltd.","国内","","株式","プライム","海運業","100","1951-01-23","","1950-04-01","東京都","03月31日","09月30日",""
"2026-05-25","91150","明海グループ","明海グループ","Meiji Shipping Group Co.,Ltd.","国内","","株式","スタンダード","海運業","100","1949-07-26","","1911-05-01","兵庫県","03月31日","09月30日",""
"2026-05-25","91190","飯野海運","飯野海","IINO KAIUN KAISHA,LTD.","国内","","株式","プライム","海運業","100","1949-05-16","","1918-12-27","東京都","03月31日","09月30日",""
"2026-05-25","91270","玉井商船","玉井商船","TAMAI STEAMSHIP CO.,LTD","国内","","株式","スタンダード","海運業","100","2013-07-16","","1932-03-10","東京都","03月31日","09月30日",""
"2026-05-25","91300","共栄タンカー","共栄タンカー","KYOEI TANKER CO.,LTD.","国内","","株式","スタンダード","海運業","100","1961-10-02","","1949-07-01","東京都","03月31日","09月30日",""
"2026-05-25","91420","九州旅客鉄道","ＪＲ九州","Kyushu Railway Company","国内","","株式","プライム","陸運業","100","2016-10-25","","1987-04-01","福岡県","03月31日","09月30日",""
"2026-05-25","91430","ＳＧホールディングス","ＳＧホールディングス","SG HOLDINGS CO.,LTD.","国内","","株式","プライム","陸運業","100","2017-12-13","","2006-03-22","京都府","03月31日","09月30日",""
"2026-05-25","91450","ビーイングホールディングス","ビーイングＨＤ","BEING HOLDINGS CO.,LTD.","国内","","株式","スタンダード","陸運業","100","2020-12-15","","1986-09-17","石川県","12月31日","06月30日",""
"2026-05-25","91460","五健堂ホールディングス","Ｐ－五健堂ＨＤ","GOKENDO Holdings,Inc.","国内","","株式","TOKYO PRO Market","陸運業","100","2021-10-08","","1990-04-12","京都府","12月31日","06月30日",""
"2026-05-25","91470","ＮＩＰＰＯＮ　ＥＸＰＲＥＳＳホールディングス","ＮＸＨＤ","NIPPON EXPRESS HOLDINGS,INC.","国内","","株式","プライム","陸運業","100","2022-01-04","","2022-01-04","東京都","12月31日","06月30日",""
"2026-05-25","91490","大友ロジスティクスサービス","Ｐ－大友ロジスティク","Otomo Logistics Service Co.,Ltd.","国内","","株式","TOKYO PRO Market","陸運業","100","2023-01-26","","1963-07-29","東京都","10月31日","04月30日",""
"2026-05-25","91560","はなホールディングス","Ｐ－はなＨＤ","HANA HOLDINGS Co.,Ltd.","国内","","株式","TOKYO PRO Market","サービス業","100","2023-04-11","","2022-10-04","愛知県","03月31日","09月30日",""
"2026-05-25","91580","シーユーシー","Ｇ－シーユーシー","CUC Inc.","国内","","株式","グロース","サービス業","100","2023-06-21","","2014-08-08","東京都","03月31日","09月30日",""
"2026-05-25","91590","Ｗ　ＴＯＫＹＯ","Ｇ－ＷＴＯＫＹＯ","W TOKYO Inc.","国内","","株式","グロース","サービス業","100","2023-06-29","","2015-07-01","東京都","06月30日","12月31日",""
"2026-05-25","91600","オンザページ","オンザページ","ON THE PAGE,Inc.","国内","","株式","スタンダード","サービス業","100","2023-06-30","","2016-08-01","東京都","12月31日","06月30日",""
"2026-05-25","91620","ブリーチ","Ｇ－ブリーチ","Bleach,Inc.","国内","","株式","グロース","サービス業","100","2023-07-05","","2010-04-28","東京都","06月30日","12月31日",""
"2026-05-25","91630","ナレルグループ","Ｇ－ナレルグループ","Nareru Group Inc.","国内","","株式","グロース","サービス業","100","2023-07-21","","2019-05-27","東京都","10月31日","04月30日",""
"2026-05-25","91640","トライト","Ｇ－トライト","TRYT Inc.","国内","","株式","上場廃止","サービス業","100","2023-07-24","2025-09-24","2019-02-05","大阪府","12月31日","06月30日",""
"2026-05-25","91650","クオルテック","Ｇ－クオルテック","Qualtec Co.,Ltd.","国内","","株式","グロース","サービス業","100","2023-07-28","","1993-01-18","大阪府","06月30日","12月31日",""
"2026-05-25","91660","ＧＥＮＤＡ","Ｇ－ＧＥＮＤＡ","GENDA Inc.","国内","","株式","グロース","サービス業","100","2023-07-28","","2018-05-10","東京都","01月31日","07月31日",""
"2026-05-25","91670","フトン巻きのジロー","Ｐ－フトン巻きジロー","Futonmaki Jiro,Inc.","国内","","株式","上場廃止","サービス業","100","2023-08-10","2025-12-25","2017-06-23","栃木県","12月31日","06月30日",""
"2026-05-25","91680","ライズ・コンサルティング・グループ","Ｇ－ライズ","Rise Consulting Group,Inc.","国内","","株式","グロース","サービス業","100","2023-09-12","","2020-11-27","東京都","02月末日","08月31日",""
"2026-05-25","91690","大伸社","Ｐ－大伸社","Daishinsha Inc.","国内","","株式","TOKYO PRO Market","サービス業","100","2023-09-13","","1961-12-20","大阪府","11月20日","05月20日",""
"2026-05-25","91710","栗林商船","栗林船","Kuribayashi Steamship Co.,Ltd.","国内","","株式","スタンダード","海運業","100","1950-04-24","","1919-03-29","東京都","03月31日","09月30日",""
"2026-05-25","91730","東海汽船","東海船","Tokai Kisen Co.,Ltd.","国内","","株式","スタンダード","海運業","100","1949-05-16","","1889-11-15","東京都","12月31日","06月30日",""
"2026-05-25","91930","東京汽船","東汽船","Tokyo Kisen Co.,Ltd.","国内","","株式","スタンダード","倉庫・運輸関連業","100","1962-09-21","","1947-05-05","神奈川県","03月31日","09月30日",""
"2026-05-25","92010","日本航空","ＪＡＬ","Japan Airlines Co.,Ltd.","国内","","株式","プライム","空運業","100","2012-09-19","","1953-10-01","東京都","03月31日","09月30日",""
"2026-05-25","92020","ＡＮＡホールディングス","ＡＮＡ","ANA HOLDINGS INC.","国内","","株式","プライム","空運業","100","1975-07-21","","1920-02-09","東京都","03月31日","09月30日",""
"2026-05-25","92040","スカイマーク","Ｇ－スカイマーク","Skymark Airlines Inc.","国内","","株式","グロース","空運業","100","2022-12-14","","1996-11-12","東京都","03月31日","09月30日",""
"2026-05-25","92060","スターフライヤー","ＳＦＪ","Star Flyer Inc.","国内","","株式","スタンダード","空運業","100","2011-12-21","","2002-12-17","福岡県","03月31日","09月30日",""
"2026-05-25","92110","エフ・コード","Ｇ－エフ・コード","f-code Inc.","国内","","株式","グロース","サービス業","100","2021-12-24","","2006-03-15","東京都","12月31日","06月30日",""
"2026-05-25","92120","Ｇｒｅｅｎ　Ｅａｒｔｈ　Ｉｎｓｔｉｔｕｔｅ","Ｇ－ＧＥＩ","Green Earth Institute Co.,Ltd.","国内","","株式","グロース","サービス業","100","2021-12-24","","2011-09-01","東京都","09月30日","03月31日",""
"2026-05-25","92130","セイファート","セイファート","SEYFERT LTD.","国内","","株式","スタンダード","サービス業","100","2022-02-04","","1991-07-11","東京都","12月31日","06月30日",""
"2026-05-25","92140","Ｒｅｃｏｖｅｒｙ　Ｉｎｔｅｒｎａｔｉｏｎａｌ","Ｇ－リカバリー","Recovery International Co.,Ltd.","国内","","株式","グロース","サービス業","100","2022-02-03","","2013-11-01","東京都","12月31日","06月30日",""
"2026-05-25","92150","ＣａＳｙ","Ｇ－ＣａＳｙ","CaSy Co.,Ltd.","国内","","株式","グロース","サービス業","100","2022-02-22","","2014-01-30","東京都","11月30日","05月31日",""
"2026-05-25","92160","ビーウィズ","ビーウィズ","Bewith,Inc.","国内","","株式","プライム","サービス業","100","2022-03-02","","2000-05-12","東京都","05月31日","11月30日",""
"2026-05-25","92180","メンタルヘルステクノロジーズ","Ｇ－メンタルヘルスＴ","Mental Health Technologies Co.,Ltd.","国内","","株式","グロース","サービス業","100","2022-03-28","","2011-03-08","東京都","12月31日","06月30日",""
"2026-05-25","92190","ギックス","Ｇ－ギックス","GiXo Ltd.","国内","","株式","グロース","サービス業","100","2022-03-30","","2012-12-12","東京都","06月30日","12月31日",""
"2026-05-25","92200","エフビー介護サービス","エフビー介護サービス","FB CARE SERVICE CO.,LTD.","国内","","株式","スタンダード","サービス業","100","2022-04-07","","1987-04-03","長野県","03月31日","09月30日",""
"2026-05-25","92210","フルハシＥＰＯ","フルハシＥＰＯ","FULUHASHI EPO CORPORATION","国内","","株式","スタンダード","サービス業","100","2022-04-21","","1948-02-05","愛知県","03月31日","09月30日",""
"2026-05-25","92220","ｍａｎａｂｙ","Ｐ－ｍａｎａｂｙ","manaby Co.,Ltd.","国内","","株式","TOKYO PRO Market","サービス業","100","2022-04-21","","2016-06-06","宮城県","03月31日","09月30日",""
"2026-05-25","92230","ＡＳＮＯＶＡ","Ｇ－ＡＳＮＯＶＡ","ASNOVA Co.,Ltd.","国内","","株式","グロース","サービス業","100","2023-12-25","","2013-12-24","愛知県","03月31日","09月30日",""
"2026-05-25","92240","環境のミカタ","Ｐ－環境のミカタ","KANKYOU NO MIKATA Inc.","国内","","株式","上場廃止","サービス業","100","2022-05-30","2025-09-29","1977-06-01","静岡県","09月30日","03月31日",""
"2026-05-25","92250","ブリッジコンサルティンググループ","Ｇ－ブリッジコンサル","Bridge Consulting Group Inc.","国内","","株式","グロース","サービス業","100","2023-06-26","","2011-10-25","東京都","09月30日","03月31日",""
"2026-05-25","92260","アイガー","Ｐ－アイガー","IGER Inc.","国内","","株式","TOKYO PRO Market","サービス業","100","2022-06-22","","1990-07-03","東京都","11月30日","05月31日",""
"2026-05-25","92270","マイクロ波化学","Ｇ－マイクロ波化学","Microwave Chemical Co.,Ltd.","国内","","株式","グロース","サービス業","100","2022-06-24","","2007-08-15","大阪府","06月30日","","2026-06-30"
"2026-05-25","92290","サンウェルズ","サンウェルズ","SUNWELS Co.,Ltd.","国内","","株式","プライム","サービス業","100","2022-06-27","","2006-09-26","石川県","03月31日","09月30日",""
"2026-05-25","92330","アジア航測","アジア航測","Asia Air Survey Co.,Ltd.","国内","","株式","スタンダード","空運業","100","1964-02-17","","1949-12-15","神奈川県","09月30日","03月31日",""
"2026-05-25","92350","売れるネット広告社グループ","Ｇ－売れるネットＧ","Ureru Net Advertising Group Co.,Ltd.","国内","","株式","グロース","サービス業","100","2023-10-23","","2010-01-20","福岡県","07月31日","01月31日",""
"2026-05-25","92360","ジャパンＭ＆Ａソリューション","Ｇ－ジャパンＭ＆Ａ","Japan M&A Solution Incorporated","国内","","株式","グロース","サービス業","100","2023-10-24","","2019-11-01","東京都","10月31日","04月30日",""
"2026-05-25","92370","笑美面","Ｇ－笑美面","Emimen Co.,Ltd.","国内","","株式","グロース","サービス業","100","2023-10-26","","2010-09-08","大阪府","10月31日","04月30日",""
"2026-05-25","92380","バリュークリエーション","Ｇ－バリューＣ","VALUE CREATION CO.,LTD.","国内","","株式","グロース","サービス業","100","2023-11-22","","2008-04-01","東京都","02月末日","08月31日",""
"2026-05-25","92390","ケーイーティ","Ｐ－ケーイーティ","KET Inc.","国内","","株式","TOKYO PRO Market","サービス業","100","2023-11-22","","2000-07-17","福島県","03月31日","09月30日",""
"2026-05-25","92400","デリバリーコンサルティング","Ｇ－デリバリコンサル","Delivery Consulting Inc.","国内","","株式","グロース","サービス業","100","2021-07-29","","2003-04-10","東京都","07月31日","01月31日",""
"2026-05-25","92410","フューチャーリンクネットワーク","Ｇ－ＦＬＮ","Future Link Network Co.,Ltd.","国内","","株式","グロース","サービス業","100","2021-08-20","","2000-03-02","千葉県","08月31日","02月末日",""
"2026-05-25","92420","メディア総研","Ｇ－メディア総研","Media Research Institute,Inc.","国内","","株式","グロース","サービス業","100","2021-09-02","","1993-03-09","福岡県","07月31日","01月31日",""
"2026-05-25","92430","富士テクノホールディングス","Ｐ－富士テクノＨＤ","FT Holdings Co.,Inc.","国内","","株式","TOKYO PRO Market","サービス業","100","2021-10-01","","2021-10-01","神奈川県","03月31日","09月30日",""
"2026-05-25","92440","デジタリフト","Ｇ－デジタリフト","DIGITALIFT Inc.","国内","","株式","グロース","サービス業","100","2021-09-28","","2012-11-27","東京都","09月30日","03月31日",""
"2026-05-25","92450","リベロ","Ｇ－リベロ","Livero Inc.","国内","","株式","グロース","サービス業","100","2021-09-28","","2009-05-13","東京都","12月31日","06月30日",""
"2026-05-25","92460","プロジェクトホールディングス","Ｇ－プロジェクトＨＤ","ProjectHoldings,Inc.","国内","","株式","グロース","サービス業","100","2021-09-29","","2016-01-04","東京都","12月31日","06月30日",""
"2026-05-25","92470","ＴＲＥホールディングス","ＴＲＥＨＤ","TRE HOLDINGS CORPORATION","国内","","株式","プライム","サービス業","100","2021-10-01","","2021-10-01","東京都","03月31日","09月30日",""
"2026-05-25","92480","人・夢・技術グループ","人・夢・技術Ｇ","People, Dreams & Technologies Group Co.,Ltd.","国内","","株式","スタンダード","サービス業","100","2021-10-01","","2021-10-01","東京都","09月30日","03月31日",""
"2026-05-25","92490","日本エコシステム","日本エコシステム","Japan Ecosystem Co.,Ltd.","国内","","株式","スタンダード","サービス業","100","2021-10-08","","1998-11-26","愛知県","09月30日","03月31日",""
"2026-05-25","92500","ＧＲＣＳ","Ｇ－ＧＲＣＳ","GRCS Inc.","国内","","株式","グロース","サービス業","100","2021-11-18","","2005-03-01","東京都","11月30日","05月31日",""
"2026-05-25","92510","ＡＢ＆Ｃｏｍｐａｎｙ","Ｇ－ＡＢ＆Ｃ","AB&Company Co.,Ltd.","国内","","株式","グロース","サービス業","100","2021-11-19","","2018-02-20","東京都","10月31日","04月30日",""
"2026-05-25","92520","ラストワンマイル","Ｇ－ラストワンマイル","Last One Mile Co.,Ltd.","国内","","株式","グロース","サービス業","100","2021-11-24","","2012-06-04","東京都","08月31日","02月末日",""
"2026-05-25","92530","スローガン","Ｇ－スローガン","Slogan Inc.","国内","","株式","グロース","サービス業","100","2021-11-25","","2005-10-24","東京都","02月末日","08月31日",""
"2026-05-25","92540","ラバブルマーケティンググループ","Ｇ－ラバブルマーケ","Lovable Marketing Group,inc.","国内","","株式","グロース","サービス業","100","2021-12-21","","2014-07-15","東京都","03月31日","09月30日",""
"2026-05-25","92560","サクシード","Ｇ－サクシード","Succeed co.,ltd.","国内","","株式","グロース","サービス業","100","2021-12-22","","2004-04-14","東京都","03月31日","09月30日",""
"2026-05-25","92570","ＹＣＰホールディングス（グローバル）リミテッド","Ｇ－ＹＣＰ","YCP Holdings (Global) Limited","国外","シンガポール共和国","株式","グロース","サービス業","100","2021-12-21","","2021-03-05","","12月31日","06月30日",""
"2026-05-25","92580","ＣＳ－Ｃ","Ｇ－ＣＳ－Ｃ","CS-C.Co.,Ltd.","国内","","株式","グロース","サービス業","100","2021-12-24","","2011-10-11","東京都","09月30日","03月31日",""
"2026-05-25","92590","タカヨシホールディングス","Ｇ－タカヨシＨＤ","TAKAYOSHI Holdings,INC.","国内","","株式","グロース","サービス業","100","2021-12-24","","1970-12-24","千葉県","09月30日","03月31日",""
"2026-05-25","92620","シルバーライフ","シルバーライフ","SILVER LIFE CO.,LTD.","国内","","株式","スタンダード","小売業","100","2017-10-25","","2007-10-10","東京都","07月31日","01月31日",""
"2026-05-25","92640","ポエック","ポエック","Puequ CO.,LTD.","国内","","株式","スタンダード","卸売業","100","2017-11-28","","1989-01-25","広島県","08月31日","02月末日",""
"2026-05-25","92650","ヤマシタヘルスケアホールディングス","ヤマシタヘルスケア","YAMASHITA HEALTH CARE HOLDINGS,INC.","国内","","株式","スタンダード","卸売業","100","2017-12-01","","2017-12-01","福岡県","05月31日","11月30日",""
"2026-05-25","92670","Ｇｅｎｋｙ　ＤｒｕｇＳｔｏｒｅｓ","ゲンキードラッグ","Genky DrugStores Co.,Ltd.","国内","","株式","プライム","小売業","100","2017-12-21","","2017-12-21","福井県","06月20日","12月20日",""
"2026-05-25","92680","オプティマスグループ","オプティマス","OPTIMUS GROUP COMPANY LIMITED","国内","","株式","スタンダード","卸売業","100","2017-12-26","","2015-01-09","東京都","03月31日","09月30日",""
"2026-05-25","92700","バリュエンスホールディングス","Ｇ－バリュエンスＨＤ","Valuence Holdings Inc.","国内","","株式","グロース","卸売業","100","2018-03-22","","2011-12-28","東京都","08月31日","02月末日",""
"2026-05-25","92710","和心","Ｇ－和心","Wagokoro co.,ltd.","国内","","株式","グロース","小売業","100","2018-03-29","","2003-02-07","東京都","12月31日","06月30日",""
"2026-05-25","92720","ブティックス","Ｇ－ブティックス","Boutiques,Inc.","国内","","株式","グロース","サービス業","100","2018-04-03","","2006-11-17","東京都","03月31日","09月30日",""
"2026-05-25","92730","コーア商事ホールディングス","コーア商事ＨＤ","KOA SHOJI HOLDINGS CO.,LTD.","国内","","株式","プライム","卸売業","100","2018-06-21","","2015-01-30","神奈川県","06月30日","12月31日",""
"2026-05-25","92740","ＫＰＰグループホールディングス","ＫＰＰグループＨＤ","KPP GROUP HOLDINGS CO.,LTD.","国内","","株式","プライム","卸売業","100","2018-06-26","","1924-11-27","東京都","03月31日","09月30日",""
"2026-05-25","92750","ナルミヤ・インターナショナル","ナルミヤ","NARUMIYA INTERNATIONAL Co.,Ltd.","国内","","株式","上場廃止","小売業","100","2018-09-06","2025-09-29","2016-06-08","東京都","02月末日","08月31日",""
"2026-05-25","92780","ブックオフグループホールディングス","ブックオフＧＨＤ","BOOKOFF GROUP HOLDINGS LIMITED","国内","","株式","プライム","小売業","100","2018-10-01","","2018-10-01","神奈川県","05月31日","11月30日",""
"2026-05-25","92790","ギフトホールディングス","ギフトＨＤ","GIFT HOLDINGS INC.","国内","","株式","プライム","小売業","100","2018-10-19","","2009-12-07","東京都","10月31日","04月30日",""
"2026-05-25","92820","いちごグリーンインフラ投資法人","Ｉ－いちごグリーン","Ichigo Green Infrastructure Investment Corporation","国内","","インフラファンド","その他","","1","2016-12-01","","2016-06-24","東京都","06月30日","",""
"2026-05-25","92840","カナディアン・ソーラー・インフラ投資法人","Ｉ－カナディアンソラ","Canadian Solar Infrastructure Fund,Inc.","国内","","インフラファンド","その他","","1","2017-10-30","","2017-05-18","東京都","06月30日","12月31日",""
"2026-05-25","92850","東京インフラ・エネルギー投資法人","Ｉ－東京インフラＦ","Tokyo Infrastructure Energy Investment Corporation","国内","","インフラファンド","その他","","1","2018-09-27","","2017-10-10","東京都","06月30日","12月31日",""
"2026-05-25","92860","エネクス・インフラ投資法人","Ｉ－エネクスインフラ","Enex Infrastructure Investment Corporation","国内","","インフラファンド","その他","","1","2019-02-13","","2018-08-03","東京都","05月31日","11月30日",""
"2026-05-25","92870","ジャパン・インフラファンド投資法人","Ｉ－ＪＩＦ","Japan Infrastructure Fund Investment Corporation","国内","","インフラファンド","上場廃止","","1","2020-02-20","2026-04-20","2019-10-24","東京都","05月31日","11月30日",""
"2026-05-25","93010","三菱倉庫","三菱倉","Mitsubishi Logistics Corporation","国内","","株式","プライム","倉庫・運輸関連業","100","1949-05-16","","1887-04-15","東京都","03月31日","09月30日",""
"2026-05-25","93020","三井倉庫ホールディングス","三井倉ＨＤ","MITSUI-SOKO HOLDINGS Co.,Ltd.","国内","","株式","プライム","倉庫・運輸関連業","100","1950-04-21","","1909-10-11","東京都","03月31日","09月30日",""
"2026-05-25","93030","住友倉庫","住友倉","The Sumitomo Warehouse Co.,Ltd.","国内","","株式","プライム","倉庫・運輸関連業","100","1950-10-02","","1923-08-01","大阪府","03月31日","09月30日",""
"2026-05-25","93040","澁澤倉庫","渋沢倉","Shibusawa Logistics Corporation","国内","","株式","プライム","倉庫・運輸関連業","100","1950-12-18","","1909-07-15","東京都","03月31日","09月30日",""
"2026-05-25","93050","ヤマタネ","ヤマタネ","Yamatane Corporation","国内","","株式","プライム","卸売業","100","1950-10-20","","1937-08-15","東京都","03月31日","09月30日",""
"2026-05-25","93060","東陽倉庫","東陽倉","Toyo Logistics Co.,Ltd.","国内","","株式","スタンダード","倉庫・運輸関連業","100","2000-02-15","","1926-03-13","愛知県","03月31日","09月30日",""
"2026-05-25","93070","杉村倉庫","杉村倉庫","Sugimura Warehouse Co.,Ltd.","国内","","株式","スタンダード","倉庫・運輸関連業","100","2013-07-16","","1919-10-29","大阪府","03月31日","09月30日",""
"2026-05-25","93080","乾汽船","乾汽船","Inui Global Logistics Co.,Ltd.","国内","","株式","スタンダード","海運業","100","1961-10-02","","1925-10-19","東京都","03月31日","09月30日",""
"2026-05-25","93100","日本トランスシティ","トランスシティ","Japan Transcity Corporation","国内","","株式","プライム","倉庫・運輸関連業","100","1961-10-02","","1942-12-28","三重県","03月31日","09月30日",""
"2026-05-25","93110","アサガミ","アサガミ","ASAGAMI CORPORATION","国内","","株式","スタンダード","倉庫・運輸関連業","100","1961-10-02","","1948-11-18","東京都","03月31日","09月30日",""
"2026-05-25","93120","ケイヒン","ケイヒン","THE KEIHIN CO.,LTD.","国内","","株式","スタンダード","倉庫・運輸関連業","100","1962-09-15","","1947-12-17","東京都","03月31日","09月30日",""
"2026-05-25","93130","丸八倉庫","丸八倉","Maruhachi Warehouse Company Limited","国内","","株式","スタンダード","倉庫・運輸関連業","100","1963-01-17","","1934-03-22","東京都","11月30日","05月31日",""
"2026-05-25","93190","中央倉庫","中央倉庫","Chuo Warehouse Co.,Ltd.","国内","","株式","プライム","倉庫・運輸関連業","100","2013-07-16","","1927-10-18","京都府","03月31日","09月30日",""
"2026-05-25","93220","川西倉庫","川西倉庫","KAWANISHI WAREHOUSE CO.,LTD.","国内","","株式","スタンダード","倉庫・運輸関連業","100","2013-07-16","","1918-07-05","兵庫県","03月31日","09月30日",""
"2026-05-25","93240","安田倉庫","安田倉","Yasuda Logistics Corporation","国内","","株式","プライム","倉庫・運輸関連業","100","1999-06-09","","1919-12-20","東京都","03月31日","09月30日",""
"2026-05-25","93250","ファイズホールディングス","ファイズＨＤ","PHYZ Holdings Inc.","国内","","株式","スタンダード","倉庫・運輸関連業","100","2017-03-15","","2013-10-10","大阪府","03月31日","09月30日",""
"2026-05-25","93260","関通ホールディングス","Ｇ－関通ＨＤ","KANTSU HD CO.,LTD.","国内","","株式","グロース","倉庫・運輸関連業","100","2020-03-19","","1986-04-28","兵庫県","02月末日","08月31日",""
"2026-05-25","93270","イー・ロジット","イー・ロジット","e-LogiT co.,ltd.","国内","","株式","スタンダード","倉庫・運輸関連業","100","2021-03-26","","2000-02-14","東京都","03月31日","09月30日",""
"2026-05-25","93300","揚羽","Ｇ－揚羽","AGEHA Inc.","国内","","株式","グロース","サービス業","100","2023-09-21","","2001-08-07","東京都","09月30日","03月31日",""
"2026-05-25","93310","キャスター","Ｇ－キャスター","Caster Co.Ltd.","国内","","株式","グロース","サービス業","100","2023-10-04","","2014-09-26","東京都","08月31日","02月末日",""
"2026-05-25","93320","ＮＩＳＳＯホールディングス","ＮＩＳＳＯＨＤ","NISSO HOLDINGS Co.,Ltd.","国内","","株式","プライム","サービス業","100","2023-10-02","","2023-10-02","神奈川県","03月31日","09月30日",""
"2026-05-25","93340","アイビスホールディングス","Ｐ－アイビスＨＤ","IBIS HOLDINGS Co.,Ltd.","国内","","株式","TOKYO PRO Market","サービス業","100","2023-10-20","","2020-10-30","愛知県","10月31日","04月30日",""
"2026-05-25","93350","テクノクリエイティブ","Ｐ－テクノＣ","techno-creative CO.,LTD.","国内","","株式","TOKYO PRO Market","サービス業","100","2022-11-18","","1999-09-02","熊本県","09月30日","03月31日",""
"2026-05-25","93360","大栄環境","大栄環境","Daiei Kankyo Co.,Ltd.","国内","","株式","プライム","サービス業","100","2022-12-14","","1979-10-17","兵庫県","03月31日","09月30日",""
"2026-05-25","93370","トリドリ","Ｇ－トリドリ","toridori Inc.","国内","","株式","グロース","サービス業","100","2022-12-19","","2016-06-01","東京都","12月31日","06月30日",""
"2026-05-25","93380","ＩＮＦＯＲＩＣＨ","Ｇ－ＩＮＦＯＲＩＣＨ","INFORICH INC.","国内","","株式","グロース","サービス業","100","2022-12-20","","2015-09-02","東京都","12月31日","06月30日",""
"2026-05-25","93390","コーチ・エィ","コーチ・エィ","COACH A Co.,Ltd.","国内","","株式","スタンダード","サービス業","100","2022-12-22","","2001-08-31","東京都","12月31日","06月30日",""
"2026-05-25","93400","アソインターナショナル","アソインター","ASO INTERNATIONAL,INC.","国内","","株式","スタンダード","サービス業","100","2022-12-23","","1988-05-18","東京都","06月30日","12月31日",""
"2026-05-25","93410","ＧＥＮＯＶＡ","ＧＥＮＯＶＡ","GENOVA,Inc.","国内","","株式","プライム","サービス業","100","2022-12-23","","2005-07-04","東京都","03月31日","09月30日",""
"2026-05-25","93420","スマサポ","Ｇ－スマサポ","Sumasapo Inc.","国内","","株式","グロース","サービス業","100","2022-12-29","","2012-04-18","東京都","09月30日","03月31日",""
"2026-05-25","93430","アイビス","Ｇ－アイビス","ibis inc.","国内","","株式","グロース","サービス業","100","2023-03-23","","2000-05-11","東京都","12月31日","06月30日",""
"2026-05-25","93440","アクシスコンサルティング","Ｇ－アクシスＣ","Axis Consulting Corporation","国内","","株式","グロース","サービス業","100","2023-03-28","","2002-04-18","東京都","06月30日","12月31日",""
"2026-05-25","93450","ビズメイツ","Ｇ－ビズメイツ","Bizmates,Inc.","国内","","株式","グロース","サービス業","100","2023-03-30","","2012-07-03","東京都","12月31日","06月30日",""
"2026-05-25","93460","ココルポート","Ｇ－ココルポート","Cocorport,Inc.","国内","","株式","グロース","サービス業","100","2023-03-31","","2012-01-05","神奈川県","06月30日","12月31日",""
"2026-05-25","93470","日本管財ホールディングス","日本管財ＨＤ","NIPPON KANZAI Holdings Co.,Ltd.","国内","","株式","プライム","サービス業","100","2023-04-03","","2023-04-03","兵庫県","03月31日","09月30日",""
"2026-05-25","93480","ｉｓｐａｃｅ","Ｇ－ｉｓｐａｃｅ","ispace,inc.","国内","","株式","グロース","サービス業","100","2023-04-12","","2010-09-01","東京都","03月31日","09月30日",""
"2026-05-25","93510","東洋埠頭","東洋埠頭","TOYO WHARF & WAREHOUSE CO.,LTD.","国内","","株式","スタンダード","倉庫・運輸関連業","100","1949-05-16","","1940-01-21","東京都","03月31日","09月30日",""
"2026-05-25","93530","櫻島埠頭","桜島埠頭","SAKURAJIMA FUTO KAISHA,LTD.","国内","","株式","スタンダード","倉庫・運輸関連業","100","2013-07-16","","1948-02-12","大阪府","03月31日","09月30日",""
"2026-05-25","93550","リンコーコーポレーション","リンコー","RINKO CORPORATION","国内","","株式","スタンダード","倉庫・運輸関連業","100","1961-10-02","","1905-11-15","新潟県","03月31日","09月30日",""
"2026-05-25","93600","鈴与シンワート","鈴与シンワ","SUZUYO SHINWART CORPORATION","国内","","株式","スタンダード","情報・通信業","100","1963-06-10","","1947-05-29","東京都","03月31日","09月30日",""
"2026-05-25","93610","伏木海陸運送","伏木運","FUSHIKI KAIRIKU UNSO CO.,LTD.","国内","","株式","スタンダード","倉庫・運輸関連業","100","1963-07-17","","1944-03-31","富山県","06月30日","12月31日",""
"2026-05-25","93620","兵機海運","兵機海運","HYOKI KAIUN KAISHA,LTD.","国内","","株式","スタンダード","倉庫・運輸関連業","100","2013-07-16","","1942-12-30","兵庫県","03月31日","09月30日",""
"2026-05-25","93630","大運","大運","DAIUN CO.,LTD.","国内","","株式","スタンダード","倉庫・運輸関連業","100","2013-07-16","","1945-03-31","大阪府","03月31日","09月30日",""
"2026-05-25","93640","上組","上組","Kamigumi Co.,Ltd.","国内","","株式","プライム","倉庫・運輸関連業","100","1971-03-29","","1947-02-28","兵庫県","03月31日","09月30日",""
"2026-05-25","93650","トレーディア","トレーディア","TRADIA CORPORATION","国内","","株式","スタンダード","倉庫・運輸関連業","100","2013-07-16","","1941-04-01","兵庫県","03月31日","09月30日",""
"2026-05-25","93660","サンリツ","サンリツ","SANRITSU CORPORATION","国内","","株式","スタンダード","倉庫・運輸関連業","100","1999-03-25","","1948-03-27","東京都","03月31日","09月30日",""
"2026-05-25","93670","大東港運","大東港運","DAITO KOUN CO.,LTD.","国内","","株式","スタンダード","倉庫・運輸関連業","100","2013-07-16","","1957-12-04","東京都","03月31日","09月30日",""
"2026-05-25","93680","キムラユニティー","キムラユニティー","KIMURA UNITY CO.,LTD.","国内","","株式","スタンダード","倉庫・運輸関連業","100","2001-10-19","","1973-10-01","愛知県","03月31日","09月30日",""
"2026-05-25","93690","キユーソー流通システム","キユソ流通","K.R.S.Corporation","国内","","株式","スタンダード","倉庫・運輸関連業","100","1995-09-28","","1966-02-01","東京都","11月30日","05月31日",""
"2026-05-25","93760","ユーラシア旅行社","ユーラシア","EURASIA TRAVEL Co.,Ltd.","国内","","株式","スタンダード","サービス業","100","2013-07-16","","1986-02-13","東京都","09月30日","03月31日",""
"2026-05-25","93770","エージーピー","エージーピー","AGP CORPORATION","国内","","株式","上場廃止","倉庫・運輸関連業","100","2013-07-16","2025-09-29","1965-12-16","東京都","03月31日","09月30日",""
"2026-05-25","93800","東海運","東海運","Azuma Shipping Co.,Ltd.","国内","","株式","スタンダード","倉庫・運輸関連業","100","2006-03-01","","1917-12-02","東京都","03月31日","09月30日",""
"2026-05-25","93810","エーアイテイー","エーアイテイー","AIT CORPORATION","国内","","株式","プライム","倉庫・運輸関連業","100","2007-03-15","","1988-02-01","大阪府","02月末日","08月31日",""
"2026-05-25","93840","内外トランスライン","内外トランスライン","NAIGAI TRANS LINE LTD.","国内","","株式","上場廃止","倉庫・運輸関連業","100","2008-11-05","2025-07-09","1980-05-01","大阪府","12月31日","06月30日",""
"2026-05-25","93850","ショーエイコーポレーション","ショーエイコーポ","SHOEI CORPORATION","国内","","株式","スタンダード","化学","100","2013-07-16","","1968-02-16","大阪府","03月31日","09月30日",""
"2026-05-25","93860","日本コンセプト","日本コンセプト","NIPPON CONCEPT CORPORATION","国内","","株式","上場廃止","倉庫・運輸関連業","100","2013-07-16","2025-11-04","1994-01-06","東京都","12月31日","06月30日",""
"2026-05-25","93990","ビート・ホールディングス・リミテッド","ビート","Beat Holdings Limited","国外","ケイマン諸島","株式","スタンダード","情報・通信業","1","2004-10-28","","2004-01-05","","12月31日","06月30日",""
"2026-05-25","94010","ＴＢＳホールディングス","ＴＢＳＨＤ","TBS HOLDINGS,INC.","国内","","株式","プライム","情報・通信業","100","1960-10-10","","1951-05-17","東京都","03月31日","09月30日",""
"2026-05-25","94040","日本テレビホールディングス","日テレＨＤ","Nippon Television Holdings,Inc.","国内","","株式","プライム","情報・通信業","100","1959-09-15","","1952-10-28","東京都","03月31日","09月30日",""
"2026-05-25","94050","朝日放送グループホールディングス","朝日放送グループＨＤ","ASAHI BROADCASTING GROUP HOLDINGS CORPORATION","国内","","株式","プライム","情報・通信業","100","2013-07-16","","1951-03-15","大阪府","03月31日","09月30日",""
"2026-05-25","94080","ＢＳＮメディアホールディングス","ＢＳＮメディアＨＤ","BSN MEDIA HOLDINGS,INC.","国内","","株式","スタンダード","情報・通信業","100","2013-07-16","","1952-10-14","新潟県","03月31日","09月30日",""
"2026-05-25","94090","テレビ朝日ホールディングス","テレビ朝日ＨＤ","TV Asahi Holdings Corporation","国内","","株式","プライム","情報・通信業","100","2000-10-03","","1957-11-01","東京都","03月31日","09月30日",""
"2026-05-25","94120","スカパーＪＳＡＴ","スカパーＪＳＡＴ","SKY Perfect JSAT Corporation","国内","","株式","プライム","情報・通信業","100","2007-04-02","","2007-04-02","東京都","03月31日","09月30日",""
"2026-05-25","94130","テレビ東京ホールディングス","テレ東ＨＤ","TV TOKYO Holdings Corporation","国内","","株式","プライム","情報・通信業","100","2010-10-01","","2010-10-01","東京都","03月31日","09月30日",""
"2026-05-25","94140","日本ＢＳ放送","日本ＢＳ放送","Nippon BS Broadcasting Corporation","国内","","株式","スタンダード","情報・通信業","100","2014-03-12","","1999-08-23","東京都","08月31日","02月末日",""
"2026-05-25","94160","ビジョン","ビジョン","VISION INC.","国内","","株式","プライム","情報・通信業","100","2015-12-21","","2001-12-04","東京都","12月31日","06月30日",""
"2026-05-25","94170","スマートバリュー","スマートバリュー","Smartvalue Co.,Ltd.","国内","","株式","スタンダード","情報・通信業","100","2015-06-16","","1947-06-09","大阪府","06月30日","12月31日",""
"2026-05-25","94180","Ｕ－ＮＥＸＴ　ＨＯＬＤＩＮＧＳ","Ｕ－ＮＥＸＴ","U-NEXT HOLDINGS Co.,Ltd.","国内","","株式","プライム","情報・通信業","100","2014-12-16","","2009-02-03","東京都","08月31日","02月末日",""
"2026-05-25","94190","ワイヤレスゲート","ワイヤレスゲート","WirelessGate,Inc.","国内","","株式","スタンダード","情報・通信業","100","2012-07-19","","2004-01-26","東京都","12月31日","06月30日",""
"2026-05-25","94210","エヌジェイホールディングス","エヌジェイＨＤ","NJ Holdings Inc.","国内","","株式","スタンダード","情報・通信業","100","2013-07-16","","1991-12-11","東京都","06月30日","12月31日",""
"2026-05-25","94230","フォーバル・リアルストレート","フォーバルＲＳ","Forval RealStraight Inc.","国内","","株式","スタンダード","情報・通信業","100","2013-07-16","","1995-03-16","東京都","03月31日","09月30日",""
"2026-05-25","94240","日本通信","日本通信","Japan Communications Inc.","国内","","株式","プライム","情報・通信業","100","2013-07-16","","1996-05-24","東京都","03月31日","09月30日",""
"2026-05-25","94250","ＲｅＹｕｕ　Ｊａｐａｎ","ＲｅＹｕｕＪａｐａｎ","ReYuu Japan Inc.","国内","","株式","スタンダード","情報・通信業","100","2013-07-16","","1988-06-15","大阪府","10月31日","04月30日",""
"2026-05-25","94280","クロップス","クロップス","CROPS CORPORATION","国内","","株式","スタンダード","情報・通信業","100","2013-03-15","","1977-11-02","愛知県","03月31日","09月30日",""
"2026-05-25","94320","ＮＴＴ","ＮＴＴ","NTT,Inc.","国内","","株式","プライム","情報・通信業","100","1987-02-09","","1985-04-01","東京都","03月31日","09月30日",""
"2026-05-25","94330","ＫＤＤＩ","ＫＤＤＩ","KDDI CORPORATION","国内","","株式","プライム","情報・通信業","100","1993-09-03","","1984-06-01","東京都","03月31日","09月30日",""
"2026-05-25","94340","ソフトバンク","ソフトバンク","SoftBank Corp.","国内","","株式","プライム","情報・通信業","100","2018-12-19","","1986-12-09","東京都","03月31日","09月30日",""
"2026-05-25","94350","光通信","光通信","HIKARI TSUSHIN,INC.","国内","","株式","プライム","情報・通信業","100","1999-09-02","","1952-04-01","東京都","03月31日","09月30日",""
"2026-05-25","94360","沖縄セルラー電話","沖縄セルラー","OKINAWA CELLULAR TELEPHONE COMPANY","国内","","株式","スタンダード","情報・通信業","100","2013-07-16","","1991-06-01","沖縄県","03月31日","09月30日",""
"2026-05-25","94380","エムティーアイ","エムティーアイ","MTI Ltd.","国内","","株式","プライム","情報・通信業","100","2013-07-16","","1996-08-12","東京都","09月30日","03月31日",""
"2026-05-25","94390","エム・エイチ・グループ","ＭＨグループ","M・H・GROUP LTD.","国内","","株式","スタンダード","サービス業","100","2013-07-16","","1990-04-04","東京都","06月30日","12月31日",""
"2026-05-25","94410","ベルパーク","ベルパーク","Bell-Park Co.,Ltd.","国内","","株式","スタンダード","情報・通信業","100","2013-07-16","","1993-02-02","東京都","12月31日","06月30日",""
"2026-05-25","94440","トーシンホールディングス","トーシンＨＤ","TOSHIN HOLDINGS CO.,LTD","国内","","株式","スタンダード","情報・通信業","100","2013-07-16","","1988-04-30","愛知県","04月30日","10月31日",""
"2026-05-25","94450","フォーバルテレコム","Ｆテレコム","FORVAL TELECOM,INC.","国内","","株式","スタンダード","情報・通信業","100","2000-11-28","","1995-04-05","東京都","03月31日","09月30日",""
"2026-05-25","94460","サカイホールディングス","サカイＨＤ","SAKAI Holdings CO.,LTD","国内","","株式","スタンダード","情報・通信業","100","2013-07-16","","1991-03-19","愛知県","09月30日","03月31日",""
"2026-05-25","94490","ＧＭＯインターネットグループ","ＧＭＯ","GMO internet group,Inc.","国内","","株式","プライム","情報・通信業","100","2004-02-27","","1976-06-25","東京都","12月31日","06月30日",""
"2026-05-25","94500","ファイバーゲート","ファイバーゲート","Fibergate Inc.","国内","","株式","スタンダード","情報・通信業","100","2018-03-23","","2000-09-26","北海道","06月30日","12月31日",""
"2026-05-25","94660","アイドママーケティングコミュニケーション","アイドマＭＣ","Aidma Marketing Communication Corporation","国内","","株式","スタンダード","情報・通信業","100","2016-03-18","","1979-04-05","富山県","03月31日","09月30日",""
"2026-05-25","94670","アルファポリス","Ｇ－アルファポリス","AlphaPolis Co.,Ltd.","国内","","株式","グロース","情報・通信業","100","2014-10-30","","2000-08-25","東京都","03月31日","09月30日",""
"2026-05-25","94680","ＫＡＤＯＫＡＷＡ","ＫＡＤＯＫＡＷＡ","KADOKAWA CORPORATION","国内","","株式","プライム","情報・通信業","100","2014-10-01","","2014-10-01","東京都","03月31日","09月30日",""
"2026-05-25","94700","学研ホールディングス","学研ＨＤ","GAKKEN HOLDINGS CO.,LTD.","国内","","株式","プライム","情報・通信業","100","1982-08-16","","1947-03-31","東京都","09月30日","03月31日",""
"2026-05-25","94740","ゼンリン","ゼンリン","ZENRIN CO.,LTD.","国内","","株式","プライム","情報・通信業","100","1996-09-13","","1961-04-19","福岡県","03月31日","09月30日",""
"2026-05-25","94750","昭文社ホールディングス","昭文社ＨＤ","Shobunsha Holdings,Inc.","国内","","株式","スタンダード","情報・通信業","100","1999-03-05","","1964-06-11","東京都","03月31日","09月30日",""
"2026-05-25","94760","中央経済社ホールディングス","中央経済社ＨＤ","CHUOKEIZAI-SHA HOLDINGS,INC.","国内","","株式","スタンダード","情報・通信業","100","2013-07-16","","1948-10-13","東京都","09月30日","03月31日",""
"2026-05-25","94780","ＳＥホールディングス・アンド・インキュベーションズ","ＳＥ　Ｈ＆Ｉ","SE Holdings and Incubations Co.,Ltd.","国内","","株式","スタンダード","情報・通信業","100","2013-07-16","","1985-12-19","東京都","03月31日","09月30日",""
"2026-05-25","94790","インプレスホールディングス","インプレス","Impress Holdings, Inc.","国内","","株式","上場廃止","情報・通信業","100","2000-10-06","2025-07-28","1992-04-01","東京都","03月31日","09月30日",""
"2026-05-25","95010","東京電力ホールディングス","東電力ＨＤ","Tokyo Electric Power Company Holdings,Incorporated","国内","","株式","プライム","電気・ガス業","100","1951-08-24","","1951-05-01","東京都","03月31日","09月30日",""
"2026-05-25","95020","中部電力","中部電力","Chubu Electric Power Company,Incorporated","国内","","株式","プライム","電気・ガス業","100","1951-08-24","","1951-05-01","愛知県","03月31日","09月30日",""
"2026-05-25","95030","関西電力","関西電力","The Kansai Electric Power Company,Incorporated","国内","","株式","プライム","電気・ガス業","100","1951-08-24","","1951-05-01","大阪府","03月31日","09月30日",""
"2026-05-25","95040","中国電力","中国電力","The Chugoku Electric Power Company,Incorporated","国内","","株式","プライム","電気・ガス業","100","1952-11-01","","1951-05-01","広島県","03月31日","09月30日",""
"2026-05-25","95050","北陸電力","北陸電力","Hokuriku Electric Power Company","国内","","株式","プライム","電気・ガス業","100","1952-12-20","","1951-05-01","富山県","03月31日","09月30日",""
"2026-05-25","95060","東北電力","東北電力","Tohoku Electric Power Company,Incorporated","国内","","株式","プライム","電気・ガス業","100","1951-10-01","","1951-05-01","宮城県","03月31日","09月30日",""
"2026-05-25","95070","四国電力","四国電力","Shikoku Electric Power Company,Incorporated","国内","","株式","プライム","電気・ガス業","100","1954-05-20","","1951-05-01","香川県","03月31日","09月30日",""
"2026-05-25","95080","九州電力","九州電力","Kyushu Electric Power Company,Incorporated","国内","","株式","プライム","電気・ガス業","100","1953-02-02","","1951-05-01","福岡県","03月31日","09月30日",""
"2026-05-25","95090","北海道電力","北海電力","Hokkaido Electric Power Company,Incorporated","国内","","株式","プライム","電気・ガス業","100","1953-02-02","","1951-05-01","北海道","03月31日","09月30日",""
"2026-05-25","95110","沖縄電力","沖縄電力","The Okinawa Electric Power Company,Incorporated","国内","","株式","プライム","電気・ガス業","100","1992-02-10","","1972-05-15","沖縄県","03月31日","09月30日",""
"2026-05-25","95130","電源開発","Ｊパワー","Electric Power Development Co.,Ltd.","国内","","株式","プライム","電気・ガス業","100","2004-10-06","","1952-09-16","東京都","03月31日","09月30日",""
"2026-05-25","95140","エフオン","ＥＦ－ＯＮ","EF-ON INC.","国内","","株式","スタンダード","電気・ガス業","100","2005-03-04","","1997-05-27","東京都","06月30日","12月31日",""
"2026-05-25","95170","イーレックス","イーレックス","eREX Co.,Ltd.","国内","","株式","プライム","電気・ガス業","100","2014-12-22","","1999-12-08","東京都","03月31日","09月30日",""
"2026-05-25","95190","レノバ","レノバ","RENOVA,Inc.","国内","","株式","プライム","電気・ガス業","100","2017-02-23","","2000-05-30","東京都","03月31日","09月30日",""
"2026-05-25","95310","東京瓦斯","東瓦斯","TOKYO GAS CO.,LTD.","国内","","株式","プライム","電気・ガス業","100","1949-05-16","","1885-10-01","東京都","03月31日","09月30日",""
"2026-05-25","95320","大阪瓦斯","大瓦斯","OSAKA GAS CO.,LTD.","国内","","株式","プライム","電気・ガス業","100","1949-05-16","","1897-04-10","大阪府","03月31日","09月30日",""
"2026-05-25","95330","東邦瓦斯","東邦瓦斯","TOHO GAS CO.,LTD.","国内","","株式","プライム","電気・ガス業","100","1949-05-16","","1922-06-26","愛知県","03月31日","09月30日",""
"2026-05-25","95340","北海道瓦斯","北海瓦斯","HOKKAIDO GAS CO.,LTD.","国内","","株式","プライム","電気・ガス業","100","1949-05-16","","1911-06-29","北海道","03月31日","09月30日",""
"2026-05-25","95350","広島ガス","広島ガス","HIROSHIMA GAS CO.,LTD.","国内","","株式","プライム","電気・ガス業","100","2000-03-01","","1909-10-30","広島県","03月31日","09月30日",""
"2026-05-25","95360","西部ガスホールディングス","西部ガスＨＤ","SAIBU GAS HOLDINGS CO.,LTD.","国内","","株式","プライム","電気・ガス業","100","1974-01-11","","1930-12-01","福岡県","03月31日","09月30日",""
"2026-05-25","95370","北陸瓦斯","北陸瓦斯","HOKURIKU GAS CO.,LTD.","国内","","株式","スタンダード","電気・ガス業","100","2000-03-01","","1913-06-02","新潟県","03月31日","09月30日",""
"2026-05-25","95390","京葉瓦斯","京葉瓦斯","KEIYO GAS CO.,LTD.","国内","","株式","スタンダード","電気・ガス業","100","1962-08-08","","1926-12-26","千葉県","12月31日","06月30日",""
"2026-05-25","95430","静岡ガス","静岡ガス","SHIZUOKA GAS CO.,LTD.","国内","","株式","プライム","電気・ガス業","100","2001-12-07","","1910-04-16","静岡県","12月31日","06月30日",""
"2026-05-25","95510","メタウォーター","メタウォーター","METAWATER Co.,Ltd.","国内","","株式","プライム","電気・ガス業","100","2014-12-19","","2008-04-01","東京都","03月31日","09月30日",""
"2026-05-25","95520","クオンツ総研ホールディングス","クオンツ総研ＨＤ","Quants Research Institute Holdings,Inc.","国内","","株式","プライム","サービス業","100","2022-06-28","","2018-10-12","東京都","09月30日","03月31日",""
"2026-05-25","95530","マイクロアド","Ｇ－マイクロアド","MicroAd,Inc.","国内","","株式","グロース","サービス業","100","2022-06-29","","2007-07-02","東京都","09月30日","03月31日",""
"2026-05-25","95540","ＡＶｉＣ","Ｇ－ＡＶｉＣ","AViC Co.,Ltd.","国内","","株式","グロース","サービス業","100","2022-06-30","","2013-07-01","東京都","09月30日","03月31日",""
"2026-05-25","95560","ＩＮＴＬＯＯＰ","Ｇ－ＩＮＴＬＯＯＰ","INTLOOP Inc.","国内","","株式","グロース","サービス業","100","2022-07-08","","2005-02-25","東京都","07月31日","01月31日",""
"2026-05-25","95570","エアークローゼット","Ｇ－エアクロ","airCloset,Inc.","国内","","株式","グロース","サービス業","100","2022-07-29","","2014-07-15","東京都","06月30日","12月31日",""
"2026-05-25","95580","ジャパニアス","Ｇ－ジャパニアス","Japaniace Co.,Ltd.","国内","","株式","グロース","サービス業","100","2022-09-13","","1999-12-22","神奈川県","11月30日","05月31日",""
"2026-05-25","95600","プログリット","Ｇ－プログリット","PROGRIT Inc.","国内","","株式","グロース","サービス業","100","2022-09-29","","2016-09-06","東京都","08月31日","02月末日",""
"2026-05-25","95610","グラッドキューブ","Ｇ－グラッドキューブ","GLAD CUBE Inc.","国内","","株式","グロース","サービス業","100","2022-09-28","","2007-01-04","大阪府","12月31日","06月30日",""
"2026-05-25","95620","ビジネスコーチ","Ｇ－ビジネスコーチ","Business Coach Inc.","国内","","株式","グロース","サービス業","100","2022-10-20","","2005-04-06","東京都","09月30日","03月31日",""
"2026-05-25","95630","Ａｔｌａｓ　Ｔｅｃｈｎｏｌｏｇｉｅｓ","Ｇ－Ａｔｌａｓ","Atlas Technologies Corporation","国内","","株式","グロース","サービス業","100","2022-10-26","","2018-01-17","東京都","12月31日","06月30日",""
"2026-05-25","95640","ＦＣＥ","ＦＣＥ","FCE Inc.","国内","","株式","スタンダード","サービス業","100","2022-10-27","","2017-04-21","東京都","09月30日","03月31日",""
"2026-05-25","95650","ＧＬＯＥ","Ｇ－ＧＬＯＥ","GLOE Inc.","国内","","株式","グロース","サービス業","100","2022-11-30","","2015-11-19","東京都","06月30日","","2026-06-30"
"2026-05-25","96000","アイネット","アイネット","I-NET CORP.","国内","","株式","上場廃止","情報・通信業","100","1997-09-18","2026-02-26","1971-04-22","神奈川県","03月31日","09月30日",""
"2026-05-25","96010","松竹","松竹","Shochiku Co.,Ltd.","国内","","株式","プライム","情報・通信業","100","1949-05-16","","1920-11-08","東京都","02月末日","08月31日",""
"2026-05-25","96020","東宝","東宝","TOHO CO.,LTD","国内","","株式","プライム","情報・通信業","100","1949-05-16","","1932-08-12","東京都","02月末日","08月31日",""
"2026-05-25","96030","エイチ・アイ・エス","Ｈ．Ｉ．Ｓ．","H.I.S.Co.,Ltd.","国内","","株式","プライム","サービス業","100","2002-12-11","","1980-12-19","東京都","10月31日","04月30日",""
"2026-05-25","96050","東映","東映","TOEI COMPANY,LTD.","国内","","株式","プライム","情報・通信業","100","1952-11-28","","1949-10-01","東京都","03月31日","09月30日",""
"2026-05-25","96100","ウィルソン・ラーニング　ワールドワイド","ウィルソンＷＬＷ","WILSON LEARNING WORLDWIDE INC.","国内","","株式","スタンダード","サービス業","100","2013-07-16","","1981-12-28","東京都","03月31日","09月30日",""
"2026-05-25","96120","ラックランド","ラックランド","LUCKLAND CO.,LTD.","国内","","株式","プライム","サービス業","100","2005-03-08","","1970-05-15","東京都","12月31日","06月30日",""
"2026-05-25","96130","ＮＴＴデータグループ","ＮＴＴデータグループ","NTT DATA GROUP CORPORATION","国内","","株式","上場廃止","情報・通信業","100","1995-04-26","2025-09-26","1988-05-23","東京都","03月31日","09月30日",""
"2026-05-25","96160","共立メンテナンス","共立メンテ","KYORITSU MAINTENANCE CO.,LTD.","国内","","株式","プライム","サービス業","100","1999-03-24","","1979-09-27","東京都","03月31日","09月30日",""
"2026-05-25","96190","イチネンホールディングス","イチネンＨＤ","ICHINEN HOLDINGS CO.,LTD.","国内","","株式","プライム","サービス業","100","2003-04-25","","1963-05-07","大阪府","03月31日","09月30日",""
"2026-05-25","96210","建設技術研究所","建設技研","CTI Engineering Co.,Ltd.","国内","","株式","プライム","サービス業","100","1996-10-22","","1963-04-04","東京都","12月31日","06月30日",""
"2026-05-25","96220","スペース","スペース","SPACE CO.,LTD.","国内","","株式","プライム","サービス業","100","1999-09-02","","1972-10-05","東京都","12月31日","06月30日",""
"2026-05-25","96250","セレスポ","セレスポ","CERESPO CO.,LTD.","国内","","株式","スタンダード","サービス業","100","2013-07-16","","1977-07-21","東京都","03月31日","09月30日",""
"2026-05-25","96270","アインホールディングス","アインＨＤ","AIN HOLDINGS INC.","国内","","株式","プライム","小売業","100","2009-04-02","","1969-08-02","北海道","04月30日","10月31日",""
"2026-05-25","96280","燦ホールディングス","燦ＨＤ","SAN HOLDINGS,INC.","国内","","株式","プライム","サービス業","100","2000-12-07","","1944-10-02","大阪府","08月31日","","2026-08-31"
"2026-05-25","96290","ピー・シー・エー","ピーシーエー","PCA CORPORATION","国内","","株式","プライム","情報・通信業","100","2000-02-21","","1980-08-01","東京都","03月31日","09月30日",""
"2026-05-25","96320","スバル興業","スバル興","Subaru Enterprise Co.,Ltd.","国内","","株式","スタンダード","サービス業","100","1949-05-16","","1946-02-09","東京都","01月31日","07月31日",""
"2026-05-25","96330","東京テアトル","テアトル","TOKYO THEATRES COMPANY,INCORPORATED","国内","","株式","スタンダード","不動産業","100","1949-05-16","","1946-06-28","東京都","03月31日","09月30日",""
"2026-05-25","96350","武蔵野興業","武蔵野興","Musashino Kogyo Co.,Ltd.","国内","","株式","スタンダード","サービス業","100","1949-08-22","","1920-05-15","東京都","03月31日","09月30日",""
"2026-05-25","96360","きんえい","きんえい","Kin-Ei Corp.","国内","","株式","スタンダード","サービス業","100","2013-07-16","","1937-05-12","大阪府","01月31日","07月31日",""
"2026-05-25","96390","三協フロンテア","三協フロンテ","SANKYO FRONTIER CO.,LTD.","国内","","株式","スタンダード","サービス業","100","2013-07-16","","1969-12-05","千葉県","03月31日","09月30日",""
"2026-05-25","96400","セゾンテクノロジー","セゾンテクノロジー","Saison Technology Co.,Ltd.","国内","","株式","スタンダード","情報・通信業","100","2013-07-16","","1970-09-01","東京都","03月31日","09月30日",""
"2026-05-25","96440","タナベコンサルティンググループ","タナベコンサルＧ","TANABE CONSULTING GROUP CO.,LTD.","国内","","株式","プライム","サービス業","100","2013-07-16","","1963-04-01","大阪府","03月31日","09月30日",""
"2026-05-25","96470","協和コンサルタンツ","協和コンサル","KYOWA ENGINEERING CONSULTANTS CO.,LTD.","国内","","株式","スタンダード","サービス業","100","2013-07-16","","1961-08-29","東京都","11月30日","05月31日",""
"2026-05-25","96510","日本プロセス","日プロ","Japan Process Development Co.,Ltd.","国内","","株式","スタンダード","情報・通信業","100","2013-07-16","","1967-06-20","東京都","05月31日","11月30日",""
"2026-05-25","96560","グリーンランドリゾート","グリーンランド","GREENLAND RESORT COMPANY LIMITED","国内","","株式","スタンダード","サービス業","100","2013-07-16","","1980-01-10","熊本県","12月31日","06月30日",""
"2026-05-25","96580","ビジネスブレイン太田昭和","ビジ太田昭和","BUSINESS BRAIN SHOWA・OTA INC.","国内","","株式","プライム","情報・通信業","100","2013-07-16","","1967-08-26","東京都","03月31日","09月30日",""
"2026-05-25","96610","歌舞伎座","歌舞伎","Kabuki-Za Co.,Ltd.","国内","","株式","スタンダード","サービス業","100","1952-07-01","","1949-11-21","東京都","02月末日","08月31日",""
"2026-05-25","96630","ナガワ","ナガワ","NAGAWA CO.,Ltd","国内","","株式","プライム","サービス業","100","2013-07-16","","1980-11-07","東京都","03月31日","09月30日",""
"2026-05-25","96720","東京都競馬","都競馬","TOKYOTOKEIBA CO.,LTD.","国内","","株式","プライム","サービス業","100","1955-09-10","","1949-12-20","東京都","12月31日","06月30日",""
"2026-05-25","96780","カナモト","カナモト","KANAMOTO CO.,LTD.","国内","","株式","プライム","サービス業","100","1996-03-28","","1937-09-24","北海道","10月31日","04月30日",""
"2026-05-25","96790","ホウライ","ホウライ","HORAI Co.,Ltd.","国内","","株式","スタンダード","サービス業","100","2013-07-16","","1928-01-16","東京都","09月30日","03月31日",""
"2026-05-25","96820","ＤＴＳ","ＤＴＳ","DTS CORPORATION","国内","","株式","プライム","情報・通信業","100","1997-09-11","","1972-08-25","東京都","03月31日","09月30日",""
"2026-05-25","96840","スクウェア・エニックス・ホールディングス","スクエニＨＤ","SQUARE ENIX HOLDINGS CO.,LTD.","国内","","株式","プライム","情報・通信業","100","1999-08-18","","1975-09-22","東京都","03月31日","09月30日",""
"2026-05-25","96850","ＫＹＣＯＭホールディングス","ＫＹＣＯＭ","KYCOM HOLDINGS CO.,LTD.","国内","","株式","スタンダード","情報・通信業","100","2013-07-16","","1968-05-30","福井県","03月31日","09月30日",""
"2026-05-25","96860","東洋テック","東洋テック","TOYO TEC CO.,LTD.","国内","","株式","スタンダード","サービス業","100","2013-07-16","","1972-10-11","大阪府","03月31日","09月30日",""
"2026-05-25","96870","ＫＳＫ","ＫＳＫ","KSK CO.,LTD","国内","","株式","スタンダード","情報・通信業","100","2013-07-16","","1974-05-23","東京都","03月31日","09月30日",""
"2026-05-25","96910","両毛システムズ","両毛システム","RYOMO SYSTEMS CO.,LTD.","国内","","株式","スタンダード","情報・通信業","100","2013-07-16","","1970-01-31","群馬県","03月31日","09月30日",""
"2026-05-25","96920","シーイーシー","シーイーシー","COMPUTER ENGINEERING & CONSULTING LTD.","国内","","株式","プライム","情報・通信業","100","1990-11-02","","1968-02-24","神奈川県","01月31日","07月31日",""
"2026-05-25","96960","ウィザス","ウィザス","With us Corporation","国内","","株式","上場廃止","サービス業","100","2013-07-16","2025-09-04","1976-07-10","大阪府","03月31日","09月30日",""
"2026-05-25","96970","カプコン","カプコン","CAPCOM CO.,LTD.","国内","","株式","プライム","情報・通信業","100","2000-10-18","","1979-05-30","大阪府","03月31日","09月30日",""
"2026-05-25","96980","クレオ","クレオ","CREO CO.,LTD.","国内","","株式","スタンダード","情報・通信業","100","2013-07-16","","1974-03-22","東京都","03月31日","09月30日",""
"2026-05-25","96990","ニシオホールディングス","ニシオＨＤ","NISHIO HOLDINGS CO.,LTD.","国内","","株式","プライム","サービス業","100","2013-07-16","","1946-09-09","大阪府","09月30日","03月31日",""
"2026-05-25","97010","東京會舘","東京会館","Tokyo Kaikan Co.,Ltd.","国内","","株式","スタンダード","サービス業","100","1949-05-16","","1920-04-24","東京都","03月31日","09月30日",""
"2026-05-25","97020","アイ・エス・ビー","アイエスビー","ISB CORPORATION","国内","","株式","プライム","情報・通信業","100","2008-01-16","","1970-06-04","東京都","12月31日","06月30日",""
"2026-05-25","97040","アゴーラ　ホスピタリティー　グループ","アゴーラＨＧ","Agora Hospitality Group Co.,Ltd.","国内","","株式","スタンダード","サービス業","100","1949-05-16","","1948-03-20","東京都","12月31日","06月30日",""
"2026-05-25","97060","日本空港ビルデング","日空ビル","Japan Airport Terminal Co.,ltd.","国内","","株式","プライム","不動産業","100","1990-02-08","","1953-07-20","東京都","03月31日","09月30日",""
"2026-05-25","97080","帝国ホテル","帝国ホテル","Imperial Hotel,Ltd.","国内","","株式","スタンダード","サービス業","100","1961-10-02","","1907-01-25","東京都","03月31日","09月30日",""
"2026-05-25","97090","ＮＣＳ＆Ａ","ＮＣＳ＆Ａ","NCS&A CO.,LTD.","国内","","株式","スタンダード","情報・通信業","100","2013-07-16","","1966-09-21","大阪府","03月31日","09月30日",""
"2026-05-25","97130","ロイヤルホテル","ロイヤルホテル","THE ROYAL HOTEL,LIMITED","国内","","株式","スタンダード","サービス業","100","2013-07-16","","1932-03-14","大阪府","03月31日","09月30日",""
"2026-05-25","97150","トランス・コスモス","トランスコスモス","transcosmos inc.","国内","","株式","プライム","サービス業","100","1992-10-16","","1978-11-30","東京都","03月31日","09月30日",""
"2026-05-25","97160","乃村工藝社","乃村工芸","NOMURA Co.,Ltd.","国内","","株式","プライム","サービス業","100","1991-11-15","","1942-12-09","東京都","02月末日","08月31日",""
"2026-05-25","97190","ＳＣＳＫ","ＳＣＳＫ","SCSK Corporation","国内","","株式","上場廃止","情報・通信業","100","1989-02-28","2026-03-12","1969-10-25","東京都","03月31日","09月30日",""
"2026-05-25","97200","ホテル、ニューグランド","ニューグランド","HOTEL NEWGRAND CO.,LTD.","国内","","株式","スタンダード","サービス業","100","2013-07-16","","1926-07-06","神奈川県","11月30日","05月31日",""
"2026-05-25","97220","藤田観光","藤田観","FUJITA KANKO INC.","国内","","株式","プライム","サービス業","100","1964-04-06","","1946-06-12","東京都","12月31日","06月30日",""
"2026-05-25","97230","京都ホテル","京都ホテル","THE KYOTO HOTEL,LTD.","国内","","株式","スタンダード","サービス業","100","2013-07-16","","1927-06-07","京都府","03月31日","09月30日",""
"2026-05-25","97260","ＫＮＴ－ＣＴホールディングス","ＫＮＴＣＴ","KNT-CT Holdings Co.,Ltd.","国内","","株式","スタンダード","サービス業","100","1975-07-07","","1947-05-26","東京都","03月31日","09月30日",""
"2026-05-25","97290","トーカイ","トーカイ","TOKAI Corp.","国内","","株式","プライム","サービス業","100","2010-03-19","","1955-07-21","岐阜県","03月31日","09月30日",""
"2026-05-25","97310","白洋舎","白洋舎","Hakuyosha Company,Ltd.","国内","","株式","スタンダード","サービス業","100","1949-05-16","","1920-05-02","東京都","12月31日","06月30日",""
"2026-05-25","97330","ナガセ","ナガセ","Nagase Brothers Inc.","国内","","株式","スタンダード","サービス業","100","2013-07-16","","1976-05-10","東京都","03月31日","09月30日",""
"2026-05-25","97350","セコム","セコム","SECOM CO.,LTD.","国内","","株式","プライム","サービス業","100","1974-06-24","","1962-07-07","東京都","03月31日","09月30日",""
"2026-05-25","97390","ＮＳＷ","ＮＳＷ","NSW Inc.","国内","","株式","プライム","情報・通信業","100","1999-04-27","","1966-08-03","東京都","03月31日","09月30日",""
"2026-05-25","97400","セントラル警備保障","ＣＳＰ","CENTRAL SECURITY PATROLS CO.,LTD.","国内","","株式","プライム","サービス業","100","1988-12-16","","1972-04-19","東京都","02月末日","08月31日",""
"2026-05-25","97420","アイネス","アイネス","INES Corporation","国内","","株式","プライム","情報・通信業","100","1987-02-25","","1964-07-28","東京都","03月31日","09月30日",""
"2026-05-25","97430","丹青社","丹青社","TANSEISHA CO.,LTD.","国内","","株式","プライム","サービス業","100","1987-03-18","","1949-10-14","東京都","01月31日","07月31日",""
"2026-05-25","97440","メイテックグループホールディングス","メイテックＧＨＤ","MEITEC Group Holdings Inc.","国内","","株式","プライム","サービス業","100","1991-02-08","","1974-07-17","東京都","03月31日","09月30日",""
"2026-05-25","97460","ＴＫＣ","ＴＫＣ","TKC Corporation","国内","","株式","プライム","情報・通信業","100","1987-07-21","","1966-10-22","東京都","09月30日","03月31日",""
"2026-05-25","97530","アイエックス・ナレッジ","ＩＸナレッジ","IX Knowledge Incorporated","国内","","株式","スタンダード","情報・通信業","100","2013-07-16","","1979-06-22","東京都","03月31日","09月30日",""
"2026-05-25","97550","応用地質","応用地質","OYO Corporation","国内","","株式","プライム","サービス業","100","1991-10-07","","1957-05-02","東京都","12月31日","06月30日",""
"2026-05-25","97570","船井総研ホールディングス","船井総研ＨＤ","Funai Soken Holdings Incorporated","国内","","株式","プライム","サービス業","100","2004-12-14","","1970-03-06","東京都","12月31日","06月30日",""
"2026-05-25","97590","ＮＳＤ","ＮＳＤ","NSD CO.,LTD.","国内","","株式","プライム","情報・通信業","100","1999-11-18","","1969-04-08","東京都","03月31日","09月30日",""
"2026-05-25","97600","進学会ホールディングス","進学会ＨＤ","SHINGAKUKAI HOLDINGS CO.,LTD.","国内","","株式","スタンダード","サービス業","100","2004-02-03","","1976-06-17","北海道","03月31日","09月30日",""
"2026-05-25","97610","東海リース","東海リース","TOKAI LEASE CO.,LTD.","国内","","株式","スタンダード","サービス業","100","1990-02-20","","1968-05-20","大阪府","03月31日","09月30日",""
"2026-05-25","97630","丸建リース","丸建リース","Maruken Lease Co.,Ltd.","国内","","株式","スタンダード","卸売業","100","1978-12-18","","1939-02-06","東京都","03月31日","09月30日",""
"2026-05-25","97650","オオバ","オオバ","OHBA CO.,LTD.","国内","","株式","プライム","サービス業","100","1972-06-01","","1947-10-01","東京都","05月31日","11月30日",""
"2026-05-25","97660","コナミグループ","コナミグループ","KONAMI GROUP CORPORATION","国内","","株式","プライム","情報・通信業","100","1988-02-19","","1973-03-19","東京都","03月31日","09月30日",""
"2026-05-25","97670","日建工学","日建工学","NIKKEN KOGAKU CO.,LTD.","国内","","株式","スタンダード","サービス業","100","1984-12-25","","1950-11-01","東京都","03月31日","09月30日",""
"2026-05-25","97680","いであ","いであ","IDEA Consultants,Inc.","国内","","株式","スタンダード","サービス業","100","2013-07-16","","1968-09-24","東京都","12月31日","06月30日",""
"2026-05-25","97690","学究社","学究社","GAKKYUSHA CO.,LTD.","国内","","株式","プライム","サービス業","100","2013-07-16","","1976-10-06","東京都","03月31日","09月30日",""
"2026-05-25","97760","札幌臨床検査センター","札臨","SAPPORO CLINICAL LABORATORY INC.","国内","","株式","上場廃止","サービス業","100","2013-07-16","2026-02-16","1965-09-22","北海道","03月31日","09月30日",""
"2026-05-25","97780","昴","昴","SUBARU CO.,LTD.","国内","","株式","スタンダード","サービス業","100","2013-07-16","","1959-09-08","鹿児島県","02月末日","08月31日",""
"2026-05-25","97800","ハリマビステム","ハリマビステム","HARIMA B.STEM CORPORATION","国内","","株式","スタンダード","サービス業","100","2013-07-16","","1961-10-06","神奈川県","03月31日","09月30日",""
"2026-05-25","97820","ディーエムエス","ディーエムエス","DMS INC.","国内","","株式","スタンダード","サービス業","100","2013-07-16","","1961-04-04","東京都","03月31日","09月30日",""
"2026-05-25","97870","イオンディライト","イオンディライ","AEON DELIGHT CO.,LTD.","国内","","株式","上場廃止","サービス業","100","1999-07-30","2025-07-17","1973-04-06","東京都","02月末日","08月31日",""
"2026-05-25","97880","ナック","ナック","NAC CO.,LTD.","国内","","株式","プライム","サービス業","100","1997-01-28","","1971-05-20","東京都","03月31日","09月30日",""
"2026-05-25","97900","福井コンピュータホールディングス","福井コンピ","Fukui Computer Holdings,Inc.","国内","","株式","プライム","情報・通信業","100","2006-02-10","","1979-12-17","福井県","03月31日","09月30日",""
"2026-05-25","97910","ビケンテクノ","ビケンテクノ","BIKEN TECHNO CORPORATION","国内","","株式","スタンダード","サービス業","100","2002-05-22","","1963-05-14","大阪府","03月31日","09月30日",""
"2026-05-25","97930","ダイセキ","ダイセキ","Daiseki Co.,Ltd.","国内","","株式","プライム","サービス業","100","1999-08-05","","1958-10-01","愛知県","02月末日","08月31日",""
"2026-05-25","97950","ステップ","ステップ","STEP CO.,LTD.","国内","","株式","プライム","サービス業","100","2011-09-27","","1979-09-20","神奈川県","09月30日","03月31日",""
"2026-05-25","97990","旭情報サービス","旭情報","ASAHI INTELLIGENCE SERVICE CO.,LTD.","国内","","株式","スタンダード","情報・通信業","100","2001-02-26","","1962-08-07","東京都","03月31日","09月30日",""
"2026-05-25","98120","テーオーホールディングス","テーオーＨＤ","T.O. Holdings CO.,LTD.","国内","","株式","スタンダード","小売業","100","2013-07-16","","1955-01-10","北海道","05月31日","11月30日",""
"2026-05-25","98160","ストライダーズ","ストライダーズ","Striders Corporation","国内","","株式","スタンダード","不動産業","100","2013-07-16","","1965-02-04","東京都","03月31日","09月30日",""
"2026-05-25","98180","大丸エナウィン","大丸エナ","DAIMARU ENAWIN Co.,Ltd.","国内","","株式","スタンダード","卸売業","100","2000-10-12","","1951-02-16","大阪府","03月31日","09月30日",""
"2026-05-25","98200","エムティジェネックス","ＭＴジェネック","MT GENEX CORPORATION","国内","","株式","スタンダード","不動産業","100","2013-07-16","","1961-09-29","東京都","03月31日","09月30日",""
"2026-05-25","98230","マミーマートホールディングス","マミーマートＨＤ","Mammy Mart Holdings Corporation","国内","","株式","スタンダード","小売業","100","2013-07-16","","1950-04-11","埼玉県","09月30日","03月31日",""
"2026-05-25","98240","泉州電業","泉州電業","SENSHU ELECTRIC CO.,LTD.","国内","","株式","プライム","卸売業","100","2002-11-08","","1949-11-18","大阪府","10月31日","04月30日",""
"2026-05-25","98270","リリカラ","リリカラ","Lilycolor Co.,Ltd.","国内","","株式","スタンダード","卸売業","100","2013-07-16","","1949-07-15","東京都","12月31日","06月30日",""
"2026-05-25","98280","Ｇｅｎｋｉ　Ｇｌｏｂａｌ　Ｄｉｎｉｎｇ　Ｃｏｎｃｅｐｔｓ","ゲンキＧＤＣ","Genki Global Dining Concepts Corporation","国内","","株式","スタンダード","小売業","100","1997-11-25","","1979-07-26","東京都","03月31日","09月30日",""
"2026-05-25","98300","トラスコ中山","トラスコ中山","TRUSCO NAKAYAMA CORPORATION","国内","","株式","プライム","卸売業","100","1995-05-23","","1964-03-02","東京都","12月31日","06月30日",""
"2026-05-25","98310","ヤマダホールディングス","ヤマダＨＤ","YAMADA HOLDINGS CO.,LTD.","国内","","株式","プライム","小売業","100","2000-09-25","","1978-06-01","群馬県","03月31日","09月30日",""
"2026-05-25","98320","オートバックスセブン","オートバックス","AUTOBACS SEVEN CO.,LTD.","国内","","株式","プライム","卸売業","100","1993-08-17","","1948-08-12","東京都","03月31日","09月30日",""
"2026-05-25","98350","ジュンテンドー","ジュンテンド","JUNTENDO CO.,LTD.","国内","","株式","スタンダード","小売業","100","2000-03-01","","1977-11-18","島根県","02月末日","08月31日",""
"2026-05-25","98370","モリト","モリト","MORITO CO.,LTD.","国内","","株式","プライム","卸売業","100","2013-07-16","","1935-12-17","大阪府","11月30日","05月31日",""
"2026-05-25","98420","アークランズ","アークランズ","ARCLANDS CORPORATION","国内","","株式","プライム","小売業","100","2003-02-21","","1970-07-01","新潟県","02月末日","08月31日",""
"2026-05-25","98430","ニトリホールディングス","ニトリＨＤ","Nitori Holdings Co.,Ltd.","国内","","株式","プライム","小売業","100","2002-10-28","","1972-03-03","東京都","03月31日","09月30日",""
"2026-05-25","98450","パーカーコーポレーション","パーカー","PARKER CORPORATION","国内","","株式","スタンダード","化学","100","2005-03-23","","1951-08-23","東京都","03月31日","09月30日",""
"2026-05-25","98460","天満屋ストア","天満屋ス","TENMAYA STORE CO.,LTD.","国内","","株式","スタンダード","小売業","100","2000-03-01","","1969-04-01","岡山県","02月末日","08月31日",""
"2026-05-25","98490","共同紙販ホールディングス","共同紙","KYODO PAPER HOLDINGS","国内","","株式","スタンダード","卸売業","100","2013-07-16","","1952-03-28","東京都","03月31日","09月30日",""
"2026-05-25","98500","グルメ杵屋","グルメ杵屋","GOURMET KINEYA CO.,LTD.","国内","","株式","プライム","小売業","100","1995-07-27","","1967-03-18","大阪府","03月31日","09月30日",""
"2026-05-25","98530","銀座ルノアール","銀座ルノア","GINZA RENOIR CO.,LTD.","国内","","株式","スタンダード","小売業","100","2013-07-16","","1979-05-04","東京都","03月31日","09月30日",""
"2026-05-25","98540","愛眼","愛眼","AIGAN CO.,LTD.","国内","","株式","スタンダード","小売業","100","2000-10-30","","1961-01-11","大阪府","03月31日","09月30日",""
"2026-05-25","98560","ケーユーホールディングス","ケーユーＨＤ","KU HOLDINGS CO.,LTD.","国内","","株式","スタンダード","小売業","100","1996-12-24","","1972-10-26","東京都","03月31日","09月30日",""
"2026-05-25","98570","英和","英和","EIWA CORPORATION","国内","","株式","スタンダード","卸売業","100","2013-07-16","","1948-06-29","大阪府","03月31日","09月30日",""
"2026-05-25","98610","吉野家ホールディングス","吉野家ＨＤ","YOSHINOYA HOLDINGS CO.,LTD.","国内","","株式","プライム","小売業","100","2000-11-06","","1958-12-27","東京都","02月末日","08月31日",""
"2026-05-25","98670","ソレキア","ソレキア","Solekia Limited","国内","","株式","スタンダード","卸売業","100","2013-07-16","","1958-09-19","東京都","03月31日","09月30日",""
"2026-05-25","98690","加藤産業","加藤産業","KATO SANGYO CO.,LTD.","国内","","株式","プライム","卸売業","100","1997-07-10","","1947-08-22","兵庫県","09月30日","03月31日",""
"2026-05-25","98720","北恵","北恵","KITAKEI CO.,LTD.","国内","","株式","スタンダード","卸売業","100","2013-07-16","","1950-02-07","大阪府","11月20日","05月20日",""
"2026-05-25","98760","コックス","コックス","COX CO.,LTD.","国内","","株式","スタンダード","小売業","100","2013-07-16","","1973-05-16","東京都","02月末日","08月31日",""
"2026-05-25","98780","セキド","セキド","SEKIDO CO.,LTD.","国内","","株式","スタンダード","小売業","100","2000-12-13","","1979-03-22","東京都","03月20日","09月20日",""
"2026-05-25","98800","イノテック","イノテック","INNOTECH CORPORATION","国内","","株式","プライム","電気機器","100","2008-03-25","","1976-06-22","神奈川県","03月31日","09月30日",""
"2026-05-25","98820","イエローハット","イエローハット","YELLOW HAT LTD.","国内","","株式","プライム","卸売業","100","1995-12-15","","1949-06-30","東京都","03月31日","09月30日",""
"2026-05-25","98850","シャルレ","シャルレ","CHARLE CO.,LTD.","国内","","株式","スタンダード","卸売業","100","2013-07-16","","1975-11-19","兵庫県","03月31日","09月30日",""
"2026-05-25","98870","松屋フーズホールディングス","松屋フーズＨＤ","MATSUYA FOODS HOLDINGS CO.,LTD.","国内","","株式","プライム","小売業","100","1999-12-14","","1975-10-14","東京都","03月31日","09月30日",""
"2026-05-25","98880","ＵＥＸ","ＵＥＸ","UEX,LTD.","国内","","株式","スタンダード","卸売業","100","2013-07-16","","1950-10-04","東京都","03月31日","09月30日",""
"2026-05-25","98890","ＪＢＣＣホールディングス","ＪＢＣＣ　ＨＤ","JBCC Holdings Inc.","国内","","株式","プライム","情報・通信業","100","1999-10-01","","1964-04-01","東京都","03月31日","09月30日",""
"2026-05-25","98900","マキヤ","マキヤ","MAKIYA CO.,LTD.","国内","","株式","スタンダード","小売業","100","2013-07-16","","1972-06-27","静岡県","03月31日","09月30日",""
"2026-05-25","98950","コンセック","コンセック","CONSEC CORPORATION","国内","","株式","スタンダード","卸売業","100","2013-07-16","","1967-11-06","広島県","03月31日","09月30日",""
"2026-05-25","98960","ＪＫホールディングス","ＪＫＨＤ","JK Holdings Co.,Ltd.","国内","","株式","スタンダード","卸売業","100","1996-11-05","","1949-02-15","東京都","03月31日","09月30日",""
"2026-05-25","99000","サガミホールディングス","サガミＨＤ","Sagami Holdings Corporation","国内","","株式","プライム","小売業","100","1996-07-01","","1978-02-25","愛知県","03月31日","09月30日",""
"2026-05-25","99020","日伝","日伝","NICHIDEN Corporation","国内","","株式","プライム","卸売業","100","2006-02-20","","1952-01-26","大阪府","03月31日","09月30日",""
"2026-05-25","99030","カンセキ","カンセキ","KANSEKI CO.,LTD","国内","","株式","スタンダード","小売業","100","2013-07-16","","1975-02-15","栃木県","02月末日","08月31日",""
"2026-05-25","99040","ベリテ","ベリテ","Verite Co.,Ltd.","国内","","株式","スタンダード","小売業","100","1991-09-26","","1948-05-13","神奈川県","03月31日","09月30日",""
"2026-05-25","99060","藤井産業","藤井産業","Fujii Sangyo Corporation","国内","","株式","スタンダード","卸売業","100","2013-07-16","","1955-12-27","栃木県","03月31日","09月30日",""
"2026-05-25","99080","日本電計","日本電計","NIHON DENKEI CO.,LTD","国内","","株式","スタンダード","卸売業","100","2013-07-16","","1950-09-04","東京都","03月31日","09月30日",""
"2026-05-25","99130","日邦産業","日邦産業","NIPPO LTD.","国内","","株式","スタンダード","卸売業","100","2013-07-16","","1952-03-06","愛知県","03月31日","09月30日",""
"2026-05-25","99140","植松商会","植松商会","Uematsu Shokai Co.,Ltd.","国内","","株式","スタンダード","卸売業","100","2013-07-16","","1955-06-09","宮城県","03月20日","09月20日",""
"2026-05-25","99270","ワットマン","ワットマン","WATT MANN CO.,LTD.","国内","","株式","スタンダード","小売業","100","2013-07-16","","1967-09-21","神奈川県","03月31日","09月30日",""
"2026-05-25","99280","ミロク情報サービス","ミロク情報","MIROKU JYOHO SERVICE CO.,LTD.","国内","","株式","プライム","情報・通信業","100","1997-08-28","","1977-11-02","東京都","03月31日","09月30日",""
"2026-05-25","99290","平和紙業","平和紙業","HEIWA PAPER CO.,LTD.","国内","","株式","スタンダード","卸売業","100","2013-07-16","","1946-03-04","東京都","03月31日","09月30日",""
"2026-05-25","99300","北沢産業","北沢産業","KITAZAWA SANGYO CO.,LTD.","国内","","株式","スタンダード","卸売業","100","1992-09-03","","1951-03-28","東京都","03月31日","09月30日",""
"2026-05-25","99320","杉本商事","杉本商事","SUGIMOTO & CO.,LTD.","国内","","株式","プライム","卸売業","100","2003-04-10","","1938-01-10","大阪府","03月31日","09月30日",""
"2026-05-25","99340","因幡電機産業","因幡電産","INABA DENKISANGYO CO.,LTD.","国内","","株式","プライム","卸売業","100","1996-09-19","","1949-05-27","大阪府","03月31日","09月30日",""
"2026-05-25","99360","王将フードサービス","王将フード","OHSHO FOOD SERVICE CORP.","国内","","株式","プライム","小売業","100","2013-07-16","","1974-07-03","京都府","03月31日","09月30日",""
"2026-05-25","99410","太洋物産","太洋物産","TAIYO BUSSAN KAISHA,LTD.","国内","","株式","スタンダード","卸売業","100","2013-07-16","","1941-04-12","東京都","09月30日","03月31日",""
"2026-05-25","99460","ミニストップ","ミニストップ","MINISTOP CO.,LTD.","国内","","株式","プライム","小売業","100","1993-07-06","","1980-05-21","千葉県","02月末日","08月31日",""
"2026-05-25","99480","アークス","アークス","ARCS COMPANY,LIMITED","国内","","株式","プライム","小売業","100","2004-03-04","","1961-10-28","北海道","02月末日","08月31日",""
"2026-05-25","99500","ハチバン","ハチバン","HACHI-BAN CO.,LTD.","国内","","株式","スタンダード","小売業","100","2013-07-16","","1971-01-21","石川県","03月20日","09月20日",""
"2026-05-25","99550","ヨンキュウ","ヨンキュウ","THE YONKYU CO.,LTD.","国内","","株式","スタンダード","卸売業","100","2013-07-16","","1975-03-20","愛媛県","03月31日","09月30日",""
"2026-05-25","99560","バローホールディングス","バローＨＤ","VALOR HOLDINGS CO.,LTD.","国内","","株式","プライム","小売業","100","2003-12-02","","1958-07-29","岐阜県","03月31日","09月30日",""
"2026-05-25","99590","アシードホールディングス","アシードＨＤ","ASEED HOLDINGS CO.,LTD.","国内","","株式","スタンダード","小売業","100","2001-02-26","","1972-11-20","広島県","03月31日","09月30日",""
"2026-05-25","99600","東テク","東テク","TOTECH CORPORATION","国内","","株式","プライム","卸売業","100","2013-07-16","","1955-07-06","東京都","03月31日","09月30日",""
"2026-05-25","99620","ミスミグループ本社","ミスミＧ","MISUMI Group Inc.","国内","","株式","プライム","卸売業","100","1994-01-19","","1963-02-23","東京都","03月31日","09月30日",""
"2026-05-25","99690","ショクブン","ショクブン","SHOKUBUN CO.,LTD.","国内","","株式","スタンダード","小売業","100","2001-05-09","","1977-12-06","愛知県","03月31日","09月30日",""
"2026-05-25","99720","アルテック","アルテック","ALTECH CO.,LTD.","国内","","株式","スタンダード","卸売業","100","1998-09-10","","1976-05-15","東京都","11月30日","05月31日",""
"2026-05-25","99730","ＫＯＺＯホールディングス","ＫＯＺＯＨＤ","KOZO Holdings Co.,Ltd.","国内","","株式","スタンダード","小売業","100","2013-07-16","","1972-02-18","東京都","12月31日","06月30日",""
"2026-05-25","99740","ベルク","ベルク","Belc CO.,LTD.","国内","","株式","プライム","小売業","100","2008-02-22","","1959-05-04","埼玉県","02月末日","08月31日",""
"2026-05-25","99760","セキチュー","セキチュー","SEKICHU CO.,LTD.","国内","","株式","スタンダード","小売業","100","2013-07-16","","1952-04-03","群馬県","02月20日","08月20日",""
"2026-05-25","99780","文教堂グループホールディングス","文教堂ＨＤ","BUNKYODO GROUP HOLDINGS CO.,LTD.","国内","","株式","スタンダード","小売業","100","2013-07-16","","1949-12-01","神奈川県","08月31日","02月末日",""
"2026-05-25","99790","大庄","大庄","DAISYO CORPORATION","国内","","株式","スタンダード","小売業","100","1997-05-08","","1971-11-02","東京都","08月31日","02月末日",""
"2026-05-25","99800","ＭＲＫホールディングス","ＭＲＫ　ＨＬＤ","MRK HOLDINGS INC.","国内","","株式","スタンダード","小売業","100","2013-07-16","","1978-04-22","大阪府","03月31日","09月30日",""
"2026-05-25","99820","タキヒヨー","タキヒヨー","Takihyo Co.,Ltd.","国内","","株式","スタンダード","卸売業","100","2002-03-04","","1912-11-15","愛知県","02月末日","08月31日",""
"2026-05-25","99830","ファーストリテイリング","ファーストリテ","FAST RETAILING CO.,LTD.","国内","","株式","プライム","小売業","100","1997-04-02","","1963-05-01","山口県","08月31日","02月末日",""
"2026-05-25","99840","ソフトバンクグループ","ソフトバンクグループ","SoftBank Group Corp.","国内","","株式","プライム","情報・通信業","100","1998-01-16","","1981-09-03","東京都","03月31日","09月30日",""
"2026-05-25","99860","蔵王産業","蔵王産業","ZAOH COMPANY,LTD.","国内","","株式","スタンダード","卸売業","100","2007-05-08","","1956-04-20","東京都","03月31日","09月30日",""
"2026-05-25","99870","スズケン","スズケン","SUZUKEN CO.,LTD.","国内","","株式","プライム","卸売業","100","1995-09-06","","1946-08-10","愛知県","03月31日","09月30日",""
"2026-05-25","99890","サンドラッグ","サンドラッグ","SUNDRUG CO.,LTD.","国内","","株式","プライム","小売業","100","1997-09-17","","1965-04-08","東京都","03月31日","09月30日",""
"2026-05-25","99900","サックスバー　ホールディングス","サックスバーＨＤ","SAC'S BAR HOLDINGS INC.","国内","","株式","プライム","小売業","100","2006-04-17","","1974-08-01","東京都","03月31日","09月30日",""
"2026-05-25","99910","ジェコス","ジェコス","GECOSS CORPORATION","国内","","株式","プライム","卸売業","100","1994-08-26","","1946-08-01","東京都","03月31日","09月30日",""
"2026-05-25","99930","ヤマザワ","ヤマザワ","YAMAZAWA CO.,LTD.","国内","","株式","スタンダード","小売業","100","2004-02-19","","1962-10-04","山形県","02月末日","08月31日",""
"2026-05-25","99940","やまや","やまや","YAMAYA CORPORATION","国内","","株式","スタンダード","小売業","100","2002-03-08","","1970-11-26","宮城県","03月31日","09月30日",""
"2026-05-25","99960","サトー商会","サトー商会","Satoh&Co.,Ltd.","国内","","株式","スタンダード","卸売業","100","2013-07-16","","1950-02-22","宮城県","03月31日","09月30日",""
"2026-05-25","99970","ベルーナ","ベルーナ","BELLUNA CO.,LTD.","国内","","株式","プライム","小売業","100","1998-01-16","","1947-11-26","埼玉県","03月31日","09月30日",""
"2026-05-25","67970","名古屋電機工業","名古屋電機工業","NAGOYA ELECTRIC WORKS CO.,LTD.","国内","","株式","スタンダード","電気機器","100","2024-03-13","","1958-05-17","愛知県","03月31日","09月30日",""
"2026-05-25","53560","美濃窯業","美濃窯業","MINO CERAMIC CO.,LTD.","国内","","株式","スタンダード","ガラス・土石製品","100","2024-03-18","","1918-08-14","愛知県","03月31日","09月30日",""
"2026-05-25","58680","ロココ","ロココ","Rococo Co.Ltd.","国内","","株式","スタンダード","サービス業","100","2023-12-20","","1994-06-07","東京都","12月31日","06月30日",""
"2026-05-25","58690","早稲田学習研究会","早稲田学習研究会","WASEDA GAKUSHUKENKYUKAI CO.,LTD.","国内","","株式","スタンダード","サービス業","100","2023-12-22","","1993-01-22","群馬県","05月31日","","2026-05-31"
"2026-05-25","56220","ワンビ","Ｐ－ワンビ","OneBe,Inc.","国内","","株式","TOKYO PRO Market","情報・通信業","100","2024-01-11","","2006-05-16","東京都","03月31日","09月30日",""
"2026-05-25","20120","ｉシェアーズ　米国債０－３ヶ月　ＥＴＦ","ｉＳ米国債０３月","iShares 0-3 Month US Treasury Bond ETF","国内","","ETF","その他","","10","2024-01-18","","","","01月11日","07月11日",""
"2026-05-25","20130","ｉシェアーズ　米国高配当株　ＥＴＦ","ｉＳ米国高配当株","iShares US High Dividend ETF","国内","","ETF","その他","","10","2024-01-18","","","","02月09日","08月09日",""
"2026-05-25","20140","ｉシェアーズ　米国連続増配株　ＥＴＦ","ｉＳ米国連続増配株","iShares US Dividend Growth ETF","国内","","ETF","その他","","10","2024-01-18","","","","02月09日","08月09日",""
"2026-05-25","58930","ＲＡＶＩＰＡ","Ｐ－ＲＡＶＩＰＡ","RAVIPA Ltd.","国内","","株式","TOKYO PRO Market","小売業","100","2024-01-25","","2017-12-01","東京都","11月30日","05月31日",""
"2026-05-25","58710","ＳＯＬＩＺＥ　Ｈｏｌｄｉｎｇｓ","ＳＯＬＩＺＥ　ＨＤ","SOLIZE Holdings Corporation","国内","","株式","スタンダード","サービス業","100","2024-02-07","","1990-07-27","東京都","12月31日","06月30日",""
"2026-05-25","20150","ｉＦｒｅｅＥＴＦ　米国国債７－１０年（為替ヘッジなし）","ｉＦ米国債７１０Ｈ無","iFreeETF US Treasury Bond 7-10 Year (NON HEDGED)","国内","","ETF","その他","","1","2024-01-18","","","","02月25日","08月25日",""
"2026-05-25","20160","ｉＦｒｅｅＥＴＦ　米国国債７－１０年（為替ヘッジあり）","ｉＦ米国債７１０Ｈ有","iFreeETF US Treasury Bond 7-10 Year (JPY HEDGED)","国内","","ETF","その他","","1","2024-01-18","","","","02月25日","08月25日",""
"2026-05-25","20170","ｉＦｒｅｅＥＴＦ　ＪＰＸプライム１５０","ｉＦＪＰＸプラ１５０","iFreeETF JPX Prime 150","国内","","ETF","その他","","1","2024-01-24","","","","04月10日","10月10日",""
"2026-05-25","20180","グローバルＸ　ＵＳ　ＲＥＩＴ・トップ２０　ＥＴＦ","ＧＸＵＳリート２０","Global X US REIT Top 20 ETF","国内","","ETF","その他","","1","2024-01-31","","","","02月24日","08月24日",""
"2026-05-25","20190","グローバルＸ　米国優先証券　ＥＴＦ（隔月分配型）","ＧＸ優先証券隔月","Global X U.S. Preferred Security ETF (Bi-monthly dividend type)","国内","","ETF","その他","","1","2024-01-31","","","","01月24日","07月24日",""
"2026-05-25","130A0","Ｖｅｒｉｔａｓ　Ｉｎ　Ｓｉｌｉｃｏ","Ｇ－ＶＩＳ","Veritas In Silico Inc.","国内","","株式","グロース","医薬品","100","2024-02-08","","2016-11-17","東京都","12月31日","06月30日",""
"2026-05-25","131A0","ＣＣＮグループ","Ｐ－ＣＣＮグループ","CCN Group Corporation","国内","","株式","TOKYO PRO Market","情報・通信業","100","2024-02-09","","2017-01-27","東京都","03月31日","09月30日",""
"2026-05-25","132A0","アイエヌホールディングス","Ｐ－アイエヌＨＤ","IN Holdings Co.,LTD.","国内","","株式","TOKYO PRO Market","陸運業","100","2024-01-30","","2021-11-01","大分県","10月31日","04月30日",""
"2026-05-25","133A0","グローバルＸ　超短期米国債　ＥＴＦ","ＧＸ超短期米国債","Global X Ultra Short-Term T-Bill ETF","国内","","ETF","その他","","1","2024-01-31","","","","01月24日","07月24日",""
"2026-05-25","134A0","アプライズ","Ｐ－アプライズ","UPraise,Inc","国内","","株式","TOKYO PRO Market","サービス業","100","2024-02-20","","2006-04-13","東京都","12月31日","06月30日",""
"2026-05-25","135A0","ＶＲＡＩＮ　Ｓｏｌｕｔｉｏｎ","Ｇ－ＶＲＡＩＮ","VRAIN Solution,Inc.","国内","","株式","グロース","情報・通信業","100","2024-02-22","","2020-03-16","東京都","02月末日","08月31日",""
"2026-05-25","136A0","三興商事","Ｐ－三興商事","Sankosyoji Co.,Ltd.","国内","","株式","TOKYO PRO Market","建設業","100","2024-02-26","","1971-02-01","静岡県","06月30日","12月31日",""
"2026-05-25","137A0","Ｃｏｃｏｌｉｖｅ","Ｇ－Ｃｏｃｏｌｉｖｅ","Cocolive,Inc.","国内","","株式","グロース","情報・通信業","100","2024-02-28","","2017-01-23","東京都","05月31日","11月30日",""
"2026-05-25","138A0","光フードサービス","Ｇ－光フードサービス","Hikari Food Service Co.,Ltd.","国内","","株式","グロース","小売業","100","2024-02-28","","2009-12-01","愛知県","11月30日","05月31日",""
"2026-05-25","139A0","東日本地所","Ｐ－東日本地所","Higashinihon Jisho Co.,Ltd.","国内","","株式","TOKYO PRO Market","不動産業","100","2024-02-27","","2016-09-01","埼玉県","08月31日","02月末日",""
"2026-05-25","140A0","ｉＦｒｅｅＥＴＦ　米国１０年国債先物インバース","ｉＦ米１０国債ベア","iFreeETF 10-Year U.S. Treasury Note Futures Inverse","国内","","ETF","その他","","1","2024-02-28","","","","04月10日","10月10日",""
"2026-05-25","141A0","トライアルホールディングス","Ｇ－トライアル","TRIAL Holdings,Inc.","国内","","株式","グロース","小売業","100","2024-03-21","","2015-09-18","福岡県","06月30日","12月31日",""
"2026-05-25","142A0","ジンジブ","Ｇ－ジンジブ","JINJIB Co.,Ltd.","国内","","株式","グロース","サービス業","100","2024-03-22","","2015-03-23","大阪府","03月31日","09月30日",""
"2026-05-25","143A0","イシン","Ｇ－イシン","Ishin Co.,Ltd.","国内","","株式","グロース","サービス業","100","2024-03-25","","2005-04-01","東京都","03月31日","09月30日",""
"2026-05-25","144A0","エネルギーパワー","Ｐ－エネルギーパワー","ENERGY POWER CO.,Ltd.","国内","","株式","TOKYO PRO Market","建設業","100","2024-03-13","","2016-04-21","大阪府","08月31日","02月末日",""
"2026-05-25","145A0","Ｌ　ｉｓ　Ｂ","Ｇ－エルイズビー","L is B Corp.","国内","","株式","グロース","情報・通信業","100","2024-03-26","","2010-09-29","東京都","12月31日","06月30日",""
"2026-05-25","146A0","コロンビア・ワークス","コロンビア・ワークス","Columbia Works Inc.","国内","","株式","スタンダード","不動産業","100","2024-03-27","","2013-05-14","東京都","12月31日","06月30日",""
"2026-05-25","147A0","ソラコム","Ｇ－ソラコム","SORACOM,INC.","国内","","株式","グロース","情報・通信業","100","2024-03-26","","2014-11-10","東京都","03月31日","09月30日",""
"2026-05-25","148A0","ハッチ・ワーク","Ｇ－ハッチ・ワーク","HATCH WORK CO.,LTD.","国内","","株式","グロース","情報・通信業","100","2024-03-26","","2000-06-26","東京都","12月31日","06月30日",""
"2026-05-25","149A0","シンカ","Ｇ－シンカ","Thinca Co.,Ltd.","国内","","株式","グロース","情報・通信業","100","2024-03-27","","2014-01-08","東京都","12月31日","06月30日",""
"2026-05-25","150A0","ＪＳＨ","Ｇ－ＪＳＨ","JSH Co.,Ltd.","国内","","株式","グロース","サービス業","100","2024-03-26","","2016-04-04","東京都","03月31日","09月30日",""
"2026-05-25","151A0","ダイブ","Ｇ－ダイブ","Dive Inc.","国内","","株式","グロース","サービス業","100","2024-03-27","","2002-03-29","東京都","06月30日","12月31日",""
"2026-05-25","152A0","オプティ","Ｐ－オプティ","OPTY CO.,LTD.","国内","","株式","TOKYO PRO Market","卸売業","100","2024-03-27","","1986-09-09","三重県","02月末日","08月31日",""
"2026-05-25","153A0","カウリス","Ｇ－カウリス","Caulis Inc.","国内","","株式","グロース","情報・通信業","100","2024-03-28","","2015-12-04","東京都","12月31日","06月30日",""
"2026-05-25","154A0","ＧＡＩＡ","Ｐ－ＧＡＩＡ","GAIA Inc.","国内","","株式","TOKYO PRO Market","その他金融業","100","2024-03-27","","2006-02-14","東京都","12月31日","06月30日",""
"2026-05-25","155A0","情報戦略テクノロジー","Ｇ－情報戦略","Information Strategy and Technology Co.,Ltd.","国内","","株式","グロース","情報・通信業","100","2024-03-28","","2009-01-23","東京都","12月31日","06月30日",""
"2026-05-25","156A0","マテリアルグループ","Ｇ－マテリアルＧ","Material Group Inc.","国内","","株式","グロース","サービス業","100","2024-03-29","","2014-08-18","東京都","08月31日","02月末日",""
"2026-05-25","157A0","グリーンモンスター","Ｇ－Ｇモンスター","Green Monster Inc.","国内","","株式","グロース","サービス業","100","2024-03-29","","2013-07-29","東京都","06月30日","12月31日",""
"2026-05-25","158A0","エクセリ","Ｐ－エクセリ","Exseli Co,Ltd.","国内","","株式","TOKYO PRO Market","小売業","100","2024-03-19","","1991-07-29","東京都","12月31日","06月30日",""
"2026-05-25","159A0","ＮＥＸＴ　ＦＵＮＤＳ　ＪＰＸプライム１５０指数連動型上場投信","ＪＰＸプライム１５０","NEXT FUNDS JPX Prime 150 Index Exchange Traded Fund","国内","","ETF","その他","","10","2024-03-18","","","","04月07日","10月07日",""
"2026-05-25","162A0","ＡＩセレクトメガトレンド　日本株（ネットリターン）ＥＴＮ","ＡＩセレクトＥＴＮ","AI Select Megatrend Japan Equity Net Return ETN","国外","グレートブリテンおよび北部アイルランド連合王国","ETN","その他","","1","2024-03-22","","","","10月31日","",""
"2026-05-25","163A0","半導体フォーカス　日本株（ネットリターン）ＥＴＮ","半導体ＥＴＮ","Semiconductor Focus Japan Equity Net Return ETN","国外","グレートブリテンおよび北部アイルランド連合王国","ETN","その他","","1","2024-03-22","","","","10月31日","",""
"2026-05-25","160A0","アズパートナーズ","アズパートナーズ","As Partners CO.,LTD.","国内","","株式","スタンダード","サービス業","100","2024-04-04","","2004-11-02","東京都","03月31日","09月30日",""
"2026-05-25","161A0","三葉","Ｐ－三葉","Mitsuba Co.,Ltd.","国内","","株式","TOKYO PRO Market","サービス業","100","2024-03-22","","1991-03-28","福岡県","07月31日","01月31日",""
"2026-05-25","164A0","アップルパーク","Ｐ－アップルパーク","Applepark.CO.,LTD.","国内","","株式","TOKYO PRO Market","不動産業","100","2024-03-25","","1991-08-07","東京都","03月31日","09月30日",""
"2026-05-25","165A0","ＳＢＩレオスひふみ","Ｇ－ＳＢＩレオス","SBI RHEOS HIFUMI Inc.","国内","","株式","上場廃止","証券、商品先物取引業","100","2024-04-01","2025-11-27","2024-04-01","東京都","03月31日","09月30日",""
"2026-05-25","166A0","タスキホールディングス","Ｇ－タスキＨＤ","TASUKI Holdings Inc.","国内","","株式","グロース","不動産業","100","2024-04-01","","2024-04-01","東京都","09月30日","03月31日",""
"2026-05-25","167A0","リョーサン菱洋ホールディングス","リョーサン菱洋","Ryoyo Ryosan Holdings,Inc.","国内","","株式","プライム","卸売業","100","2024-04-01","","2024-04-01","東京都","03月31日","09月30日",""
"2026-05-25","170A0","ＳＭＴ　ＥＴＦ日本好配当株アクティブ","ＳＭＴ　日本好配当株","SMT ETF Japan Equity Income Strategy Active","国内","","ETF","その他","","1","2024-03-25","","","","01月11日","07月11日",""
"2026-05-25","171A0","ゼロジャパン","Ｐ－ゼロジャパン","ZEROJAPAN.Co.,Ltd","国内","","株式","TOKYO PRO Market","卸売業","100","2024-03-28","","2003-07-01","埼玉県","06月30日","12月31日",""
"2026-05-25","172A0","ネオホーム","Ｐ－ネオホーム","NEO HOME Co.,Ltd.","国内","","株式","TOKYO PRO Market","不動産業","100","2024-03-29","","2016-08-19","熊本県","07月31日","01月31日",""
"2026-05-25","168A0","イタミアート","Ｇ－イタミアート","itamiarts inc.","国内","","株式","グロース","その他製品","100","2024-04-08","","1999-02-08","岡山県","01月31日","07月31日",""
"2026-05-25","173A0","ハンモック","Ｇ－ハンモック","Hammock Inc.","国内","","株式","グロース","情報・通信業","100","2024-04-11","","1994-04-01","東京都","03月31日","09月30日",""
"2026-05-25","174A0","エージェンテック","Ｐ－エージェンテック","AGENTEC Co.,Ltd.","国内","","株式","上場廃止","情報・通信業","100","2024-04-11","2025-05-29","2004-01-29","東京都","03月31日","09月30日",""
"2026-05-25","178A0","グローバルＸ　革新的優良企業　ＥＴＦ","ＧＸ革新優良企業","Global X Innovative Bluechip Top 10+ ETF","国内","","ETF","その他","","1","2024-04-10","","","","03月24日","09月24日",""
"2026-05-25","179A0","グローバルＸ　超長期米国債　ＥＴＦ（為替ヘッジあり）","ＧＸ超長期米国債Ｈ","Global X 25+ Year T-Bond ETF (JPY Hedged)","国内","","ETF","その他","","10","2024-04-10","","","","02月24日","08月24日",""
"2026-05-25","180A0","グローバルＸ　超長期米国債　ＥＴＦ","ＧＸ超長期米国債","Global X 25+ Year T-Bond ETF","国内","","ETF","その他","","10","2024-04-10","","","","02月24日","08月24日",""
"2026-05-25","175A0","Ｗｉｌｌ　Ｓｍａｒｔ","Ｇ－ウィルスマート","Will Smart Co.,LTD.","国内","","株式","グロース","情報・通信業","100","2024-04-16","","2012-12-12","東京都","12月31日","06月30日",""
"2026-05-25","176A0","レジル","Ｇ－レジル","Rezil Inc.","国内","","株式","上場廃止","電気・ガス業","100","2024-04-24","2026-01-14","1994-11-21","東京都","06月30日","12月31日",""
"2026-05-25","177A0","コージンバイオ","Ｇ－コージンバイオ","Kohjin Bio Co.,Ltd.","国内","","株式","グロース","化学","100","2024-04-25","","1981-04-20","埼玉県","03月31日","09月30日",""
"2026-05-25","181A0","ＭＡＸＩＳ米国国債１－３年上場投信（為替ヘッジなし）","ＭＸ米債１－３ヘ無","MAXIS US Treasury Bond 1-3 Year ETF (Unhedged)","国内","","ETF","その他","","10","2024-04-25","","","","02月10日","08月10日",""
"2026-05-25","182A0","ＭＡＸＩＳ米国国債２０年超上場投信（為替ヘッジなし）","ＭＸ米債２０超ヘ無","MAXIS US Treasury Bond 20+ Year ETF (Unhedged)","国内","","ETF","その他","","10","2024-04-25","","","","02月10日","08月10日",""
"2026-05-25","183A0","ＭＡＸＩＳ米国国債２０年超上場投信（為替ヘッジあり）","ＭＸ米債２０超ヘ有","MAXIS US Treasury Bond 20+ Year ETF (JPY Hedged)","国内","","ETF","その他","","10","2024-04-25","","","","02月10日","08月10日",""
"2026-05-25","188A0","グローバルＸ　インド・トップ１０＋　ＥＴＦ","ＧＸ印度トップ１０＋","Global X India Top 10+ ETF","国内","","ETF","その他","","1","2024-05-23","","","","06月10日","12月10日",""
"2026-05-25","184A0","学びエイド","Ｇ－学びエイド","Manabi-aid Co.,Ltd.","国内","","株式","グロース","情報・通信業","100","2024-05-28","","2015-05-11","東京都","04月30日","10月31日",""
"2026-05-25","185A0","リサイクルテック・ジャパン","Ｐ－リサイクルテック","Recycle Tech Japan CORPORATION","国内","","株式","TOKYO PRO Market","サービス業","100","2024-05-28","","2003-03-18","愛知県","02月末日","08月31日",""
"2026-05-25","200A0","ＮＥＸＴ　ＦＵＮＤＳ　日経半導体株指数連動型上場投信","日経半導体株ＥＴＦ","NEXT FUNDS Nikkei Semiconductor Stock Index Exchange Traded Fund","国内","","ETF","その他","","1","2024-06-04","","","","04月07日","10月07日",""
"2026-05-25","186A0","アストロスケールホールディングス","Ｇ－アストロスケール","Astroscale Holdings Inc.","国内","","株式","グロース","サービス業","100","2024-06-05","","2018-11-15","東京都","04月30日","10月31日",""
"2026-05-25","199A0","メディエア","Ｐ－メディエア","Mediair corporation","国内","","株式","TOKYO PRO Market","情報・通信業","100","2024-06-07","","2002-07-15","東京都","09月30日","03月31日",""
"2026-05-25","189A0","Ｄ＆Ｍカンパニー","Ｇ－Ｄ＆Ｍカンパニー","D&M COMPANY CO.,LTD","国内","","株式","グロース","サービス業","100","2024-06-11","","2015-11-02","大阪府","05月31日","11月30日",""
"2026-05-25","201A0","ｉシェアーズ　Ｎｉｆｔｙ　５０　インド株　ＥＴＦ","ｉＳＮＩＦＴＹ５０","iShares Nifty 50 ETF","国内","","ETF","その他","","10","2024-06-12","","","","02月09日","08月09日",""
"2026-05-25","190A0","Ｃｈｏｒｄｉａ　Ｔｈｅｒａｐｅｕｔｉｃｓ","Ｇ－Ｃｈｏｒｄｉａ","Chordia Therapeutics Inc.","国内","","株式","グロース","医薬品","100","2024-06-14","","2017-10-12","神奈川県","08月31日","02月末日",""
"2026-05-25","191A0","ミモザ","Ｐ－ミモザ","MIMOSA CO.,LTD.","国内","","株式","TOKYO PRO Market","サービス業","100","2024-06-18","","1999-08-27","東京都","03月31日","09月30日",""
"2026-05-25","192A0","インテグループ","Ｇ－インテグループ","Integroup Inc.","国内","","株式","グロース","サービス業","100","2024-06-18","","2007-06-13","東京都","05月31日","11月30日",""
"2026-05-25","195A0","ＭＵＳＣＡＴ　ＧＲＯＵＰ","Ｇ－ＭＵＳＣＡＴ　Ｇ","MUSCAT GROUP Inc.","国内","","株式","グロース","サービス業","100","2024-06-19","","2016-04-01","東京都","03月31日","09月30日",""
"2026-05-25","193A0","グローベルス","Ｐ－グローベルス","Gro-Bels Co.,Ltd.","国内","","株式","上場廃止","不動産業","100","2024-06-20","2025-07-25","1996-07-10","東京都","03月31日","09月30日",""
"2026-05-25","194A0","ＷＯＬＶＥＳ　ＨＡＮＤ","Ｇ－ＷＯＬＶＥＳ","WOLVES HAND Co.,Ltd.","国内","","株式","グロース","サービス業","100","2024-06-20","","2019-04-04","大阪府","06月30日","12月31日",""
"2026-05-25","197A0","タウンズ","タウンズ","TAUNS Laboratories,Inc.","国内","","株式","スタンダード","医薬品","100","2024-06-20","","2016-04-14","静岡県","06月30日","12月31日",""
"2026-05-25","198A0","ＰｏｓｔＰｒｉｍｅ","Ｇ－ポストプライム","PostPrime Inc.","国内","","株式","グロース","情報・通信業","100","2024-06-20","","2020-09-18","東京都","05月31日","11月30日",""
"2026-05-25","196A0","ＭＦＳ","Ｇ－ＭＦＳ","MFS,Inc.","国内","","株式","グロース","その他金融業","100","2024-06-21","","2009-07-01","東京都","06月30日","12月31日",""
"2026-05-25","207A0","ライジングコーポレーション","Ｐ－ライジング","Rising Corporation Inc.","国内","","株式","TOKYO PRO Market","建設業","100","2024-06-24","","1997-01-23","大阪府","03月31日","09月30日",""
"2026-05-25","210A0","ｉＦｒｅｅＥＴＦ　日経高利回りＲＥＩＴ指数","ｉＦ日経高リート","iFreeETF Nikkei High Yield REIT Index","国内","","ETF","その他","","1","2024-06-26","","","","03月04日","09月04日",""
"2026-05-25","202A0","豆蔵","Ｇ－豆蔵","MAMEZO CO.,LTD.","国内","","株式","上場廃止","情報・通信業","100","2024-06-27","2026-04-14","2020-11-11","東京都","03月31日","09月30日",""
"2026-05-25","203A0","シュンビン","Ｐ－シュンビン","Shunbin Co.,Ltd.","国内","","株式","TOKYO PRO Market","サービス業","100","2024-06-27","","1941-05-07","京都府","03月31日","09月30日",""
"2026-05-25","204A0","タイヨーパッケージ","Ｐ－タイヨーパッケー","TaiyoPackage Co.,Ltd.","国内","","株式","TOKYO PRO Market","パルプ・紙","100","2024-06-27","","1948-03-29","富山県","09月30日","03月31日",""
"2026-05-25","205A0","ロゴスホールディングス","Ｇ－ロゴスＨＤ","LOGOS HOLDINGS INC.","国内","","株式","グロース","建設業","100","2024-06-28","","2020-07-09","北海道","05月31日","11月30日",""
"2026-05-25","208A0","構造計画研究所ホールディングス","構造計画ＨＤ","KOZO KEIKAKU ENGINEERING HOLDINGS Inc.","国内","","株式","スタンダード","情報・通信業","100","2024-07-01","","2024-07-01","東京都","06月30日","12月31日",""
"2026-05-25","206A0","ＰＲＩＳＭ　ＢｉｏＬａｂ","Ｇ－ＰＲＩＳＭＢｉｏ","PRISM BioLab Co.,LTD","国内","","株式","グロース","医薬品","100","2024-07-02","","2012-04-02","神奈川県","09月30日","03月31日",""
"2026-05-25","209A0","小野谷機工","Ｐ－小野谷機工","Onodani Machine Co.Ltd","国内","","株式","TOKYO PRO Market","機械","100","2024-07-11","","1971-11-01","福井県","08月31日","02月末日",""
"2026-05-25","213A0","上場インデックスファンド日経半導体株","上場日経半導体","Listed Index Fund Nikkei Semiconductor Stock","国内","","ETF","その他","","10","2024-07-12","","","","01月08日","07月08日",""
"2026-05-25","217A0","サポート","Ｐ－サポート","SUPPORT Co.,Ltd.","国内","","株式","TOKYO PRO Market","サービス業","100","2024-07-17","","1994-02-23","東京都","09月30日","03月31日",""
"2026-05-25","211A0","カドス・コーポレーション","カドス","Cados Corporation","国内","","株式","スタンダード","建設業","100","2024-07-18","","1999-02-01","山口県","07月31日","01月31日",""
"2026-05-25","221A0","ＭＡＸＩＳ日経半導体株上場投信","ＭＸＳ日経半導体株","MAXIS Nikkei Semiconductor Stock (Japan) ETF","国内","","ETF","その他","","10","2024-07-19","","","","01月26日","07月26日",""
"2026-05-25","212A0","フィットイージー","フィットイージー","FIT EASY Inc.","国内","","株式","プライム","サービス業","100","2024-07-23","","2018-07-02","岐阜県","10月31日","04月30日",""
"2026-05-25","223A0","グローバルＸ　ＡＩ＆ビッグデータ　ＥＴＦ","ＧＸＡＩビッグデータ","Global X Artificial Intelligence & Technology ETF","国内","","ETF","その他","","1","2024-07-25","","","","01月24日","07月24日",""
"2026-05-25","224A0","グローバルＸ　ウラニウムビジネス　ＥＴＦ","ＧＸウラニウム","Global X Uranium ETF","国内","","ETF","その他","","1","2024-07-25","","","","01月24日","07月24日",""
"2026-05-25","215A0","タイミー","Ｇ－タイミー","Timee,Inc.","国内","","株式","グロース","サービス業","100","2024-07-26","","2017-08-23","東京都","04月30日","10月31日",""
"2026-05-25","216A0","ライフクリエイト","Ｐ－ライフクリエイト","Life create Co.,Ltd","国内","","株式","TOKYO PRO Market","小売業","100","2024-07-26","","2006-02-02","福岡県","12月31日","06月30日",""
"2026-05-25","218A0","Ｌｉｂｅｒａｗａｒｅ","Ｇ－リベラウェア","Liberaware Co.,Ltd.","国内","","株式","グロース","精密機器","100","2024-07-29","","2016-08-22","千葉県","07月31日","01月31日",""
"2026-05-25","219A0","Ｈｅａｒｔｓｅｅｄ","Ｇ－ハートシード","Heartseed Inc.","国内","","株式","グロース","医薬品","100","2024-07-30","","2015-11-30","東京都","12月31日","06月30日",""
"2026-05-25","226A0","勝美ジャパン","Ｐ－勝美ジャパン","Katsu Mi Japan Inc.","国内","","株式","TOKYO PRO Market","食料品","100","2024-07-30","","2003-12-04","東京都","11月30日","05月31日",""
"2026-05-25","220A0","Ｆａｂｅｒ　Ｃｏｍｐａｎｙ","ファベル","Faber Company Inc.","国内","","株式","スタンダード","情報・通信業","100","2024-07-31","","2005-10-24","東京都","09月30日","03月31日",""
"2026-05-25","227A0","ＩＮＳＩＧＨＴ　ＬＡＢ","Ｐ－インサイトラボ","INSIGHT LAB,Inc.","国内","","株式","TOKYO PRO Market","情報・通信業","100","2024-08-05","","2005-12-22","東京都","12月31日","06月30日",""
"2026-05-25","222A0","ＮＩＣＳ","Ｐ－ＮＩＣＳ","Nippon Information Control System Inc.","国内","","株式","TOKYO PRO Market","情報・通信業","100","2024-08-08","","1974-11-01","岡山県","12月31日","06月30日",""
"2026-05-25","229A0","アスミホールディングス","Ｐ－アスミＨＤ","Asumi HD Inc.","国内","","株式","TOKYO PRO Market","建設業","100","2024-08-13","","2022-12-01","兵庫県","11月30日","05月31日",""
"2026-05-25","233A0","ｉＦｒｅｅＥＴＦ　インドＮｉｆｔｙ５０","ｉＦインドＮ５０","iFreeETF Nifty50","国内","","ETF","その他","","1","2024-08-20","","","","03月04日","09月04日",""
"2026-05-25","228A0","オプロ","Ｇ－オプロ","OPRO Co.,Ltd.","国内","","株式","グロース","情報・通信業","100","2024-08-21","","1997-04-04","東京都","11月30日","05月31日",""
"2026-05-25","234A0","グローバルＸ　ＭＳＣＩ　キャッシュフローキング－日本株式　ＥＴＦ","ＧＸＣＦキング日株","Global X MSCI Japan Cash Flow Kings ETF","国内","","ETF","その他","","1","2024-08-22","","","","02月24日","08月24日",""
"2026-05-25","235A0","グローバルＸ　高配当３０－日本株式　ＥＴＦ","ＧＸ高配当３０日株","Global X Japan High Dividend 30 ETF","国内","","ETF","その他","","1","2024-08-22","","","","02月24日","08月24日",""
"2026-05-25","236A0","ｉシェアーズ　日本国債７－１０年　ＥＴＦ","ｉＳ日本国債七十","iShares 7-10 Year Japan Government Bond ETF","国内","","ETF","その他","","10","2024-08-28","","","","01月11日","07月11日",""
"2026-05-25","237A0","ｉシェアーズ　米国債２５年超　ロングデュレーション　ＥＴＦ","ｉＳ米国債二十五","iShares 25+ Year US Treasury Bond Long Duration ETF","国内","","ETF","その他","","10","2024-08-28","","","","01月11日","07月11日",""
"2026-05-25","238A0","ｉシェアーズ　米国債２５年超　ロングデュレーション　ＥＴＦ（為替ヘッジあり）","ｉＳ米国債二十五ヘジ","iShares 25+ Year US Treasury Bond Long Duration JPY Hedged ETF","国内","","ETF","その他","","10","2024-08-28","","","","01月11日","07月11日",""
"2026-05-25","239A0","バレッグス","Ｐ－バレッグス","Balleggs Co.,Ltd.","国内","","株式","TOKYO PRO Market","不動産業","100","2024-09-06","","1991-03-28","東京都","09月30日","03月31日",""
"2026-05-25","252A0","ウェッジ","Ｐ－ウェッジ","Wedge Co.,Ltd.","国内","","株式","TOKYO PRO Market","小売業","100","2024-09-24","","1997-10-07","京都府","12月31日","06月30日",""
"2026-05-25","257A0","ＳＭＴ　ＥＴＦ日本株厳選投資アクティブ","ＳＭＴ　日本株厳選投","SMT ETF Selected Japan Equity Active","国内","","ETF","その他","","1","2024-09-24","","","","01月11日","07月11日",""
"2026-05-25","258A0","ＳＭＴ　ＥＴＦ国内リート厳選投資アクティブ","ＳＭＴ　内リート厳選","SMT ETF Selected J-REIT Active","国内","","ETF","その他","","1","2024-09-24","","","","01月11日","07月11日",""
"2026-05-25","241A0","ＲＯＸＸ","Ｇ－ＲＯＸＸ","ROXX,inc.","国内","","株式","グロース","情報・通信業","100","2024-09-25","","2013-11-01","東京都","09月30日","03月31日",""
"2026-05-25","243A0","トップス","Ｐ－トップス","Top's Inc.","国内","","株式","TOKYO PRO Market","食料品","100","2024-09-26","","1972-07-13","東京都","09月30日","03月31日",""
"2026-05-25","244A0","グロースエクスパートナーズ","Ｇ－グロースエクスパ","Growth xPartners,Inc.","国内","","株式","グロース","情報・通信業","100","2024-09-26","","2008-07-04","東京都","08月31日","02月末日",""
"2026-05-25","245A0","ＩＮＧＳ","Ｇ－ＩＮＧＳ","INGS inc.","国内","","株式","グロース","小売業","100","2024-09-26","","2009-03-18","東京都","08月31日","02月末日",""
"2026-05-25","246A0","アスア","Ｇ－アスア","ASUA Inc.","国内","","株式","グロース","サービス業","100","2024-09-26","","1994-07-15","愛知県","06月30日","12月31日",""
"2026-05-25","248A0","キッズスター","Ｇ－キッズスター","KIDS STAR Inc.","国内","","株式","グロース","情報・通信業","100","2024-09-26","","2014-10-20","東京都","12月31日","06月30日",""
"2026-05-25","247A0","Ａｉロボティクス","Ｇ－Ａｉロボティクス","Ai ROBOTICS INC.","国内","","株式","グロース","化学","100","2024-09-27","","2016-04-11","東京都","03月31日","09月30日",""
"2026-05-25","249A0","ヒューマンアジャスト","Ｐ－ヒューマンＡ","HUMAN ADJUST Co.,Ltd.","国内","","株式","TOKYO PRO Market","サービス業","100","2024-09-27","","2007-09-14","東京都","03月31日","09月30日",""
"2026-05-25","251A0","ニューロマジック","Ｐ－ニューロマジック","Neuromagic Co.,Ltd.","国内","","株式","TOKYO PRO Market","サービス業","100","2024-09-30","","1994-09-14","東京都","02月末日","08月31日",""
"2026-05-25","250A0","シマダヤ","シマダヤ","Shimadaya Corporation","国内","","株式","スタンダード","食料品","100","2024-10-01","","1949-03-04","東京都","03月31日","09月30日",""
"2026-05-25","253A0","ＥＴＳグループ","ＥＴＳグループ","ETS Group Co.,Ltd.","国内","","株式","スタンダード","建設業","100","2024-10-01","","2024-10-01","東京都","09月30日","03月31日",""
"2026-05-25","254A0","ＡＩフュージョンキャピタルグループ","ＡＩフュージョンＣＧ","AI FUSION CAPITAL GROUP CORP.","国内","","株式","スタンダード","証券、商品先物取引業","100","2024-10-01","","2024-10-01","東京都","03月31日","09月30日",""
"2026-05-25","255A0","ジーエルテクノホールディングス","ジーエルテクノＨＤ","GLTECHNO HOLDINGS,INC.","国内","","株式","スタンダード","精密機器","100","2024-10-01","","2024-10-01","東京都","03月31日","09月30日",""
"2026-05-25","256A0","飛島ホールディングス","飛島ＨＤ","TOBISHIMA HOLDINGS Inc.","国内","","株式","プライム","建設業","100","2024-10-01","","2024-10-01","東京都","03月31日","09月30日",""
"2026-05-25","260A0","オルツ","Ｇ－オルツ","alt Inc.","国内","","株式","上場廃止","情報・通信業","100","2024-10-11","2025-08-31","2014-11-26","東京都","12月31日","06月30日",""
"2026-05-25","261A0","日水コン","日水コン","Nihon Suido Consultants Co.,Ltd.","国内","","株式","スタンダード","サービス業","100","2024-10-16","","1959-05-25","東京都","12月31日","06月30日",""
"2026-05-25","262A0","インターメスティック","インターメスティック","INTERMESTIC INC.","国内","","株式","プライム","小売業","100","2024-10-18","","1993-05-20","東京都","12月31日","06月30日",""
"2026-05-25","263A0","デジタルキューブ","Ｐ－デジタルキューブ","DigitalCube Co.Ltd.","国内","","株式","TOKYO PRO Market","情報・通信業","100","2024-10-18","","2006-11-17","兵庫県","03月31日","09月30日",""
"2026-05-25","264A0","Ｓｃｈｏｏ","Ｇ－Ｓｃｈｏｏ","Schoo,inc.","国内","","株式","グロース","サービス業","100","2024-10-22","","2011-10-03","東京都","09月30日","03月31日",""
"2026-05-25","90230","東京地下鉄","東京メトロ","Tokyo Metro Co.,Ltd.","国内","","株式","プライム","陸運業","100","2024-10-23","","2004-04-01","東京都","03月31日","09月30日",""
"2026-05-25","267A0","トワライズ","Ｐ－トワライズ","TOWARISE CORPORATION","国内","","株式","TOKYO PRO Market","その他金融業","100","2024-10-23","","1963-08-12","鳥取県","07月31日","01月31日",""
"2026-05-25","266A0","グローカルマーケティング","Ｐ－グローカルマーケ","Glocal Marketing Co.,Ltd.","国内","","株式","TOKYO PRO Market","サービス業","100","2024-10-25","","2020-09-01","新潟県","03月31日","09月30日",""
"2026-05-25","268A0","リガク・ホールディングス","リガク","Rigaku Holdings Corporation","国内","","株式","プライム","精密機器","100","2024-10-25","","2020-12-07","東京都","12月31日","06月30日",""
"2026-05-25","265A0","Ｈｍｃｏｍｍ","Ｇ－エイチエムコム","Hmcomm Inc.","国内","","株式","グロース","情報・通信業","100","2024-10-28","","2012-07-24","東京都","12月31日","06月30日",""
"2026-05-25","269A0","Ｓａｐｅｅｔ","Ｇ－Ｓａｐｅｅｔ","Sapeet Inc.","国内","","株式","グロース","情報・通信業","100","2024-10-29","","2016-03-09","東京都","09月30日","03月31日",""
"2026-05-25","271A0","アクセリア","Ｐ－アクセリア","Accelia,Inc.","国内","","株式","TOKYO PRO Market","情報・通信業","100","2024-10-31","","2000-12-01","東京都","03月31日","09月30日",""
"2026-05-25","273A0","ＳＢＩ　サウジアラビア株式上場投信","ＳＢＩサウジ上場投信","SBI Saudi Arabia Equity Exchange Traded Fund","国内","","ETF","その他","","1","2024-10-31","","","","03月24日","09月24日",""
"2026-05-25","275A0","ハンワホームズ","ハンワホームズ","Hanwa Home's Co.,Ltd.","国内","","株式","上場廃止","建設業","100","2024-11-14","2025-11-16","1994-07-14","大阪府","02月20日","08月20日",""
"2026-05-25","279A0","インターグ","Ｐ－インターグ","Interg Inc.","国内","","株式","TOKYO PRO Market","サービス業","100","2024-11-20","","2017-06-01","東京都","03月31日","09月30日",""
"2026-05-25","282A0","グローバルＸ　半導体・トップ１０－日本株式　ＥＴＦ","ＧＸ半導体１０日株","Global X Japan Semiconductor Top 10 ETF","国内","","ETF","その他","","1","2024-11-21","","","","05月10日","11月10日",""
"2026-05-25","283A0","グローバルＸ　ＵＳ　テック・配当貴族　ＥＴＦ","ＧＸＵＳテック配貴族","Global X US Tech Dividend Aristocrats ETF","国内","","ETF","その他","","1","2024-11-21","","","","02月10日","08月10日",""
"2026-05-25","274A0","ガーデン","ガーデン","Garden Co.,Ltd.","国内","","株式","スタンダード","小売業","100","2024-11-22","","2015-12-01","東京都","02月末日","08月31日",""
"2026-05-25","284A0","フクヤ建設","Ｐ－フクヤ建設","FUKUYA Construction Co.,Ltd.","国内","","株式","TOKYO PRO Market","建設業","100","2024-11-26","","1985-09-02","高知県","08月31日","02月末日",""
"2026-05-25","276A0","ククレブ・アドバイザーズ","Ｇ－ククレブ","CCReB Advisors Inc.","国内","","株式","グロース","不動産業","100","2024-11-28","","2019-07-04","東京都","08月31日","02月末日",""
"2026-05-25","277A0","グロービング","グロービング","Globe-ing Inc.","国内","","株式","プライム","サービス業","100","2024-11-29","","2017-01-20","東京都","05月31日","11月30日",""
"2026-05-25","278A0","Ｔｅｒｒａ　Ｄｒｏｎｅ","Ｇ－テラドローン","Terra Drone Corporation","国内","","株式","グロース","精密機器","100","2024-11-29","","2016-02-09","東京都","01月31日","07月31日",""
"2026-05-25","294A0","ＮＥＸＴ　ＦＵＮＤＳ　ＭＳＣＩジャパン気候変動指数（セレクト）連動型上場投信","気候変動ＥＴＦ","NEXT FUNDS MSCI Global Climate 500 Japan Selection Index Exchange Traded Fund","国内","","ETF","その他","","1","2024-12-03","","","","01月08日","07月08日",""
"2026-05-25","280A0","ＴＭＨ","Ｇ－ＴＭＨ","TMH Inc.","国内","","株式","グロース","卸売業","100","2024-12-04","","2012-03-09","大分県","11月30日","05月31日",""
"2026-05-25","281A0","インフォメティス","Ｇ－インフォメティス","Informetis Co.,Ltd.","国内","","株式","グロース","情報・通信業","100","2024-12-09","","2013-04-08","東京都","12月31日","06月30日",""
"2026-05-25","70750","ＱＬＳホールディングス","Ｇ－ＱＬＳ","QLS Holdings Co.,Ltd","国内","","株式","グロース","サービス業","100","2024-12-11","","2019-02-21","大阪府","03月31日","09月30日",""
"2026-05-25","286A0","ユカリア","Ｇ－ユカリア","EUCALIA Inc.","国内","","株式","グロース","サービス業","100","2024-12-12","","2005-02-14","東京都","12月31日","06月30日",""
"2026-05-25","295A0","Ｏｎｅ　ＥＴＦ　ＦＴＳＥ・サウジアラビア・インデックス","Ｏｎｅ・サウジ","One ETF FTSE Saudi Arabia Index","国内","","ETF","その他","","1","2024-12-12","","","","04月08日","10月08日",""
"2026-05-25","288A0","ラクサス・テクノロジーズ","Ｇ－ラクサス","Laxus Technologies Inc.","国内","","株式","グロース","サービス業","100","2024-12-13","","2006-08-31","広島県","03月31日","09月30日",""
"2026-05-25","305A0","ダブルツリー","Ｐ－ダブルツリー","Double Tree Inc.","国内","","株式","TOKYO PRO Market","小売業","100","2024-12-16","","1987-05-14","岡山県","12月31日","06月30日",""
"2026-05-25","307A0","ハウジング・スタッフ","Ｐ－ハウジング・Ｓ","Housing staff Inc.","国内","","株式","TOKYO PRO Market","建設業","100","2024-12-16","","2011-01-21","島根県","06月30日","12月31日",""
"2026-05-25","287A0","黒田グループ","黒田グループ","Kuroda Group Co.,Ltd.","国内","","株式","スタンダード","卸売業","100","2024-12-17","","2017-10-06","東京都","03月31日","09月30日",""
"2026-05-25","291A0","リスキル","Ｇ－リスキル","Reskill Corp.","国内","","株式","グロース","サービス業","100","2024-12-17","","2022-05-02","東京都","03月31日","09月30日",""
"2026-05-25","285A0","キオクシアホールディングス","キオクシアＨＤ","Kioxia Holdings Corporation","国内","","株式","プライム","電気機器","100","2024-12-18","","2019-03-01","東京都","03月31日","09月30日",""
"2026-05-25","290A0","Ｓｙｎｓｐｅｃｔｉｖｅ","Ｇ－Ｓｙｎｓ","Synspective Inc.","国内","","株式","グロース","情報・通信業","100","2024-12-19","","2018-02-22","東京都","12月31日","06月30日",""
"2026-05-25","292A0","エスアイイー","Ｐ－エスアイイー","SIE Co.,Ltd.","国内","","株式","TOKYO PRO Market","サービス業","100","2024-12-19","","2004-06-01","東京都","12月31日","06月30日",""
"2026-05-25","293A0","ＢＡＢＹ　ＪＯＢ","Ｐ－ＢＡＢＹ　ＪＯＢ","BABY JOB Co.,Ltd.","国内","","株式","TOKYO PRO Market","小売業","100","2024-12-19","","2018-10-01","大阪府","02月末日","08月31日",""
"2026-05-25","299A0","クラシル","Ｇ－クラシル","Kurashiru,Inc.","国内","","株式","グロース","サービス業","100","2024-12-19","","2014-04-22","東京都","03月31日","09月30日",""
"2026-05-25","308A0","ぽすとめいとホールディングス","Ｐ－ぽすとめいとＨＤ","Postmate Holdings,Inc.","国内","","株式","TOKYO PRO Market","サービス業","100","2024-12-19","","2021-11-24","岡山県","06月30日","12月31日",""
"2026-05-25","296A0","令和アカウンティング・ホールディングス","Ｇ－令和ＡＨ","Reiwa Accounting Holdings Co.,Ltd.","国内","","株式","グロース","サービス業","100","2024-12-23","","2004-08-20","東京都","03月31日","09月30日",""
"2026-05-25","297A0","アルピコホールディングス","アルピコＨＤ","ALPICO HOLDINGS CO.,LTD.","国内","","株式","スタンダード","小売業","100","2024-12-25","","2008-05-01","長野県","03月31日","09月30日",""
"2026-05-25","300A0","ＭＩＣ","ＭＩＣ","MIC Co.,Ltd.","国内","","株式","スタンダード","サービス業","100","2024-12-25","","1953-06-12","東京都","03月31日","09月30日",""
"2026-05-25","301A0","インデックス","Ｐ－インデックス","In-dex,Inc.","国内","","株式","TOKYO PRO Market","不動産業","100","2024-12-25","","2001-05-01","東京都","09月30日","03月31日",""
"2026-05-25","298A0","ＧＶＡ　ＴＥＣＨ","Ｇ－ＧＶＡＴＥＣＨ","GVA TECH,Inc.","国内","","株式","グロース","情報・通信業","100","2024-12-26","","2017-01-04","東京都","12月31日","06月30日",""
"2026-05-25","303A0","ｖｉｓｕｍｏ","Ｇ－ｖｉｓｕｍｏ","visumo Inc.","国内","","株式","グロース","情報・通信業","100","2024-12-26","","2019-04-01","東京都","03月31日","09月30日",""
"2026-05-25","304A0","フォルシア","Ｇ－フォルシア","FORCIA,Inc.","国内","","株式","グロース","情報・通信業","100","2024-12-26","","2001-03-22","東京都","02月末日","08月31日",""
"2026-05-25","302A0","ビースタイルホールディングス","Ｇ－ビースタイルＨＤ","b-style holdings,Inc.","国内","","株式","グロース","サービス業","100","2024-12-27","","2020-02-14","東京都","03月31日","09月30日",""
"2026-05-25","310A0","サーティーフォー","Ｐ－サーティーフォー","Thirty Four co.,ltd.","国内","","株式","TOKYO PRO Market","不動産業","100","2024-12-27","","1992-12-18","神奈川県","12月31日","06月30日",""
"2026-05-25","309A0","コスモス調剤","Ｐ－コスモス調剤","COSMOS CHOUZAI Pharmacy Co.,Ltd.","国内","","株式","TOKYO PRO Market","小売業","100","2025-01-08","","1999-12-03","愛知県","03月31日","09月30日",""
"2026-05-25","315A0","グローバルＸ　銀行　高配当－日本株式　ＥＴＦ","ＧＸ銀行高配当日株","Global X Japan Bank High Dividend ETF","国内","","ETF","その他","","1","2025-01-09","","","","04月24日","10月24日",""
"2026-05-25","316A0","ｉＦｒｅｅＥＴＦ　ＦＡＮＧ＋","ｉＦＦＡＮＧ＋","iFreeETF FANG+","国内","","ETF","その他","","1","2025-01-10","","","","06月10日","12月10日",""
"2026-05-25","318A0","ＶＩＸ短期先物指数ＥＴＦ","ＶＩＸ先物ＥＴＦ","SIMPLEX VIX Short-Term Futures ETF","国内","","ETF","その他","","10","2025-01-15","","","","01月15日","",""
"2026-05-25","313A0","ｉシェアーズ　Ｓ＆Ｐ　５００　トップ　２０　ＥＴＦ","ｉＳＳＰ５００Ｔ２０","iShares S&P 500 Top 20 ETF","国内","","ETF","その他","","10","2025-01-16","","","","02月09日","08月09日",""
"2026-05-25","314A0","ｉシェアーズ　ゴールド　ＥＴＦ","ｉＳゴールド","iShares Gold ETF","国内","","ETF","その他","","10","2025-01-16","","","","02月09日","08月09日",""
"2026-05-25","312A0","シンコーホールディングス","Ｐ－シンコーＨＤ","Shinko Holdings Corporation","国内","","株式","TOKYO PRO Market","建設業","100","2025-01-17","","2016-05-11","東京都","10月31日","04月30日",""
"2026-05-25","311A0","ＮＰＴ","Ｐ－ＮＰＴ","NPT CO.,LTD.","国内","","株式","TOKYO PRO Market","医薬品","100","2025-01-30","","2018-11-01","東京都","10月31日","04月30日",""
"2026-05-25","317A0","エス・エム・エス・データテック","Ｐ－ＳＭＳＤＴｅｃｈ","SMS Data Tech Corporation","国内","","株式","TOKYO PRO Market","情報・通信業","100","2025-01-31","","2001-06-27","東京都","05月31日","11月30日",""
"2026-05-25","321A0","ヒューマンステージホールディングス","Ｐ－ヒューマンＳＨＤ","Human Stage Holdings Corporation","国内","","株式","TOKYO PRO Market","サービス業","100","2025-01-31","","2023-04-03","大阪府","03月31日","09月30日",""
"2026-05-25","319A0","技術承継機構","Ｇ－技術承継機構","Next Generation Technology Group Inc.","国内","","株式","グロース","金属製品","100","2025-02-05","","2018-07-09","東京都","12月31日","06月30日",""
"2026-05-25","322A0","ヒメジ理化","Ｐ－ヒメジ理化","HIMEJI RIKA CO.,LTD.","国内","","株式","TOKYO PRO Market","ガラス・土石製品","100","2025-02-05","","1968-05-31","兵庫県","12月31日","06月30日",""
"2026-05-25","320A0","Ｄ＆Ｉ","Ｐ－Ｄ＆Ｉ","D&I,Inc.","国内","","株式","TOKYO PRO Market","サービス業","100","2025-02-13","","2009-08-20","東京都","06月30日","12月31日",""
"2026-05-25","323A0","フライヤー","Ｇ－フライヤー","Flier Inc.","国内","","株式","グロース","情報・通信業","100","2025-02-20","","2013-06-04","東京都","02月末日","08月31日",""
"2026-05-25","328A0","グローバルＸ　プライシングパワー・リーダーズ－日本株式　ＥＴＦ","ＧＸ価格パワー日株","Global X Japan Pricing Power Leaders ETF","国内","","ETF","その他","","1","2025-02-20","","","","02月10日","08月10日",""
"2026-05-25","324A0","ブッキングリゾート","Ｇ－ブッキングＲ","Booking Resort Co.,Ltd.","国内","","株式","グロース","サービス業","100","2025-02-21","","2013-05-27","大阪府","04月30日","10月31日",""
"2026-05-25","325A0","ＴＥＮＴＩＡＬ","Ｇ－ＴＥＮＴＩＡＬ","TENTIAL Inc.","国内","","株式","グロース","繊維製品","100","2025-02-28","","2018-02-06","東京都","08月31日","02月末日",""
"2026-05-25","326A0","ａｅｒｏ　ｌａｂ　ｉｎｔｅｒｎａｔｉｏｎａｌ","Ｐ－エアロラボ","aero lab international Inc.","国内","","株式","TOKYO PRO Market","卸売業","100","2025-03-03","","2014-04-22","大阪府","03月31日","09月30日",""
"2026-05-25","329A0","ジールアソシエイツ","Ｐ－ジール","ZEAL Associate Corp.","国内","","株式","TOKYO PRO Market","サービス業","100","2025-03-11","","2004-01-23","東京都","08月31日","02月末日",""
"2026-05-25","333A0","テクノスマイル","Ｐ－テクノスマイル","TECHNOSMILE,INC.","国内","","株式","TOKYO PRO Market","サービス業","100","2025-03-17","","2000-09-01","福岡県","03月31日","09月30日",""
"2026-05-25","330A0","ＴａｌｅｎｔＸ","Ｇ－ＴａｌｅｎｔＸ","TalentX Inc.","国内","","株式","グロース","情報・通信業","100","2025-03-18","","2018-05-28","東京都","03月31日","09月30日",""
"2026-05-25","50160","ＪＸ金属","ＪＸ金属","JX Advanced Metals Corporation","国内","","株式","プライム","非鉄金属","100","2025-03-19","","2002-09-27","東京都","03月31日","09月30日",""
"2026-05-25","331A0","メディックス","メディックス","Medix Inc.","国内","","株式","スタンダード","サービス業","100","2025-03-19","","1984-03-30","東京都","03月31日","09月30日",""
"2026-05-25","332A0","ミーク","Ｇ－ミーク","MEEQ Inc.","国内","","株式","グロース","情報・通信業","100","2025-03-21","","2019-03-05","東京都","03月31日","09月30日",""
"2026-05-25","345A0","高配当成長　日本株（ネットリターン）ＥＴＮ","高配当成長ＥＴＮ","High Dividend Growth Japan Equity Net Return ETN","国外","グレートブリテンおよび北部アイルランド連合王国","ETN","その他","","1","2025-03-21","","","","10月31日","",""
"2026-05-25","335A0","ミライロ","Ｇ－ミライロ","Mirairo Inc.","国内","","株式","グロース","情報・通信業","100","2025-03-24","","2010-06-02","大阪府","09月30日","03月31日",""
"2026-05-25","334A0","ビジュアル・プロセッシング・ジャパン","Ｇ－ＶＰＪ","Visual Processing Japan Co.,Ltd.","国内","","株式","グロース","情報・通信業","100","2025-03-25","","1994-01-06","東京都","12月31日","06月30日",""
"2026-05-25","336A0","ダイナミックマッププラットフォーム","Ｇ－ダイナミクマップ","Dynamic Map Platform Co.,Ltd.","国内","","株式","グロース","情報・通信業","100","2025-03-27","","2016-06-13","東京都","03月31日","09月30日",""
"2026-05-25","338A0","ＺｅｎｍｕＴｅｃｈ","Ｇ－Ｚｅｎｍｕ","ZenmuTech,Inc.","国内","","株式","グロース","情報・通信業","100","2025-03-27","","2014-03-04","東京都","12月31日","06月30日",""
"2026-05-25","346A0","ＮＥＸＴ　ＦＵＮＤＳ　Ｓ＆Ｐ　５００　半導体・半導体製造装置３５％キャップ指数連動型上場投信","Ｓ＆Ｐ５００半導体","NEXT FUNDS S&P 500 Semiconductors & Semiconductor Equipment (Industry Group) 35% Capped Index Exchange Traded Fund","国内","","ETF","その他","","1","2025-03-27","","","","09月10日","",""
"2026-05-25","348A0","ＭＡＸＩＳ読売３３３日本株上場投信","ＭＸＳ読売３３３日株","MAXIS Yomiuri333 Japan Stock ETF","国内","","ETF","その他","","10","2025-03-27","","","","01月26日","07月26日",""
"2026-05-25","339A0","プログレス・テクノロジーズ　グループ","Ｇ－プログレス","PROGRESS TECHNOLOGIES GROUP,Inc.","国内","","株式","グロース","サービス業","100","2025-03-28","","2020-06-30","東京都","02月末日","08月31日",""
"2026-05-25","341A0","トヨコー","Ｇ－トヨコー","TOYOKOH Inc.","国内","","株式","グロース","建設業","100","2025-03-28","","1996-03-01","静岡県","03月31日","09月30日",""
"2026-05-25","349A0","ＳＭＤＡＭ　Ａｃｔｉｖｅ　ＥＴＦ　日本グロース株式","ＳＭＤＡＭ日本グロ株","SMDAM Active ETF Japan Growth Equity","国内","","ETF","その他","","10","2025-03-28","","","","02月20日","",""
"2026-05-25","340A0","ジグザグ","Ｇ－ジグザグ","zig-zag,Inc.","国内","","株式","グロース","情報・通信業","100","2025-03-31","","2015-06-24","東京都","05月31日","11月30日",""
"2026-05-25","347A0","ＧＲＯＷＴＨ　ＰＯＷＥＲ","Ｐ－グロースパワー","GROWTH POWER CO.,LTD.","国内","","株式","TOKYO PRO Market","卸売業","100","2025-04-04","","2017-03-03","東京都","03月31日","09月30日",""
"2026-05-25","343A0","ＩＡＣＥトラベル","ＩＡＣＥトラベル","IACE TRAVEL Corporation.","国内","","株式","スタンダード","サービス業","100","2025-04-07","","1982-02-24","東京都","03月31日","09月30日",""
"2026-05-25","356A0","グローバルＸ　Ｓ＆Ｐ５００　キャッシュフロー・トップ１００　ＥＴＦ","ＧＸＳＰＣＦ１００","Global X S&P 500 Cash Flow Top 100 ETF","国内","","ETF","その他","","1","2025-04-16","","","","04月10日","10月10日",""
"2026-05-25","354A0","ｉＦｒｅｅＥＴＦ　ブルームバーグ日本株高配当５０指数","ｉＦ高配当５０","iFreeETF Bloomberg Japan High Dividend 50 Index","国内","","ETF","その他","","1","2025-04-17","","","","01月07日","07月07日",""
"2026-05-25","351A0","アクシスＩＴパートナーズ","Ｐ－アクシスＩＴＰ","AXIS IT Partners Corp.","国内","","株式","TOKYO PRO Market","情報・通信業","100","2025-04-18","","1993-09-03","鳥取県","08月31日","02月末日",""
"2026-05-25","355A0","ナウビレッジ","Ｐ－ナウビレッジ","Now Village Co.,Ltd.","国内","","株式","TOKYO PRO Market","サービス業","100","2025-04-18","","2020-10-23","東京都","09月30日","03月31日",""
"2026-05-25","350A0","デジタルグリッド","Ｇ－デジタルグリッド","DIGITAL GRID Corporation","国内","","株式","グロース","電気・ガス業","100","2025-04-22","","2017-10-16","東京都","07月31日","01月31日",""
"2026-05-25","352A0","ＬＯＩＶＥ","Ｇ－ＬＯＩＶＥ","LOIVE Co.,Ltd.","国内","","株式","グロース","サービス業","100","2025-04-24","","2008-04-14","北海道","03月31日","09月30日",""
"2026-05-25","360A0","東証ＲＥＩＴ　Ｃｏｒｅ　ＥＴＦ","リートコア","TSE REIT Core ETF","国内","","ETF","その他","","10","2025-05-12","","","","01月12日","07月12日",""
"2026-05-25","357A0","エフアンドエフ","Ｐ－エフアンドエフ","F&F Inc.","国内","","株式","TOKYO PRO Market","小売業","100","2025-05-23","","1990-01-20","栃木県","03月31日","09月30日",""
"2026-05-25","358A0","ゼン・ランド","Ｐ－ゼン・ランド","ZENLAND,INC.","国内","","株式","TOKYO PRO Market","不動産業","100","2025-05-23","","2012-10-01","東京都","09月30日","03月31日",""
"2026-05-25","359A0","ＮＥＸＴ　ＳＴＡＧＥ","Ｐ－ネクストステージ","NEXT STAGE Co.,Ltd.","国内","","株式","TOKYO PRO Market","サービス業","100","2025-05-23","","2006-08-04","大阪府","07月31日","01月31日",""
"2026-05-25","361A0","リビングハウス","Ｐ－リビングハウス","LIVING HOUSE Co.,Ltd.","国内","","株式","TOKYO PRO Market","小売業","100","2025-05-26","","1954-06-05","大阪府","02月末日","08月31日",""
"2026-05-25","363A0","ｉＦｒｅｅＥＴＦ　英国ＦＴＳＥ１００","ｉＦ英国ＦＴ１００","iFreeETF FTSE100","国内","","ETF","その他","","1","2025-05-29","","","","04月10日","10月10日",""
"2026-05-25","362A0","エクシオホールディングス","Ｐ－エクシオＨＤ","EXEO HOLDINGS Inc.","国内","","株式","TOKYO PRO Market","サービス業","100","2025-06-06","","2024-07-01","神奈川県","03月31日","09月30日",""
"2026-05-25","364A0","ＮＥＸＴ　ＦＵＮＤＳ　Ｓ＆Ｐ　５００　配当貴族指数連動型上場投信","Ｓ＆Ｐ５００配当貴族","NEXT FUNDS S&P 500 Dividend Aristocrats Index Exchange Traded Fund","国内","","ETF","その他","","1","2025-06-11","","","","03月07日","09月07日",""
"2026-05-25","365A0","伊澤タオル","伊澤タオル","IZAWA TOWEL CO.,LTD.","国内","","株式","スタンダード","繊維製品","100","2025-06-20","","2021-06-01","東京都","02月末日","08月31日",""
"2026-05-25","370A0","リバイブル","Ｐ－リバイブル","REBIBLE Co.,Ltd.","国内","","株式","TOKYO PRO Market","不動産業","100","2025-06-20","","2009-04-10","東京都","06月30日","12月31日",""
"2026-05-25","375A0","ＹＡＫホールディングス","Ｐ－ＹＡＫＨＤ","YAK Holdings Co.,Ltd","国内","","株式","TOKYO PRO Market","不動産業","100","2025-06-20","","2023-01-06","東京都","12月31日","06月30日",""
"2026-05-25","366A0","ウェルネス・コミュニケーションズ","Ｇ－ウェルネスＣ","Wellness Communications Corporation","国内","","株式","グロース","サービス業","100","2025-06-23","","2006-07-03","東京都","03月31日","09月30日",""
"2026-05-25","367A0","プリモグローバルホールディングス","プリモＧＨＤ","Primo Global Holdings Co.,Ltd.","国内","","株式","スタンダード","小売業","100","2025-06-24","","2020-12-14","東京都","08月31日","02月末日",""
"2026-05-25","379A0","グローバルＸ　Ｓ＆Ｐ５００　ＥＴＦ（ダイナミック・プロテクション）","ＧＸＳＰＸプロテクト","Global X S&P 500 ETF (Dynamic Protection)","国内","","ETF","その他","","1","2025-06-24","","","","01月10日","07月10日",""
"2026-05-25","380A0","グローバルＸ　チャイナテック　ＥＴＦ","ＧＸチャイナテック","Global X China Tech ETF","国内","","ETF","その他","","1","2025-06-24","","","","01月10日","07月10日",""
"2026-05-25","368A0","北里コーポレーション","北里コーポレーション","Kitazato Corporation","国内","","株式","プライム","精密機器","100","2025-06-25","","2007-04-03","静岡県","03月31日","09月30日",""
"2026-05-25","376A0","ＮＥＸＴ　ＦＵＮＤＳ　ブルームバーグ米国国債（７－１０年）インデックス（７５％為替ヘッジあり）連動型上場投信","米債７－１０ヘ有７５","NEXT FUNDS Bloomberg US Treasury Bond (7-10 year) Index (75% Yen-Hedged) Exchange Traded Fund","国内","","ETF","その他","","1","2025-06-25","","","","02月07日","08月07日",""
"2026-05-25","381A0","ｉＦｒｅｅＥＴＦ　米国国債３－５年（為替ヘッジなし）","ｉＦ米国債３５Ｈ無","iFreeETF US Treasury Bond 3-5 Year (NON HEDGED)","国内","","ETF","その他","","1","2025-06-25","","","","02月10日","08月10日",""
"2026-05-25","382A0","ｉＦｒｅｅＥＴＦ　米国国債３－５年（為替ヘッジあり）","ｉＦ米国債３５Ｈ有","iFreeETF US Treasury Bond 3-5 Year (JPY HEDGED)","国内","","ETF","その他","","1","2025-06-25","","","","02月10日","08月10日",""
"2026-05-25","369A0","エータイ","Ｇ－エータイ","A-tie Co.,Ltd.","国内","","株式","グロース","サービス業","100","2025-06-26","","2004-10-07","東京都","08月31日","02月末日",""
"2026-05-25","371A0","デージーネット","Ｐ－デージーネット","DesigNET Inc.","国内","","株式","TOKYO PRO Market","情報・通信業","100","2025-06-26","","1999-04-30","愛知県","12月31日","06月30日",""
"2026-05-25","372A0","レント","レント","RENT CORPORATION","国内","","株式","スタンダード","サービス業","100","2025-06-30","","1984-06-12","静岡県","05月31日","11月30日",""
"2026-05-25","373A0","リップス","Ｇ－リップス","LIPPS CO.,LTD","国内","","株式","グロース","化学","100","2025-06-30","","2008-04-08","東京都","08月31日","02月末日",""
"2026-05-25","383A0","ＭＡＸＩＳ　Ｓ＆Ｐ５００均等ウェイト上場投信","ＭＸＳＳＰ５００均等","MAXIS S&P500 Equal Weight ETF","国内","","ETF","その他","","1","2025-06-30","","","","06月08日","12月08日",""
"2026-05-25","374A0","樋口総合研究所","Ｐ－樋口総合研究所","Higuchi Consulting Co.,Ltd.","国内","","株式","TOKYO PRO Market","情報・通信業","100","2025-07-04","","2010-06-02","神奈川県","05月31日","11月30日",""
"2026-05-25","378A0","ヒット","Ｇ－ヒット","Hit Co.,Ltd.","国内","","株式","グロース","サービス業","100","2025-07-04","","1991-02-08","東京都","06月30日","12月31日",""
"2026-05-25","385A0","山本通産","Ｐ－山本通産","YAMAMOTO TRADING CO.,LTD.","国内","","株式","TOKYO PRO Market","卸売業","100","2025-07-18","","1953-12-28","大阪府","12月31日","06月30日",""
"2026-05-25","386A0","みのや","みのや","MINOYA CO.,LTD.","国内","","株式","スタンダード","小売業","100","2025-07-18","","1954-07-02","埼玉県","06月30日","12月31日",""
"2026-05-25","389A0","八光オートメーション","Ｐ－八光オート","Hakko Automation Co.,Ltd.","国内","","株式","TOKYO PRO Market","電気機器","100","2025-07-18","","1973-06-21","福岡県","12月31日","06月30日",""
"2026-05-25","393A0","ＲｉｔａＸ","Ｐ－ＲｉｔａＸ","RitaX Inc.","国内","","株式","TOKYO PRO Market","サービス業","100","2025-07-18","","1990-02-09","東京都","12月31日","06月30日",""
"2026-05-25","394A0","業界改革厳選ＥＴＦテレビ業界","業界改革厳選テレビ","Sector Restructuring Select ETF TV","国内","","ETF","その他","","10","2025-07-18","","","","07月12日","",""
"2026-05-25","395A0","業界改革厳選ＥＴＦ地銀","業界改革厳選地銀","Sector Restructuring Select ETF Regional Banks","国内","","ETF","その他","","10","2025-07-18","","","","07月12日","",""
"2026-05-25","396A0","業界改革厳選ＥＴＦ　ＲＥＩＴイベント・ドリブン","業界改革厳選ＲＥＩＴ","Sector Restructuring Select ETF Event-Driven REITs","国内","","ETF","その他","","10","2025-07-18","","","","01月12日","07月12日",""
"2026-05-25","387A0","フラー","Ｇ－フラー","Fuller,Inc.","国内","","株式","グロース","情報・通信業","100","2025-07-24","","2011-11-15","千葉県","06月30日","12月31日",""
"2026-05-25","399A0","上場インデックスファンド日経平均高配当株５０","上場日経高配当５０","Listed Index Fund Nikkei 225 High Dividend Yield Stock 50","国内","","ETF","その他","","1","2025-07-24","","","","04月04日","10月04日",""
"2026-05-25","392A0","ｉシェアーズ　ＮＡＳＤＡＱ　トップ　３０　ＥＴＦ","ｉＳＱトップ","iShares Nasdaq Top 30 ETF","国内","","ETF","その他","","10","2025-07-30","","","","02月09日","08月09日",""
"2026-05-25","403A0","北條組","Ｐ－北條組","HOJYOGUMI.Co.Ltd","国内","","株式","TOKYO PRO Market","建設業","100","2025-08-05","","1952-12-25","長野県","05月31日","11月30日",""
"2026-05-25","398A0","リアルクオリティ","Ｐ－リアルクオリティ","REAL Quality Co.,Ltd.","国内","","株式","TOKYO PRO Market","サービス業","100","2025-08-06","","2006-06-26","東京都","12月31日","06月30日",""
"2026-05-25","401A0","霞ヶ関ホテルリート投資法人","Ｒ－霞ヶ関ホテル","Kasumigaseki Hotel REIT Investment Corporation","国内","","REIT","その他","","1","2025-08-13","","2025-04-01","東京都","01月31日","07月31日",""
"2026-05-25","402A0","アクセルスペースホールディングス","Ｇ－アクセルスペース","Axelspace Holdings Corporation","国内","","株式","グロース","輸送用機器","100","2025-08-13","","2020-03-02","東京都","05月31日","11月30日",""
"2026-05-25","404A0","グローバルＸ　チャイナテック・トップ１０　ＥＴＦ","ＧＸ中国テック１０","Global X China Tech Top 10 ETF","国内","","ETF","その他","","1","2025-08-20","","","","02月10日","08月10日",""
"2026-05-25","408A0","ｉシェアーズ　ＡＩ　グローバル・イノベーション　アクティブ　ＥＴＦ","ｉＳベストＡＩ","iShares A.I. Global Innovation Active ETF","国内","","ETF","その他","","10","2025-09-10","","","","02月09日","08月09日",""
"2026-05-25","405A0","コヤマ・ミライエ","Ｐ－コヤマ・ミライエ","Koyama Miraie Co.,Ltd","国内","","株式","TOKYO PRO Market","卸売業","100","2025-09-11","","2003-12-25","静岡県","09月30日","03月31日",""
"2026-05-25","413A0","ｉＦｒｅｅＥＴＦ　キャセイ台湾テックリーダー指数","ｉＦ台湾テック","iFreeETF Cathay Taiwan Tech Leader Index","国内","","ETF","その他","","1","2025-09-12","","","","04月07日","10月07日",""
"2026-05-25","412A0","ＮＥＸＴ　ＦＵＮＤＳ　ＴＩＰ　ＦａｃｔＳｅｔ　台湾イノベイティブ・テクノロジー５０指数連動型上場投信","台湾テック５０","NEXT FUNDS TIP FactSet Taiwan Innovative Technology 50 Index Exchange Traded Fund","国内","","ETF","その他","","1","2025-09-18","","","","04月07日","10月07日",""
"2026-05-25","409A0","オリオンビール","オリオンビール","ORION BREWERIES,LTD.","国内","","株式","プライム","食料品","100","2025-09-25","","1957-05-18","沖縄県","03月31日","09月30日",""
"2026-05-25","410A0","ＧＭＯコマース","Ｇ－ＧＭＯコマース","GMO Commerce,Inc.","国内","","株式","グロース","サービス業","100","2025-09-25","","2012-11-22","東京都","12月31日","06月30日",""
"2026-05-25","411A0","日本マリタイムバンク","Ｐ－マリタイムバンク","Nippon Maritime Bank Co.,Ltd.","国内","","株式","TOKYO PRO Market","その他金融業","100","2025-09-25","","2020-02-14","東京都","01月31日","07月31日",""
"2026-05-25","419A0","ラングローブ","Ｐ－ラングローブ","Runglobe Inc.","国内","","株式","TOKYO PRO Market","小売業","100","2025-09-25","","2007-02-05","兵庫県","09月30日","03月31日",""
"2026-05-25","407A0","ＵＮＩＣＯＮホールディングス","ＵＮＩＣＯＮ　ＨＤ","UNICON Holdings Co.,Ltd.","国内","","株式","スタンダード","建設業","100","2025-09-26","","2019-04-09","宮城県","06月30日","12月31日",""
"2026-05-25","424A0","グローバルＸ　ゴールド　ＥＴＦ（為替ヘッジあり）","ＧＸゴールドＨ","Global X Gold ETF (JPY Hedged)","国内","","ETF","その他","","10","2025-09-26","","","","03月10日","09月10日",""
"2026-05-25","425A0","グローバルＸ　ゴールド　ＥＴＦ","ＧＸゴールド","Global X Gold ETF","国内","","ETF","その他","","10","2025-09-26","","","","03月10日","09月10日",""
"2026-05-25","87290","ソニーフィナンシャルグループ","ソニーＦＧ","Sony Financial Group Inc.","国内","","株式","プライム","保険業","100","2025-09-29","","2004-04-01","東京都","03月31日","09月30日",""
"2026-05-25","406A0","環境のミカタホールディングス","Ｐ－環境のミカタＨＤ","KANKYOU NO MIKATA Holdings Inc.","国内","","株式","TOKYO PRO Market","サービス業","100","2025-10-01","","2025-10-01","静岡県","09月30日","03月31日",""
"2026-05-25","415A0","ＧＭＯ　ＴＥＣＨホールディングス","Ｇ－ＧＭＯＴＥ－ＨＤ","GMO TECH Holdings,Inc.","国内","","株式","グロース","サービス業","100","2025-10-01","","2025-10-01","東京都","12月31日","06月30日",""
"2026-05-25","416A0","富士ユナイトホールディングス","富士ユナイトＨＤ","FUJI UNITED HOLDINGS COMPANY,LTD.","国内","","株式","スタンダード","卸売業","100","2025-10-01","","2025-10-01","東京都","03月31日","09月30日",""
"2026-05-25","417A0","ブルーゾーンホールディングス","ブルーゾーンＨＤ","BLUE ZONES HOLDINGS CO.,LTD.","国内","","株式","プライム","小売業","100","2025-10-01","","2025-10-01","埼玉県","03月31日","09月30日",""
"2026-05-25","426A0","ニッセイＥＴＦ　Ｓ＆Ｐ５００イコール・ウェイト（為替ヘッジなし）","ＳＰ５００ＥＷＨ無","Nissay ETF S&P500 Equal Weight (Currency Unhedged)","国内","","ETF","その他","","1","2025-10-01","","","","01月27日","07月27日",""
"2026-05-25","414A0","オーバーラップホールディングス","Ｇ－オーバーラップ","OVERLAP Holdings,Inc.","国内","","株式","グロース","情報・通信業","100","2025-10-03","","2022-05-19","東京都","08月31日","02月末日",""
"2026-05-25","421A0","ムービン・ストラテジック・キャリア","Ｇ－ムービン","Movin' Strategic Career CO.,LTD.","国内","","株式","グロース","サービス業","100","2025-10-06","","2000-12-25","東京都","12月31日","06月30日",""
"2026-05-25","432A0","クリニファー","Ｐ－クリニファー","cliniphar Ltd.","国内","","株式","TOKYO PRO Market","卸売業","100","2025-10-07","","2017-01-13","大阪府","03月31日","09月30日",""
"2026-05-25","435A0","ｉＦｒｅｅＥＴＦ　日本株配当ローテーション戦略","ｉＦ日本配当ローテ","iFreeETF Japan Equity Dividend Rotation Strategy","国内","","ETF","その他","","1","2025-10-07","","","","01月07日","07月07日",""
"2026-05-25","428A0","サイプレス・ホールディングス","サイプレスＨＤ","Cypress Holdings Co.,Ltd.","国内","","株式","スタンダード","小売業","100","2025-10-08","","2019-07-26","東京都","08月31日","02月末日",""
"2026-05-25","422A0","ｔａｎｅ　ＣＲＥＡＴＩＶＥ","Ｐ－ｔａｎｅ－Ｃ","tane CREATIVE CO.,LTD.","国内","","株式","TOKYO PRO Market","情報・通信業","100","2025-10-10","","2012-04-13","新潟県","05月31日","","2026-05-31"
"2026-05-25","423A0","ライオン事務器","ライオン事務器","LION OFFICE PRODUCTS CORP.","国内","","株式","スタンダード","卸売業","100","2025-10-15","","1921-09-27","東京都","09月30日","03月31日",""
"2026-05-25","433A0","ＭＪＥ","Ｐ－ＭＪＥ","MJE Inc.","国内","","株式","TOKYO PRO Market","卸売業","100","2025-10-15","","2006-12-11","大阪府","03月31日","09月30日",""
"2026-05-25","429A0","テクセンドフォトマスク","テクセンド","Tekscend Photomask Corp.","国内","","株式","プライム","その他製品","100","2025-10-16","","2021-12-13","東京都","03月31日","09月30日",""
"2026-05-25","430A0","ネクストハンズ","Ｐ－ネクストハンズ","Next Hands Co.,Ltd.","国内","","株式","TOKYO PRO Market","情報・通信業","100","2025-10-17","","1989-07-01","静岡県","12月31日","06月30日",""
"2026-05-25","431A0","ユーソナー","Ｇ－ユーソナー","uSonar Co.,Ltd.","国内","","株式","グロース","情報・通信業","100","2025-10-17","","1990-09-10","東京都","12月31日","06月30日",""
"2026-05-25","434A0","ＬＯＯＰＬＡＣＥ","Ｐ－ＬＯＯＰＬＡＣＥ","LOOPLACE INC.","国内","","株式","TOKYO PRO Market","不動産業","100","2025-10-21","","1998-02-23","東京都","02月末日","08月31日",""
"2026-05-25","436A0","サイバーソリューションズ","Ｇ－サイバーＳＯＬ","CyberSolutions Inc.","国内","","株式","グロース","情報・通信業","100","2025-10-23","","2022-12-14","東京都","04月30日","10月31日",""
"2026-05-25","437A0","ジェイウェイブ","Ｐ－ジェイウェイブ","Jwave Co.,Ltd","国内","","株式","TOKYO PRO Market","サービス業","100","2025-10-23","","1999-06-03","福岡県","03月31日","09月30日",""
"2026-05-25","439A0","アクトビ","Ｐ－アクトビ","ACTBE Inc.","国内","","株式","TOKYO PRO Market","情報・通信業","100","2025-10-23","","2018-02-15","大阪府","04月30日","10月31日",""
"2026-05-25","438A0","インフキュリオン","Ｇ－インフキュリオン","Infcurion,Inc.","国内","","株式","グロース","情報・通信業","100","2025-10-24","","2006-05-01","東京都","03月31日","09月30日",""
"2026-05-25","441A0","ＮＥ","Ｇ－ＮＥ","NE Inc.","国内","","株式","グロース","情報・通信業","100","2025-11-04","","2022-05-02","神奈川県","04月30日","10月31日",""
"2026-05-25","443A0","ｉＦｒｅｅＥＴＦ　東証ＲＥＩＴ指数（２・５・８・１１月決算型）","ｉＦＪリート２","iFreeETF Tokyo Stock Exchange REIT Index (Feb/May/Aug/Nov Dividend Type)","国内","","ETF","その他","","1","2025-11-04","","","","02月04日","08月04日",""
"2026-05-25","442A0","クラシコ","Ｇ－クラシコ","Classico,Inc.","国内","","株式","グロース","繊維製品","100","2025-11-05","","2008-12-24","東京都","10月31日","04月30日",""
"2026-05-25","452A0","ｉシェアーズ　Ｓ＆Ｐ　５００　プレミアムインカム　ＥＴＦ","ｉＳＳＰカバコ","iShares S&P 500 Premium Income ETF","国内","","ETF","その他","","10","2025-11-12","","","","01月18日","07月18日",""
"2026-05-25","453A0","ｉシェアーズ　米国債２０年超　プレミアムインカム　ＥＴＦ","ｉＳ米債カバコ","iShares 20+ Year US Treasury Bond Premium Income ETF","国内","","ETF","その他","","10","2025-11-12","","","","01月18日","07月18日",""
"2026-05-25","459A0","野村高利回りＪリート指数ＥＴＦ","野村高利回りＪリート","Nomura High-yield J-REIT Index ETF","国内","","ETF","その他","","1","2025-11-12","","","","03月12日","09月12日",""
"2026-05-25","461A0","ＭＡＸＩＳ日本株高配当ＳＭＡＲＴ５０上場投信","ＭＸ日株高配ＳＭＡＲ","MAXIS Japan Equity High Dividend SMART 50 ETF","国内","","ETF","その他","","1","2025-11-13","","","","02月10日","08月10日",""
"2026-05-25","445A0","東洋コーポレーション","Ｐ－東洋コーポ","TOYO Corporation","国内","","株式","TOKYO PRO Market","不動産業","100","2025-11-14","","1996-09-19","千葉県","03月31日","09月30日",""
"2026-05-25","444A0","アイテル","Ｐ－アイテル","Aitel Co.,Ltd.","国内","","株式","TOKYO PRO Market","卸売業","100","2025-11-18","","1995-05-25","大阪府","12月31日","06月30日",""
"2026-05-25","447A0","ステート・ストリート・スパイダー　ゴールド　ＥＴＦ（為替ヘッジなし）","ＳＳゴールドヘッジ無","State Street SPDR Gold ETF (JPY Unhedged)","国内","","ETF","その他","","10","2025-11-19","","","","10月20日","",""
"2026-05-25","448A0","ステート・ストリート・スパイダー　ゴールド　ＥＴＦ（為替ヘッジあり）","ＳＳゴールドヘッジ有","State Street SPDR Gold ETF (JPY Hedged)","国内","","ETF","その他","","10","2025-11-19","","","","10月20日","",""
"2026-05-25","449A0","ステート・ストリート・スパイダー　Ｓ＆Ｐ５００　ＥＴＦ（為替ヘッジなし）","ＳＳＳＰヘッジ無","State Street SPDR S&P 500 ETF (JPY Unhedged)","国内","","ETF","その他","","10","2025-11-19","","","","04月20日","10月20日",""
"2026-05-25","450A0","ステート・ストリート・スパイダー　Ｓ＆Ｐ５００　ＥＴＦ（為替ヘッジあり）","ＳＳＳＰヘッジ有","State Street SPDR S&P 500 ETF (JPY Hedged)","国内","","ETF","その他","","10","2025-11-19","","","","04月20日","10月20日",""
"2026-05-25","451A0","ステート・ストリート・スパイダー　Ｓ＆Ｐ５００高配当株　ＥＴＦ","ＳＳＳＰ高配当","State Street SPDR S&P 500 High Dividend ETF (JPY Unhedged)","国内","","ETF","その他","","10","2025-11-19","","","","01月20日","07月20日",""
"2026-05-25","446A0","ノースサンド","Ｇ－ノースサンド","Northsand,Inc.","国内","","株式","グロース","サービス業","100","2025-11-21","","2015-07-10","東京都","01月31日","07月31日",""
"2026-05-25","455A0","バリューソフトホールディングス","Ｐ－バリューソフト","Value Soft Holdings Corporation","国内","","株式","TOKYO PRO Market","情報・通信業","100","2025-11-21","","2022-05-02","東京都","12月31日","06月30日",""
"2026-05-25","457A0","ルリアン","Ｐ－ルリアン","Le Lien Co.,Ltd.","国内","","株式","TOKYO PRO Market","サービス業","100","2025-11-21","","2018-04-02","京都府","08月31日","02月末日",""
"2026-05-25","465A0","グローバルＸ　日経平均株主還元４０－日本株式　ＥＴＦ","ＧＸ日経株主還元","Global X Japan Nikkei 225 Shareholder Return 40 ETF","国内","","ETF","その他","","1","2025-11-26","","","","01月04日","07月04日",""
"2026-05-25","466A0","グローバルＸ　防衛テック　ＥＴＦ","ＧＸ防衛テック","Global X Defense Tech ETF","国内","","ETF","その他","","1","2025-11-26","","","","06月10日","12月10日",""
"2026-05-25","467A0","グローバルＸ　米ドル建て投資適格社債　ＥＴＦ（為替ヘッジあり）","ＧＸＵＳ社債Ｈ","Global X USD Investment Grade Corporate Bond ETF (JPY Hedged)","国内","","ETF","その他","","10","2025-11-26","","","","01月10日","07月10日",""
"2026-05-25","468A0","グローバルＸ　米ドル建て投資適格社債　ＥＴＦ","ＧＸＵＳ社債","Global X USD Investment Grade Corporate Bond ETF","国内","","ETF","その他","","10","2025-11-26","","","","01月10日","07月10日",""
"2026-05-25","456A0","ＨＵＭＡＮ　ＭＡＤＥ","Ｇ－ヒューマンメイド","HUMAN MADE Inc.","国内","","株式","グロース","小売業","100","2025-11-27","","2016-02-05","東京都","01月31日","07月31日",""
"2026-05-25","458A0","プラン・ドゥ","Ｐ－プラン・ドゥ","PLAN DO Co.,Ltd.","国内","","株式","TOKYO PRO Market","不動産業","100","2025-11-27","","2003-04-10","東京都","11月30日","05月31日",""
"2026-05-25","460A0","ＢＲＡＮＵ","Ｇ－ＢＲＡＮＵ","BRANU Inc.","国内","","株式","グロース","情報・通信業","100","2025-12-01","","2009-08-18","東京都","10月31日","04月30日",""
"2026-05-25","463A0","インテリックスホールディングス","インテリックスＨＤ","INTELLEX HOLDINGS Co.,Ltd.","国内","","株式","スタンダード","不動産業","100","2025-12-01","","2025-12-01","東京都","05月31日","11月30日",""
"2026-05-25","464A0","ＱＰＳホールディングス","Ｇ－ＱＰＳＨＤ","QPS Holdings Inc.","国内","","株式","グロース","情報・通信業","100","2025-12-01","","2025-12-01","福岡県","05月31日","11月30日",""
"2026-05-25","462A0","ＦＵＮＤＩＮＮＯ","Ｇ－ファンディーノ","FUNDINNO,INC.","国内","","株式","グロース","証券、商品先物取引業","100","2025-12-05","","2015-11-26","東京都","10月31日","04月30日",""
"2026-05-25","473A0","ニッセイＥＴＦ　日経２２５インデックス","ＮＡＭ日経２２５イン","Nissay ETF Nikkei 225 Index","国内","","ETF","その他","","1","2025-12-05","","","","04月20日","10月20日",""
"2026-05-25","469A0","フィットクルー","Ｇ－フィットクルー","Fitcrew Inc.","国内","","株式","グロース","サービス業","100","2025-12-12","","2015-01-15","大阪府","11月30日","05月31日",""
"2026-05-25","470A0","ローカル","Ｐ－ローカル","LOCAL,Inc.","国内","","株式","TOKYO PRO Market","小売業","100","2025-12-15","","2008-07-07","熊本県","02月末日","08月31日",""
"2026-05-25","471A0","ＮＳグループ","ＮＳグループ","NS Group,Inc.","国内","","株式","プライム","その他金融業","100","2025-12-16","","2021-08-26","大阪府","12月31日","06月30日",""
"2026-05-25","83030","ＳＢＩ新生銀行","ＳＢＩ新生銀行","SBI Shinsei Bank,Limited","国内","","株式","プライム","銀行業","100","2025-12-17","","1952-12-01","東京都","03月31日","09月30日",""
"2026-05-25","486A0","ＮＥＸＴ　ＦＵＮＤＳ　ユーロ・ストックス５０指数（為替ヘッジなし）連動型上場投信","ＳＴＯＸＸヘッジ無","NEXT FUNDS EURO STOXX 50 (Unhedged) Exchange Traded Fund","国内","","ETF","その他","","1","2025-12-17","","","","06月08日","12月08日",""
"2026-05-25","487A0","ＮＥＸＴ　ＦＵＮＤＳ　ドイツ株式・ＤＡＸ（為替ヘッジなし）連動型上場投信","ＤＡＸヘッジ無","NEXT FUNDS German Equity DAX (Unhedged) Exchange Traded Fund","国内","","ETF","その他","","1","2025-12-17","","","","06月08日","",""
"2026-05-25","488A0","ｉシェアーズ　円高フォーカス　ＥＴＦ","ｉＳ円高フォーカス","iShares Yen Appreciation Focus ETF","国内","","ETF","その他","","10","2025-12-17","","","","01月11日","07月11日",""
"2026-05-25","472A0","ミラティブ","Ｇ－ミラティブ","Mirrativ,Inc.","国内","","株式","グロース","情報・通信業","100","2025-12-18","","2018-02-09","東京都","12月31日","06月30日",""
"2026-05-25","489A0","東証ＲＥＩＴ物流フォーカスＥＴＦ","物流フォーカス","TSE REIT Logistics Focus ETF","国内","","ETF","その他","","1","2025-12-18","","","","01月15日","07月15日",""
"2026-05-25","475A0","ギミック","ギミック","GIMIC Co.,Ltd.","国内","","株式","スタンダード","サービス業","100","2025-12-19","","2003-12-09","東京都","03月31日","09月30日",""
"2026-05-25","476A0","辻・本郷ＩＴコンサルティング","辻・本郷ＩＴコンサル","Tsuji Hongo IT Consulting Co.,Ltd.","国内","","株式","スタンダード","情報・通信業","100","2025-12-19","","2012-05-11","東京都","09月30日","03月31日",""
"2026-05-25","485A0","パワーエックス","Ｇ－パワーエックス","PowerX,Inc.","国内","","株式","グロース","電気機器","100","2025-12-19","","2021-03-22","東京都","12月31日","06月30日",""
"2026-05-25","477A0","スタートライン","Ｇ－スタートライン","Startline CO.,LTD.","国内","","株式","グロース","サービス業","100","2025-12-22","","2009-12-15","東京都","03月31日","09月30日",""
"2026-05-25","484A0","ニューズドテック","Ｐ－ニューズドテック","NewsedTech Co.,Ltd.","国内","","株式","TOKYO PRO Market","小売業","100","2025-12-22","","2009-01-26","東京都","04月30日","10月31日",""
"2026-05-25","483A0","テラテクノロジー","テラテクノロジー","Tera Technology,Inc.","国内","","株式","スタンダード","情報・通信業","100","2025-12-23","","1991-02-12","東京都","03月31日","09月30日",""
"2026-05-25","478A0","フツパー","Ｇ－フツパー","Hutzper Inc.","国内","","株式","グロース","情報・通信業","100","2025-12-24","","2020-04-01","大阪府","12月31日","06月30日",""
"2026-05-25","479A0","ＰＲＯＮＩ","Ｇ－ＰＲＯＮＩ","PRONI Inc.","国内","","株式","グロース","情報・通信業","100","2025-12-24","","2012-10-01","東京都","12月31日","06月30日",""
"2026-05-25","481A0","ＪＳｅｃｕｒｉｔｙ","Ｐ－Ｊセキュリティ","JSecurity,Inc.","国内","","株式","TOKYO PRO Market","情報・通信業","100","2025-12-24","","2018-01-04","東京都","12月31日","06月30日",""
"2026-05-25","480A0","リブ・コンサルティング","Ｇ－リブコンサル","LiB Consulting Co.,Ltd.","国内","","株式","グロース","サービス業","100","2025-12-25","","2012-07-24","東京都","12月31日","06月30日",""
"2026-05-25","490A0","センス・トラスト","Ｐ－センス・トラスト","SENSE TRUST Co.,Ltd.","国内","","株式","TOKYO PRO Market","不動産業","100","2025-12-26","","2019-04-03","大阪府","03月31日","09月30日",""
"2026-05-25","492A0","Ｏｎｅ　ＥＴＦ　日本国債　高クーポン（平均残存１０年未満）","ＯｎｅＪ高クーポン","One ETF Japanese Government Bond High Coupon (Average Duration Below Ten Years)","国内","","ETF","その他","","10","2026-01-20","","","","03月20日","09月20日",""
"2026-05-25","493A0","Ｏｎｅ　ＥＴＦ　日本国債　１－３年","ＯｎｅＪ１－３年","One ETF Japanese Government Bond 1-3 years","国内","","ETF","その他","","10","2026-01-20","","","","03月20日","09月20日",""
"2026-05-25","494A0","Ｏｎｅ　ＥＴＦ　日本国債　３－７年","ＯｎｅＪ３－７年","One ETF Japanese Government Bond 3-7 years","国内","","ETF","その他","","10","2026-01-20","","","","03月20日","09月20日",""
"2026-05-25","495A0","Ｏｎｅ　ＥＴＦ　日本国債　７－１０年","ＯｎｅＪ７－１０年","One ETF Japanese Government Bond 7-10 years","国内","","ETF","その他","","10","2026-01-20","","","","03月20日","09月20日",""
"2026-05-25","496A0","Ｏｎｅ　ＥＴＦ　日本国債　１７－２０年","ＯｎｅＪ１７－２０年","One ETF Japanese Government Bond 17-20 years","国内","","ETF","その他","","10","2026-01-20","","","","03月20日","09月20日",""
"2026-05-25","497A0","インバウンド消費関連　日本株（ネットリターン）ＥＴＮ","インバウンドＥＴＮ","Inbound Consumer Related Japan Equity Net Return ETN","国外","グレートブリテンおよび北部アイルランド連合王国","ETN","その他","","1","2026-01-26","","","","10月31日","",""
"2026-05-25","498A0","防衛・航空宇宙　欧州株（ネットリターン）ＥＴＮ","防衛航空宇宙欧州株","Defense Aerospace Europe Equity Net Return ETN","国外","グレートブリテンおよび北部アイルランド連合王国","ETN","その他","","1","2026-01-26","","","","10月31日","",""
"2026-05-25","499A0","ラグジュアリー厳選１０　欧州株（ネットリターン）ＥＴＮ","ラグジュアリー欧州株","Luxury Select 10 Europe Equity Net Return ETN","国外","グレートブリテンおよび北部アイルランド連合王国","ETN","その他","","1","2026-01-26","","","","10月31日","",""
"2026-05-25","491A0","ｉシェアーズ　Ｓ＆Ｐ　５００　除く金融　ＥＴＦ（為替ヘッジあり）","ｉＳＳ＆Ｐ除く金融","iShares S&P 500 Ex-Financials JPY Hedged ETF","国内","","ETF","その他","","10","2026-01-28","","","","02月09日","08月09日",""
"2026-05-25","502A0","グローバルＸ　超短期円建て債券　ＥＴＦ","ＧＸ超短期円建債券","Global X JPY Ultra Short-Term Bond ETF","国内","","ETF","その他","","10","2026-01-29","","","","01月10日","07月10日",""
"2026-05-25","501A0","プレシャスパートナーズ","Ｐ－プレシャスパート","PRECIOUS PARTNERS Co.,Ltd.","国内","","株式","TOKYO PRO Market","サービス業","100","2026-02-05","","2008-04-23","東京都","03月31日","09月30日",""
"2026-05-25","503A0","ベルチャイルド","Ｐ－ベルチャイルド","BellChild Co.,Ltd.","国内","","株式","TOKYO PRO Market","情報・通信業","100","2026-02-05","","2000-04-03","大阪府","03月31日","09月30日",""
"2026-05-25","500A0","ＴＯブックス","ＴＯブックス","TO Books,Inc.","国内","","株式","スタンダード","情報・通信業","100","2026-02-13","","2014-05-14","東京都","04月30日","10月31日",""
"2026-05-25","506A0","シンカナース","Ｐ－シンカナース","SINKANURSE,Inc.","国内","","株式","TOKYO PRO Market","サービス業","100","2026-02-20","","2006-01-11","東京都","12月31日","06月30日",""
"2026-05-25","507A0","デジタル・ナレッジ","Ｐ－デジタルナレッジ","Digital Knowledge Co.,Ltd.","国内","","株式","TOKYO PRO Market","情報・通信業","100","2026-02-20","","1995-12-20","東京都","11月30日","05月31日",""
"2026-05-25","504A0","イノバセル","Ｇ－イノバセル","Innovacell Inc.","国内","","株式","グロース","医薬品","100","2026-02-24","","2021-01-05","東京都","12月31日","06月30日",""
"2026-05-25","512A0","グローバルＸ　ステーブルコイン＆トークンビジネス　ＥＴＦ（除く日本）","ＧＸステコ＆トークン","Global X Stablecoins & Tokenization ETF (ex-Japan)","国内","","ETF","その他","","1","2026-02-26","","","","02月24日","08月24日",""
"2026-05-25","513A0","グローバルＸ　防衛テック－日本株式　ＥＴＦ","ＧＸ防衛テック日株","Global X Japan Defense Tech ETF","国内","","ETF","その他","","1","2026-02-26","","","","02月24日","08月24日",""
"2026-05-25","505A0","ギークリー","ギークリー","Geekly,Inc.","国内","","株式","スタンダード","サービス業","100","2026-02-27","","2011-08-22","東京都","05月31日","11月30日",""
"2026-05-25","510A0","ハートアップ","Ｐ－ハートアップ","Heart Up Co.,Ltd.","国内","","株式","TOKYO PRO Market","サービス業","100","2026-02-27","","2015-02-06","福岡県","05月31日","11月30日",""
"2026-05-25","516A0","ｉＦｒｅｅＥＴＦ　米ドル・ブル（１倍）","ｉＦ米ドルブル１倍","iFreeETF US Dollar Bull (1x)","国内","","ETF","その他","","1","2026-03-03","","","","02月04日","08月04日",""
"2026-05-25","517A0","ｉＦｒｅｅＥＴＦ　米ドル・ベア（１倍）","ｉＦ米ドルベア１倍","iFreeETF US Dollar Bear (1x)","国内","","ETF","その他","","1","2026-03-03","","","","02月04日","08月04日",""
"2026-05-25","518A0","ＮＥＸＴ　ＦＵＮＤＳ　ＦＴＳＥ日本株高配当キャッシュフロー５０指数連動型上場投信","ＮＦ日株高配ＣＦ５０","NEXT FUNDS FTSE Japan ex-REITs High Income Cash Flow 50 Index Exchange Traded Fund","国内","","ETF","その他","","1","2026-03-03","","","","02月15日","08月15日",""
"2026-05-25","514A0","孫の手","Ｐ－孫の手","Magonote Inc.","国内","","株式","TOKYO PRO Market","サービス業","100","2026-03-05","","2001-02-28","群馬県","03月31日","09月30日",""
"2026-05-25","511A0","ヴァンガードスミス","Ｐ－ヴァンガードＳ","Vanguard Smith Corporation","国内","","株式","TOKYO PRO Market","サービス業","100","2026-03-06","","2015-10-08","東京都","05月31日","11月30日",""
"2026-05-25","509A0","グリーンライト・再エネインフラ投資法人","Ｉ－Ｇライト・再エネ","Green Light Renewable Energy Infrastructure Fund","国内","","インフラファンド","その他","","1","2026-03-10","","2025-06-25","東京都","05月31日","11月30日",""
"2026-05-25","521A0","ｉＦｒｅｅＥＴＦ　ＦＡＮＧ＋ゴールド","ｉＦＦＡＮＧゴールド","iFreeETF FANG+GOLD","国内","","ETF","その他","","1","2026-03-11","","","","06月10日","12月10日",""
"2026-05-25","526A0","ＪＰＸスタートアップ急成長１００ＥＴＦ","スタートアップ１００","JPX Startup100 ETF","国内","","ETF","その他","","1","2026-03-11","","","","07月08日","",""
"2026-05-25","515A0","ｉシェアーズ　高格付け日本円社債　ＥＴＦ","ｉＳ高格付日本円社債","iShares JPY Investment Grade Corporate Bond Active ETF","国内","","ETF","その他","","10","2026-03-13","","","","01月11日","07月11日",""
"2026-05-25","527A0","ＮＯＳＥ　ＳＨＯＰ","Ｐ－ＮＯＳＥＳＨＯＰ","NOSE SHOP Inc.","国内","","株式","TOKYO PRO Market","小売業","100","2026-03-17","","2011-07-12","東京都","06月30日","12月31日",""
"2026-05-25","540A0","上場インデックスファンド日経銀行株トップ１０","上場日経銀行株１０","Listed Index Fund Nikkei Bank Stock Top 10","国内","","ETF","その他","","1","2026-03-18","","","","04月08日","10月08日",""
"2026-05-25","530A0","ＮＺＡＭ　上場投信　東証ＲＥＩＴ指数（２・５・８・１１月決算型）","ＮＺＡＭ　Ｊリート２","NZAM ETF J-REIT Index(2 5 8 11)","国内","","ETF","その他","","1","2026-03-19","","","","02月15日","08月15日",""
"2026-05-25","531A0","ＮＺＡＭ　上場投信　日経平均高配当株５０","ＮＺＡＭ　日経高５０","NZAM ETF Nikkei High Dividend 50","国内","","ETF","その他","","1","2026-03-19","","","","05月15日","11月15日",""
"2026-05-25","532A0","ＮＺＡＭ　上場投信　ＴＯＰＩＸ高配当４０","ＮＺＡＭ　ＴＰ高４０","NZAM ETF TOPIX High Dividend 40","国内","","ETF","その他","","1","2026-03-19","","","","04月15日","10月15日",""
"2026-05-25","533A0","ＮＺＡＭ　上場投信　Ｓ＆Ｐ５００（為替ヘッジなし）","ＮＺＡＭ　ＳＰ５００","NZAM ETF S&P500(Unhedged)","国内","","ETF","その他","","1","2026-03-19","","","","04月15日","10月15日",""
"2026-05-25","534A0","ＮＺＡＭ　上場投信　ＮＡＳＤＡＱ１００（為替ヘッジなし）","ＮＺＡＭ　ＮＱ１００","NZAM ETF NASDAQ100(Unhedged)","国内","","ETF","その他","","1","2026-03-19","","","","04月15日","10月15日",""
"2026-05-25","535A0","ＮＺＡＭ　上場投信　ＤＡＸ（為替ヘッジなし）","ＮＺＡＭ　ＤＡＸ","NZAM ETF DAX(Unhedged)","国内","","ETF","その他","","1","2026-03-19","","","","11月15日","",""
"2026-05-25","536A0","ＮＺＡＭ　上場投信　先進国株式（ＭＳＣＩ－ＫＯＫＵＳＡＩ）（為替ヘッジなし）","ＮＺＡＭ　先進国株","NZAM ETF MSCI-KOKUSAI(Unhedged)","国内","","ETF","その他","","1","2026-03-19","","","","04月15日","10月15日",""
"2026-05-25","537A0","ＮＺＡＭ　上場投信　全世界株式（ＭＳＣＩ　ＡＣＷＩ）（為替ヘッジなし）","ＮＺＡＭ　全世界株","NZAM ETF MSCI ACWI(Unhedged)","国内","","ETF","その他","","1","2026-03-19","","","","04月15日","10月15日",""
"2026-05-25","538A0","ＮＺＡＭ　上場投信　米国国債７－１０年（為替ヘッジなし）","ＮＺＡＭ　米債７１０","NZAM ETF US Treasury 7-10Y(Unhedged)","国内","","ETF","その他","","1","2026-03-19","","","","05月15日","11月15日",""
"2026-05-25","539A0","ＮＺＡＭ　上場投信　海外債券（ＦＴＳＥ　ＷＧＢＩ除く日本）（為替ヘッジなし）","ＮＺＡＭ　海外債券","NZAM ETF FTSE WGBI ex Japan(Unhedged)","国内","","ETF","その他","","1","2026-03-19","","","","01月15日","07月15日",""
"2026-05-25","525A0","ｍａｎｅｂｉ","Ｐ－ｍａｎｅｂｉ","manebi Inc.","国内","","株式","TOKYO PRO Market","情報・通信業","100","2026-03-24","","2013-08-23","東京都","07月31日","01月31日",""
"2026-05-25","541A0","Ｏｎｅ　ＥＴＦ　ＴＯＰＩＸ高配当株グロース指数","Ｏｎｅ高配当グロース","One ETF TOPIX High Dividend Growth Index","国内","","ETF","その他","","10","2026-03-24","","","","01月08日","07月08日",""
"2026-05-25","519A0","ベーシック","Ｇ－ベーシック","Basic Inc.","国内","","株式","グロース","情報・通信業","100","2026-03-25","","2004-03-18","東京都","12月31日","06月30日",""
"2026-05-25","520A0","ジェイファーマ","Ｇ－ジェイファーマ","J-Pharma Co.,Ltd.","国内","","株式","グロース","医薬品","100","2026-03-25","","2005-12-26","東京都","03月31日","09月30日",""
"2026-05-25","524A0","田村ビルズグループ","Ｐ－田村ビルズＧ","Tamura Builds Group Co.,Ltd.","国内","","株式","TOKYO PRO Market","不動産業","100","2026-03-25","","2014-01-06","山口県","05月31日","11月30日",""
"2026-05-25","528A0","フリースタイル","Ｐ－フリースタイル","FREE STYLE,Inc.","国内","","株式","TOKYO PRO Market","情報・通信業","100","2026-03-26","","2006-09-15","愛知県","03月31日","09月30日",""
"2026-05-25","522A0","ＣＯＥＬ","Ｐ－ＣＯＥＬ","COEL Inc.","国内","","株式","TOKYO PRO Market","情報・通信業","100","2026-03-27","","1995-10-27","愛知県","09月30日","03月31日",""
"2026-05-25","523A0","セイワホールディングス","Ｇ－セイワＨＤ","SEIWA HOLDINGS Co.,Ltd.","国内","","株式","グロース","金属製品","100","2026-03-27","","2021-01-04","愛知県","05月31日","11月30日",""
"2026-05-25","551A0","ＩＺＵＭＩグループ","Ｐ－ＩＺＵＭＩ","IZUMI group Inc.","国内","","株式","TOKYO PRO Market","サービス業","100","2026-03-31","","2016-09-01","東京都","06月30日","12月31日",""
"2026-05-25","552A0","ＭＡＸＩＳ米国ＡＩインフラ株上場投信","ＭＸ米株ＡＩインフラ","MAXIS US AI Infrastructure Equity ETF","国内","","ETF","その他","","1","2026-03-31","","","","01月26日","07月26日",""
"2026-05-25","543A0","ＡＲＣＨＩＯＮ","ＡＲＣＨＩＯＮ","ARCHION Corporation","国内","","株式","プライム","輸送用機器","100","2026-04-01","","2025-06-02","東京都","03月31日","09月30日",""
"2026-05-25","544A0","ＧＭＳグループ","ＧＭＳグループ","GMS Group Co.,Ltd.","国内","","株式","プライム","機械","100","2026-04-01","","2026-04-01","東京都","03月31日","09月30日",""
"2026-05-25","545A0","トランヴィア","トランヴィア","Toranvia Co.,Ltd.","国内","","株式","プライム","情報・通信業","100","2026-04-01","","2026-04-01","東京都","03月31日","09月30日",""
"2026-05-25","546A0","ＭＩＲＡＩＮＩホールディングス","ＭＩＲＡＩＮＩ","MIRAINI HOLDINGS CO.,LTD.","国内","","株式","プライム","卸売業","100","2026-04-01","","2026-04-01","愛知県","03月31日","09月30日",""
"2026-05-25","547A0","ムニノバホールディングス","ムニノバＨＤ","Muninova Holdings Inc.","国内","","株式","プライム","その他金融業","100","2026-04-01","","2026-04-01","京都府","03月31日","09月30日",""
"2026-05-25","542A0","ビタブリッドジャパン","Ｇ－ビタブリッドＪ","Vitabrid Japan Inc.","国内","","株式","グロース","化学","100","2026-04-02","","2014-04-22","東京都","02月末日","08月31日",""
"2026-05-25","548A0","システムエグゼ","システムエグゼ","SystemEXE,Inc.","国内","","株式","スタンダード","情報・通信業","100","2026-04-06","","1998-02-04","東京都","03月31日","09月30日",""
"2026-05-25","549A0","ヒトトヒトホールディングス","ヒトトヒトＨＤ","HITO-TO-HITO Holdings Co.,Ltd.","国内","","株式","スタンダード","サービス業","100","2026-04-07","","2019-07-19","東京都","03月31日","09月30日",""
"2026-05-25","550A0","ソフトテックス","ソフトテックス","SOFTTEX Co.,Ltd.","国内","","株式","スタンダード","情報・通信業","100","2026-04-09","","1984-02-01","愛知県","03月31日","09月30日",""
"2026-05-25","560A0","オカダコーポレーション","Ｐ－オカダコーポ","OKADA CORPORATION Inc.","国内","","株式","TOKYO PRO Market","小売業","100","2026-04-15","","1973-08-01","三重県","07月31日","01月31日",""
"2026-05-25","557A0","フェリエスト","Ｐ－フェリエスト","Feriest Co.,Ltd.","国内","","株式","TOKYO PRO Market","サービス業","100","2026-04-20","","2016-08-03","東京都","08月31日","02月末日",""
"2026-05-25","554A0","バトンズ","Ｇ－バトンズ","Batonz.Co.,Ltd.","国内","","株式","グロース","情報・通信業","100","2026-04-21","","2018-04-05","東京都","03月31日","09月30日",""
"2026-05-25","555A0","北王ＧＲＯＵＰ","Ｐ－北王ＧＲＯＵＰ","Hokuoh GROUP,Inc.","国内","","株式","TOKYO PRO Market","陸運業","100","2026-04-22","","2023-11-01","東京都","10月31日","04月30日",""
"2026-05-25","558A0","ＳＱＵＥＥＺＥ","Ｇ－ＳＱＵＥＥＺＥ","SQUEEZE Inc.","国内","","株式","グロース","サービス業","100","2026-04-22","","2014-09-01","東京都","12月31日","06月30日",""
"2026-05-25","556A0","犬猫生活","Ｇ－犬猫生活","INUNEKO-SEIKATSU Co.,Ltd.","国内","","株式","グロース","小売業","100","2026-04-23","","2018-05-30","東京都","04月30日","10月31日",""
"2026-05-25","563A0","グローバルＸ　ＮＡＳＤＡＱ１００・デイリー・カバード・コール　ＥＴＦ","ＧＸナスＤカバコ","Global X Nasdaq 100 Daily Covered Call ETF","国内","","ETF","その他","","1","2026-04-23","","","","01月10日","07月10日",""
"2026-05-25","564A0","グローバルＸ　Ｓ＆Ｐ先進国キャッシュフロー・トップ１００　ＥＴＦ","ＧＸ先進ＣＦ１００","Global X S&P Developed Cash Flow Top 100 ETF","国内","","ETF","その他","","1","2026-04-23","","","","04月10日","10月10日",""
"2026-05-25","559A0","梅乃宿酒造","梅乃宿酒造","UMENOYADO BREWERY CO.,LTD.","国内","","株式","スタンダード","食料品","100","2026-04-24","","1950-05-18","奈良県","06月30日","12月31日",""
"2026-05-25","562A0","寶結","Ｐ－寶結","Houyou Inc.","国内","","株式","TOKYO PRO Market","情報・通信業","100","2026-04-24","","2014-12-01","福岡県","08月31日","02月末日",""
"2026-05-25","565A0","ＦＦＦホールディングス","Ｐ－ＦＦＦＨＤ","FFF Holdings Co.Ltd","国内","","株式","TOKYO PRO Market","卸売業","100","2026-05-01","","1951-11-01","福岡県","09月30日","03月31日",""
"2026-05-25","561A0","マークスライフ","Ｐ－マークスライフ","MarksLife Co.,Ltd.","国内","","株式","TOKYO PRO Market","不動産業","100","2026-05-07","","2010-03-31","東京都","10月31日","04月30日",""
"2026-05-25","566A0","ｉＦｒｅｅＥＴＦ　ブルームバーグ日本株（除く金融）高配当５０指数","ｉＦ除金融高配当５０","iFreeETF Bloomberg Japan ex-Financials High Dividend 50 Index","国内","","ETF","その他","","1","2026-05-07","","","","01月07日","07月07日",""
"2026-05-25","567A0","ディープラス","Ｐ－ディープラス","D-Plus Co.,Ltd.","国内","","株式","TOKYO PRO Market","卸売業","100","2026-05-13","","2013-07-03","愛知県","11月30日","05月31日",""
"2026-05-25","568A0","ｉシェアーズ　シルバー　ＥＴＦ","ｉＳシルバー","iShares Silver ETF","国内","","ETF","その他","","10","2026-05-20","","","","02月09日","08月09日",""
"2026-05-25","569A0","ｉシェアーズ　プラチナ　ＥＴＦ","ｉＳプラチナ","iShares Platinum ETF","国内","","ETF","その他","","10","2026-05-20","","","","02月09日","08月09日",""
