code,銘柄名称,市場区分,業種,売買単位,東証上場日
1301,極洋,プライム,水産・農林業,100,1949-05-16
130A,Ｖｅｒｉｔａｓ　Ｉｎ　Ｓｉｌｉｃｏ,グロース,医薬品,100,2024-02-08
1332,ニッスイ,プライム,水産・農林業,100,1949-05-16
1333,Ｕｍｉｏｓ,プライム,水産・農林業,100,2014-04-01
135A,ＶＲＡＩＮ　Ｓｏｌｕｔｉｏｎ,グロース,情報・通信業,100,2024-02-22
1375,ユキグニファクトリー,プライム,水産・農林業,100,2020-09-17
1376,カネコ種苗,スタンダード,水産・農林業,100,2013-07-16
1377,サカタのタネ,プライム,水産・農林業,100,1987-05-11
1379,ホクト,プライム,水産・農林業,100,1999-11-29
137A,Ｃｏｃｏｌｉｖｅ,グロース,情報・通信業,100,2024-02-28
1380,秋川牧園,スタンダード,水産・農林業,100,2013-07-16
1381,アクシーズ,スタンダード,水産・農林業,100,2013-07-16
1382,ホーブ,スタンダード,水産・農林業,100,2013-07-16
1383,ベルグアース,スタンダード,水産・農林業,100,2013-07-16
1384,ホクリヨウ,スタンダード,水産・農林業,100,2015-02-20
138A,光フードサービス,グロース,小売業,100,2024-02-28
1401,エムビーエス,グロース,建設業,100,2015-08-13
1407,ウエストホールディングス,スタンダード,建設業,100,2013-07-16
1414,ショーボンドホールディングス,プライム,建設業,100,2008-01-04
1417,ミライト・ワン,プライム,建設業,100,2010-10-01
1418,インターライフホールディングス,スタンダード,建設業,100,2013-07-16
1419,タマホーム,プライム,建設業,100,2013-03-27
141A,トライアルホールディングス,グロース,小売業,100,2024-03-21
1420,サンヨーホームズ,スタンダード,建設業,100,2013-04-09
1429,日本アクア,プライム,建設業,100,2013-12-13
142A,ジンジブ,グロース,サービス業,100,2024-03-22
1430,ファーストコーポレーション,スタンダード,建設業,100,2015-03-24
1431,Ｌｉｂ　Ｗｏｒｋ,グロース,建設業,100,2019-06-18
1433,ベステラ,プライム,建設業,100,2015-09-02
1434,ＪＥＳＣＯホールディングス,スタンダード,建設業,100,2015-09-08
1435,ｒｏｂｏｔ　ｈｏｍｅ,スタンダード,不動産業,100,2015-12-03
1436,グリーンエナジー＆カンパニー,グロース,建設業,100,2016-03-11
1438,岐阜造園,スタンダード,建設業,100,2022-09-28
143A,イシン,グロース,サービス業,100,2024-03-25
1443,技研ホールディングス,スタンダード,建設業,100,2018-01-09
1444,ニッソウ,グロース,建設業,100,2022-07-25
1446,キャンディル,スタンダード,建設業,100,2018-07-05
1447,ＳＡＡＦホールディングス,グロース,建設業,100,2018-10-01
1450,ＴＡＮＡＫＥＮ,スタンダード,建設業,100,2018-12-18
145A,Ｌ　ｉｓ　Ｂ,グロース,情報・通信業,100,2024-03-26
146A,コロンビア・ワークス,スタンダード,不動産業,100,2024-03-27
147A,ソラコム,グロース,情報・通信業,100,2024-03-26
148A,ハッチ・ワーク,グロース,情報・通信業,100,2024-03-26
1491,中外鉱業,スタンダード,非鉄金属,100,1949-05-16
149A,シンカ,グロース,情報・通信業,100,2024-03-27
150A,ＪＳＨ,グロース,サービス業,100,2024-03-26
1514,住石ホールディングス,スタンダード,鉱業,100,2008-10-01
1515,日鉄鉱業,プライム,鉱業,100,1954-03-03
1518,三井松島ホールディングス,プライム,その他製品,100,1961-10-02
151A,ダイブ,グロース,サービス業,100,2024-03-27
153A,カウリス,グロース,情報・通信業,100,2024-03-28
155A,情報戦略テクノロジー,グロース,情報・通信業,100,2024-03-28
156A,マテリアルグループ,グロース,サービス業,100,2024-03-29
157A,グリーンモンスター,グロース,サービス業,100,2024-03-29
1605,ＩＮＰＥＸ,プライム,鉱業,100,2006-04-03
160A,アズパートナーズ,スタンダード,サービス業,100,2024-04-04
1662,石油資源開発,プライム,鉱業,100,2003-12-10
1663,Ｋ＆Ｏエナジーグループ,プライム,鉱業,100,2014-01-06
166A,タスキホールディングス,グロース,不動産業,100,2024-04-01
167A,リョーサン菱洋ホールディングス,プライム,卸売業,100,2024-04-01
168A,イタミアート,グロース,その他製品,100,2024-04-08
1711,ＳＤＳホールディングス,スタンダード,建設業,100,2004-12-16
1716,第一カッター興業,スタンダード,建設業,100,2013-07-16
1717,明豊ファシリティワークス,スタンダード,サービス業,100,2013-07-16
1718,美樹工業,スタンダード,建設業,100,2013-07-16
1719,安藤・間,プライム,建設業,100,2003-10-01
1720,東急建設,プライム,建設業,100,2003-10-01
1721,コムシスホールディングス,プライム,建設業,100,2003-09-29
1723,日本電技,スタンダード,建設業,100,2013-07-16
1724,シンクレイヤ,スタンダード,建設業,100,2013-07-16
1726,ビーアールホールディングス,プライム,建設業,100,2002-09-26
1736,オーテック,スタンダード,建設業,100,2013-07-16
173A,ハンモック,グロース,情報・通信業,100,2024-04-11
1758,太洋基礎工業,スタンダード,建設業,100,2013-07-16
175A,Ｗｉｌｌ　Ｓｍａｒｔ,グロース,情報・通信業,100,2024-04-16
1762,高松コンストラクショングループ,プライム,建設業,100,2000-01-31
1764,工藤建設,スタンダード,建設業,100,1997-04-11
1766,東建コーポレーション,プライム,建設業,100,2002-03-20
1768,ソネック,スタンダード,建設業,100,2013-07-16
1770,藤田エンジニアリング,スタンダード,建設業,100,2013-07-16
1776,三井住建道路,スタンダード,建設業,100,1996-02-15
177A,コージンバイオ,グロース,化学,100,2024-04-25
1780,ヤマウラ,プライム,建設業,100,1997-08-26
1783,ｆａｎｔａｓｉｓｔａ,スタンダード,不動産業,100,2013-07-16
1786,オリエンタル白石,プライム,建設業,100,2021-04-01
1787,ナカボーテック,スタンダード,建設業,100,2013-07-16
1788,三東工業社,スタンダード,建設業,100,2013-07-16
1793,大本組,スタンダード,建設業,100,2013-07-16
1795,マサル,スタンダード,建設業,100,2013-07-16
1798,守谷商会,スタンダード,建設業,100,2013-07-16
1799,第一建設工業,スタンダード,建設業,100,2013-07-16
1801,大成建設,プライム,建設業,100,1957-09-09
1802,大林組,プライム,建設業,100,1960-11-01
1803,清水建設,プライム,建設業,100,1961-10-02
1807,佐藤渡辺,スタンダード,建設業,100,2013-07-16
1808,長谷工コーポレーション,プライム,建設業,100,1962-03-05
1810,松井建設,スタンダード,建設業,100,1961-10-02
1811,錢高組,スタンダード,建設業,100,2013-07-16
1812,鹿島建設,プライム,建設業,100,1961-10-02
1813,不動テトラ,プライム,建設業,100,1962-05-01
1814,大末建設,プライム,建設業,100,1963-07-04
1815,鉄建建設,プライム,建設業,100,1961-10-02
1820,西松建設,プライム,建設業,100,1961-11-16
1822,大豊建設,スタンダード,建設業,100,1962-02-01
1826,佐田建設,スタンダード,建設業,100,1962-08-15
1827,ナカノフドー建設,スタンダード,建設業,100,1962-09-11
1828,田辺工業,スタンダード,建設業,100,2007-03-22
1833,奥村組,プライム,建設業,100,1963-08-20
1835,東鉄工業,プライム,建設業,100,1962-11-19
1840,土屋ホールディングス,スタンダード,建設業,100,1996-08-19
1844,大盛工業,スタンダード,建設業,100,1996-04-16
1847,イチケン,スタンダード,建設業,100,1963-06-01
1848,富士ピー・エス,スタンダード,建設業,100,2013-07-16
184A,学びエイド,グロース,情報・通信業,100,2024-05-28
1850,南海辰村建設,スタンダード,建設業,100,2013-07-16
1852,淺沼組,プライム,建設業,100,1969-05-07
1853,森組,スタンダード,建設業,100,2013-07-16
1860,戸田建設,プライム,建設業,100,1969-04-01
1861,熊谷組,プライム,建設業,100,1970-04-01
1866,北野建設,スタンダード,建設業,100,1973-09-14
1867,植木組,スタンダード,建設業,100,1982-07-15
186A,アストロスケールホールディングス,グロース,サービス業,100,2024-06-05
1870,矢作建設工業,プライム,建設業,100,1995-12-25
1871,ピーエス・コンストラクション,プライム,建設業,100,1962-06-01
1873,日本ハウスホールディングス,プライム,建設業,100,2013-07-16
1878,大東建託,プライム,不動産業,100,1992-02-05
1879,新日本建設,プライム,建設業,100,1994-10-07
1882,東亜道路工業,プライム,建設業,100,1961-10-02
1885,東亜建設工業,プライム,建設業,100,1961-09-04
1887,日本国土開発,プライム,建設業,100,2019-03-05
1888,若築建設,プライム,建設業,100,1961-10-02
1893,五洋建設,プライム,建設業,100,1963-08-06
1897,金下建設,スタンダード,建設業,100,2013-07-16
1898,世紀東急工業,プライム,建設業,100,1973-09-07
1899,福田組,プライム,建設業,100,1975-12-19
189A,Ｄ＆Ｍカンパニー,グロース,サービス業,100,2024-06-11
1904,大成温調,スタンダード,建設業,100,2013-07-16
1905,テノックス,スタンダード,建設業,100,2013-07-16
1909,日本ドライケミカル,スタンダード,機械,100,2011-06-29
190A,Ｃｈｏｒｄｉａ　Ｔｈｅｒａｐｅｕｔｉｃｓ,グロース,医薬品,100,2024-06-14
1911,住友林業,プライム,建設業,100,1990-11-30
1914,日本基礎技術,スタンダード,建設業,100,1993-10-07
1921,巴コーポレーション,スタンダード,建設業,100,1963-10-04
1925,大和ハウス工業,プライム,建設業,100,1963-01-23
1926,ライト工業,プライム,建設業,100,1961-10-02
1928,積水ハウス,プライム,建設業,100,1970-08-01
1929,日特建設,プライム,建設業,100,1983-12-19
192A,インテグループ,グロース,サービス業,100,2024-06-18
1930,北陸電気工事,プライム,建設業,100,1990-12-12
1934,ユアテック,プライム,建設業,100,1977-12-14
1938,日本リーテック,プライム,建設業,100,1974-01-17
1939,四電工,プライム,建設業,100,1979-11-01
1941,中電工,プライム,建設業,100,1970-11-02
1942,関電工,プライム,建設業,100,1961-10-02
1944,きんでん,プライム,建設業,100,1970-03-16
1945,東京エネシス,プライム,建設業,100,1961-11-02
1946,トーエネック,プライム,建設業,100,1971-10-21
1948,弘電社,スタンダード,建設業,100,1962-07-02
194A,ＷＯＬＶＥＳ　ＨＡＮＤ,グロース,サービス業,100,2024-06-20
1950,日本電設工業,プライム,建設業,100,1962-12-01
1951,エクシオグループ,プライム,建設業,100,1973-03-01
1952,新日本空調,プライム,建設業,100,1990-11-27
1959,クラフティア,プライム,建設業,100,1971-11-01
195A,ＭＵＳＣＡＴ　ＧＲＯＵＰ,グロース,サービス業,100,2024-06-19
1960,サンテック,スタンダード,建設業,100,1973-05-01
1961,三機工業,プライム,建設業,100,1950-09-05
1963,日揮ホールディングス,プライム,建設業,100,1962-05-17
1964,中外炉工業,プライム,建設業,100,1970-03-20
1965,テクノ菱和,スタンダード,建設業,100,1996-12-26
1966,高田工業所,スタンダード,建設業,100,2013-07-16
1967,ヤマト,スタンダード,建設業,100,1964-10-15
1968,太平電業,プライム,建設業,100,1968-12-23
1969,高砂熱学工業,プライム,建設業,100,1969-11-14
196A,ＭＦＳ,グロース,その他金融業,100,2024-06-21
1972,三晃金属工業,スタンダード,建設業,100,1962-09-03
1975,朝日工業社,プライム,建設業,100,1971-04-01
1976,明星工業,プライム,建設業,100,2013-07-16
1979,大氣社,プライム,建設業,100,1974-10-21
197A,タウンズ,スタンダード,医薬品,100,2024-06-20
1980,ダイダン,プライム,建設業,100,1993-08-11
1981,協和日成,スタンダード,建設業,100,2013-07-16
1982,日比谷総合設備,プライム,建設業,100,1977-11-02
198A,ＰｏｓｔＰｒｉｍｅ,グロース,情報・通信業,100,2024-06-20
1992,神田通信機,スタンダード,建設業,100,2013-07-16
1994,高橋カーテンウォール工業,スタンダード,建設業,100,2013-07-16
1997,暁飯島工業,スタンダード,建設業,100,2013-07-16
2001,ニップン,プライム,食料品,100,1949-05-16
2002,日清製粉グループ本社,プライム,食料品,100,1949-05-16
2003,日東富士製粉,スタンダード,食料品,100,1949-05-16
2004,昭和産業,プライム,食料品,100,1949-05-16
2009,鳥越製粉,スタンダード,食料品,100,1962-09-03
2053,中部飼料,プライム,食料品,100,1961-10-02
2055,日和産業,スタンダード,食料品,100,2013-07-16
205A,ロゴスホールディングス,グロース,建設業,100,2024-06-28
2060,フィード・ワン,プライム,食料品,100,2014-10-01
206A,ＰＲＩＳＭ　ＢｉｏＬａｂ,グロース,医薬品,100,2024-07-02
208A,構造計画研究所ホールディングス,スタンダード,情報・通信業,100,2024-07-01
2108,日本甜菜製糖,プライム,食料品,100,1949-05-16
2109,ＤＭ三井製糖,プライム,食料品,100,1953-12-04
2112,塩水港精糖,スタンダード,食料品,100,1961-10-02
2114,フジ日本,スタンダード,食料品,100,1961-10-02
2117,ウェルネオシュガー,プライム,食料品,100,2011-10-03
211A,カドス・コーポレーション,スタンダード,建設業,100,2024-07-18
2120,ＬＩＦＵＬＬ,プライム,サービス業,100,2006-10-31
2121,ＭＩＸＩ,プライム,情報・通信業,100,2006-09-14
2122,インタースペース,スタンダード,サービス業,100,2006-09-19
2124,ジェイエイシーリクルートメント,プライム,サービス業,100,2013-07-16
2127,日本Ｍ＆Ａセンターホールディングス,プライム,サービス業,100,2006-10-10
212A,フィットイージー,プライム,サービス業,100,2024-07-23
2130,メンバーズ,プライム,サービス業,100,2016-04-21
2134,北浜キャピタルパートナーズ,スタンダード,サービス業,100,2013-07-16
2136,ヒップ,スタンダード,サービス業,100,2013-07-16
2138,クルーズ,スタンダード,情報・通信業,100,2013-07-16
2139,中広,スタンダード,サービス業,100,2014-12-22
2146,ＵＴグループ,プライム,サービス業,100,2013-07-16
2148,アイティメディア,プライム,サービス業,100,2007-04-19
2152,幼児活動研究会,スタンダード,サービス業,100,2013-07-16
2153,Ｅ・Ｊホールディングス,プライム,サービス業,100,2007-06-01
2154,オープンアップグループ,プライム,サービス業,100,2013-07-16
2156,セーラー広告,スタンダード,サービス業,100,2013-07-16
2157,コシダカホールディングス,プライム,サービス業,100,2013-07-16
2158,ＦＲＯＮＴＥＯ,グロース,サービス業,100,2007-06-26
215A,タイミー,グロース,サービス業,100,2024-07-26
2160,ジーエヌアイグループ,グロース,医薬品,100,2007-08-31
2162,ｎｍｓ　ホールディングス,スタンダード,サービス業,100,2013-07-16
2163,アルトナー,プライム,サービス業,100,2013-07-16
2164,地域新聞社,スタンダード,サービス業,100,2013-07-16
2168,パソナグループ,プライム,サービス業,100,2007-12-03
2169,ＣＤＳ,スタンダード,サービス業,100,2012-09-12
2170,リンクアンドモチベーション,プライム,サービス業,100,2007-12-17
2173,博展,グロース,サービス業,100,2013-07-16
2175,エス・エム・エス,プライム,サービス業,100,2008-03-13
2179,成学社,スタンダード,サービス業,100,2013-07-16
2180,サニーサイドアップグループ,スタンダード,サービス業,100,2013-07-16
2181,パーソルホールディングス,プライム,サービス業,100,2008-10-01
2183,リニカル,スタンダード,サービス業,100,2008-10-27
2185,シイエム・シイ,スタンダード,サービス業,100,2013-07-16
2186,ソーバル,スタンダード,サービス業,100,2013-07-16
218A,Ｌｉｂｅｒａｗａｒｅ,グロース,精密機器,100,2024-07-29
2193,クックパッド,スタンダード,サービス業,100,2009-07-17
2195,アミタホールディングス,グロース,サービス業,100,2013-07-16
2198,アイ・ケイ・ケイホールディングス,プライム,サービス業,100,2012-01-20
219A,Ｈｅａｒｔｓｅｅｄ,グロース,医薬品,100,2024-07-30
2201,森永製菓,プライム,食料品,100,1949-05-16
2204,中村屋,スタンダード,食料品,100,1957-03-14
2206,江崎グリコ,プライム,食料品,100,1961-05-18
2207,ｍｅｉｔｏ,プライム,食料品,100,1961-10-02
2208,ブルボン,スタンダード,食料品,100,2000-03-01
2209,井村屋グループ,プライム,食料品,100,1997-11-11
220A,Ｆａｂｅｒ　Ｃｏｍｐａｎｙ,スタンダード,情報・通信業,100,2024-07-31
2211,不二家,プライム,食料品,100,1962-06-11
2212,山崎製パン,プライム,食料品,100,1962-07-20
2215,第一屋製パン,スタンダード,食料品,100,1962-09-21
2216,カンロ,スタンダード,食料品,100,1962-09-28
2217,モロゾフ,プライム,食料品,100,1983-08-08
2220,亀田製菓,プライム,食料品,100,2000-03-01
2221,岩塚製菓,スタンダード,食料品,100,2013-07-16
2222,寿スピリッツ,プライム,食料品,100,2013-04-03
2224,コモ,スタンダード,食料品,100,2013-07-16
2226,湖池屋,スタンダード,食料品,100,2013-07-16
2229,カルビー,プライム,食料品,100,2011-03-11
2264,森永乳業,プライム,食料品,100,1954-09-01
2266,六甲バター,プライム,食料品,100,2013-07-16
2267,ヤクルト本社,プライム,食料品,100,1980-01-23
2268,Ｂ－Ｒ　サーティワン　アイスクリーム,スタンダード,食料品,100,2013-07-16
2269,明治ホールディングス,プライム,食料品,100,2009-04-01
2270,雪印メグミルク,プライム,食料品,100,2009-10-01
2281,プリマハム,プライム,食料品,100,1961-10-02
2282,日本ハム,プライム,食料品,100,1963-02-11
2286,林兼産業,スタンダード,食料品,100,1962-05-15
2288,丸大食品,プライム,食料品,100,1968-09-02
228A,オプロ,グロース,情報・通信業,100,2024-08-21
2291,福留ハム,スタンダード,食料品,100,2000-03-01
2292,Ｓ　Ｆｏｏｄｓ,プライム,食料品,100,1999-12-03
2293,滝沢ハム,スタンダード,食料品,100,2013-07-16
2294,柿安本店,プライム,食料品,100,2013-07-16
2296,伊藤ハム米久ホールディングス,プライム,食料品,100,2016-04-01
2300,きょくとう,スタンダード,サービス業,100,2013-07-16
2301,学情,プライム,サービス業,100,2005-09-16
2303,ドーン,スタンダード,情報・通信業,100,2013-07-16
2304,ＣＳＳホールディングス,スタンダード,サービス業,100,2013-07-16
2305,スタジオアリス,スタンダード,サービス業,100,2003-07-30
2307,クロスキャット,プライム,情報・通信業,100,2013-07-16
2311,エプコ,スタンダード,サービス業,100,2013-07-16
2315,ＣＡＩＣＡ　ＤＩＧＩＴＡＬ,スタンダード,情報・通信業,100,2013-07-16
2317,システナ,プライム,情報・通信業,100,2004-11-15
2321,ソフトフロントホールディングス,グロース,情報・通信業,100,2013-07-16
2323,ｆｏｎｆｕｎ,スタンダード,情報・通信業,100,2013-07-16
2325,ＮＪＳ,プライム,サービス業,100,2002-09-26
2326,デジタルアーツ,プライム,情報・通信業,100,2012-02-28
2327,日鉄ソリューションズ,プライム,情報・通信業,100,2002-10-11
2329,東北新社,スタンダード,情報・通信業,100,2013-07-16
2330,フォーサイド,スタンダード,情報・通信業,100,2013-07-16
2331,ＡＬＳＯＫ,プライム,サービス業,100,2002-10-25
2332,クエスト,スタンダード,情報・通信業,100,2013-07-16
2334,イオレ,グロース,サービス業,100,2017-12-15
2335,キューブシステム,プライム,情報・通信業,100,2006-11-22
2337,いちご,プライム,不動産業,100,2013-07-16
2338,クオンタムソリューションズ,スタンダード,情報・通信業,100,2002-11-19
2340,極楽湯ホールディングス,スタンダード,サービス業,100,2013-07-16
2341,アルバイトタイムス,スタンダード,サービス業,100,2013-07-16
2342,トランスジェニックグループ,スタンダード,サービス業,100,2002-12-10
2345,ＨＯＤＬ１,スタンダード,情報・通信業,100,2002-12-13
2349,エヌアイデイ,スタンダード,情報・通信業,100,2013-07-16
2351,ＡＳＪ,スタンダード,情報・通信業,100,2003-01-30
2353,日本駐車場開発,プライム,不動産業,100,2004-02-25
2354,ＹＥ　ＤＩＧＩＴＡＬ,スタンダード,情報・通信業,100,2003-02-21
2359,コア,プライム,情報・通信業,100,2003-03-20
2370,メディネット,グロース,サービス業,100,2003-10-08
2371,カカクコム,プライム,サービス業,100,2003-10-09
2373,ケア２１,スタンダード,サービス業,100,2013-07-16
2375,ギグワークス,スタンダード,サービス業,100,2003-11-05
2376,サイネックス,スタンダード,サービス業,100,2013-07-16
2378,ルネサンス,プライム,サービス業,100,2004-12-16
2379,ディップ,プライム,サービス業,100,2004-05-27
2384,ＳＢＳホールディングス,プライム,陸運業,100,2012-12-14
2385,総医研ホールディングス,グロース,サービス業,100,2003-12-18
2388,ウェッジホールディングス,グロース,その他金融業,100,2013-07-16
2391,プラネット,スタンダード,サービス業,100,2013-07-16
2393,日本ケアサプライ,スタンダード,サービス業,100,2004-02-27
2395,新日本科学,プライム,サービス業,100,2004-03-08
2404,鉄人化ホールディングス,スタンダード,サービス業,100,2004-07-09
2408,ＫＧ情報,スタンダード,サービス業,100,2013-07-16
2410,キャリアデザインセンター,プライム,サービス業,100,2006-09-25
2411,ゲンダイエージェンシー,スタンダード,情報・通信業,100,2013-07-16
2413,エムスリー,プライム,サービス業,100,2004-09-16
2415,ヒューマンホールディングス,スタンダード,サービス業,100,2013-07-16
2418,ツカダ・グローバルホールディング,スタンダード,サービス業,100,2004-10-28
241A,ＲＯＸＸ,グロース,情報・通信業,100,2024-09-25
2424,ブラス,スタンダード,サービス業,100,2016-03-09
2425,ケアサービス,スタンダード,サービス業,100,2013-07-16
2428,ウェルネット,スタンダード,サービス業,100,2013-07-16
2429,ワールドホールディングス,プライム,サービス業,100,2013-07-16
2432,ディー・エヌ・エー,プライム,情報・通信業,100,2005-02-16
2433,博報堂ＤＹホールディングス,プライム,サービス業,100,2005-02-16
2435,シダー,スタンダード,サービス業,100,2013-07-16
2436,共同ピーアール,スタンダード,サービス業,100,2013-07-16
2437,Ｓｈｉｎｗａ　Ｗｉｓｅ　Ｈｏｌｄｉｎｇｓ,スタンダード,サービス業,100,2013-07-16
2438,アスカネット,グロース,サービス業,100,2005-04-14
2440,ぐるなび,スタンダード,サービス業,100,2008-12-12
2445,タカミヤ,スタンダード,サービス業,100,2007-12-17
2449,プラップジャパン,スタンダード,サービス業,100,2013-07-16
244A,グロースエクスパートナーズ,グロース,情報・通信業,100,2024-09-26
2454,オールアバウト,スタンダード,サービス業,100,2013-07-16
2459,アウンコンサルティング,スタンダード,サービス業,100,2005-11-09
245A,ＩＮＧＳ,グロース,小売業,100,2024-09-26
2461,ファンコミュニケーションズ,プライム,サービス業,100,2013-07-16
2462,ライク,プライム,サービス業,100,2005-12-08
2464,Ａｏｂａ‐ＢＢＴ,スタンダード,サービス業,100,2005-12-13
2469,ヒビノ,スタンダード,サービス業,100,2013-07-16
246A,アスア,グロース,サービス業,100,2024-09-26
2471,エスプール,プライム,サービス業,100,2013-07-16
2475,ＷＤＢホールディングス,プライム,サービス業,100,2008-03-18
2477,手間いらず,スタンダード,情報・通信業,100,2006-03-15
2479,ジェイテック,スタンダード,サービス業,100,2013-07-16
247A,Ａｉロボティクス,グロース,化学,100,2024-09-27
2480,システム・ロケーション,スタンダード,情報・通信業,100,2013-07-16
2481,タウンニュース社,スタンダード,サービス業,100,2013-07-16
2483,翻訳センター,スタンダード,サービス業,100,2013-07-16
2484,出前館,スタンダード,情報・通信業,100,2013-07-16
2485,ティア,スタンダード,サービス業,100,2013-06-21
2488,ＪＴＰ,スタンダード,サービス業,100,2013-07-16
2489,アドウェイズ,スタンダード,サービス業,100,2006-06-20
248A,キッズスター,グロース,情報・通信業,100,2024-09-26
2491,バリューコマース,プライム,サービス業,100,2006-07-31
2492,インフォマート,プライム,サービス業,100,2006-08-08
2493,イーサポートリンク,スタンダード,サービス業,100,2013-07-16
2497,ユナイテッド,グロース,サービス業,100,2006-08-30
2498,オリエンタルコンサルタンツホールディングス,スタンダード,サービス業,100,2013-07-16
2499,日本和装ホールディングス,スタンダード,サービス業,100,2012-02-27
2501,サッポロホールディングス,プライム,食料品,100,1949-10-31
2502,アサヒグループホールディングス,プライム,食料品,100,1949-10-31
2503,キリンホールディングス,プライム,食料品,100,1949-05-16
250A,シマダヤ,スタンダード,食料品,100,2024-10-01
2531,宝ホールディングス,プライム,食料品,100,1949-05-16
2533,オエノンホールディングス,プライム,食料品,100,1949-05-16
253A,ＥＴＳグループ,スタンダード,建設業,100,2024-10-01
2540,養命酒製造,プライム,食料品,100,1955-10-26
254A,ＡＩフュージョンキャピタルグループ,スタンダード,証券、商品先物取引業,100,2024-10-01
255A,ジーエルテクノホールディングス,スタンダード,精密機器,100,2024-10-01
256A,飛島ホールディングス,プライム,建設業,100,2024-10-01
2573,北海道コカ・コーラボトリング,スタンダード,食料品,100,1973-08-21
2579,コカ・コーラ　ボトラーズジャパンホールディングス,プライム,食料品,100,1996-11-07
2585,ライフドリンク　カンパニー,プライム,食料品,100,2021-12-21
2586,フルッタフルッタ,グロース,食料品,100,2014-12-17
2587,サントリービバレッジ＆フード,プライム,食料品,100,2013-07-03
2588,プレミアムウォーターホールディングス,スタンダード,食料品,100,2013-03-15
2590,ダイドーグループホールディングス,プライム,食料品,100,2001-08-09
2593,伊藤園,プライム,食料品,100,1996-09-30
2594,キーコーヒー,プライム,食料品,100,1996-01-26
2597,ユニカフェ,スタンダード,食料品,100,2000-08-18
2602,日清オイリオグループ,プライム,食料品,100,1949-06-10
2607,不二製油,プライム,食料品,100,1978-10-02
2612,かどや製油,スタンダード,食料品,100,2012-03-29
2613,Ｊ－オイルミルズ,プライム,食料品,100,2002-03-31
261A,日水コン,スタンダード,サービス業,100,2024-10-16
262A,インターメスティック,プライム,小売業,100,2024-10-18
264A,Ｓｃｈｏｏ,グロース,サービス業,100,2024-10-22
2652,まんだらけ,スタンダード,小売業,100,2000-07-26
2653,イオン九州,スタンダード,小売業,100,2013-07-16
2654,アスモ,スタンダード,小売業,100,2013-07-16
2656,ベクターホールディングス,スタンダード,小売業,100,2013-07-16
2659,サンエー,プライム,小売業,100,2005-02-04
265A,Ｈｍｃｏｍｍ,グロース,情報・通信業,100,2024-10-28
2664,カワチ薬品,プライム,小売業,100,2002-12-04
2666,オートウェーブ,スタンダード,小売業,100,2013-07-16
2667,イメージ　ワン,スタンダード,卸売業,100,2013-07-16
2668,タビオ,スタンダード,卸売業,100,2013-07-16
2669,カネ美食品,スタンダード,小売業,100,2013-07-16
2670,エービーシー・マート,プライム,小売業,100,2002-11-22
2673,夢みつけ隊,スタンダード,小売業,100,2013-07-16
2674,ハードオフコーポレーション,プライム,小売業,100,2004-02-10
2676,高千穂交易,プライム,卸売業,100,2004-03-18
2678,アスクル,プライム,小売業,100,2004-04-27
2681,ゲオホールディングス,プライム,小売業,100,2004-01-13
2683,魚喜,スタンダード,小売業,100,2002-04-15
2685,アンドエスティＨＤ,プライム,小売業,100,2002-12-12
2686,ジーフット,スタンダード,小売業,100,2015-11-10
2687,シー・ヴイ・エス・ベイエリア,スタンダード,サービス業,100,2002-10-02
2689,オルバヘルスケアホールディングス,スタンダード,卸売業,100,2000-12-21
268A,リガク・ホールディングス,プライム,精密機器,100,2024-10-25
2693,ＹＫＴ,スタンダード,卸売業,100,2013-07-16
2694,焼肉坂井ホールディングス,スタンダード,小売業,100,2013-07-16
2695,くら寿司,プライム,小売業,100,2004-10-04
2698,キャンドゥ,スタンダード,小売業,100,2003-12-03
269A,Ｓａｐｅｅｔ,グロース,情報・通信業,100,2024-10-29
2700,木徳神糧,スタンダード,卸売業,100,2013-07-16
2702,日本マクドナルドホールディングス,スタンダード,小売業,100,2013-07-16
2705,大戸屋ホールディングス,スタンダード,小売業,100,2013-07-16
2708,久世,スタンダード,卸売業,100,2013-07-16
2721,ジェイホールディングス,スタンダード,卸売業,100,2013-07-16
2722,ＩＫホールディングス,スタンダード,小売業,100,2013-07-16
2726,パルグループホールディングス,プライム,小売業,100,2004-02-13
2730,エディオン,プライム,小売業,100,2002-03-28
2733,あらた,プライム,卸売業,100,2011-03-17
2734,サーラコーポレーション,プライム,小売業,100,2002-04-30
2735,ワッツ,スタンダード,小売業,100,2013-07-16
2736,フェスタリアホールディングス,スタンダード,小売業,100,2013-07-16
2737,トーメンデバイス,プライム,卸売業,100,2004-03-25
2742,ハローズ,プライム,小売業,100,2013-07-16
2747,北雄ラッキー,スタンダード,小売業,100,2013-07-16
2749,ＪＰホールディングス,プライム,サービス業,100,2011-03-10
274A,ガーデン,スタンダード,小売業,100,2024-11-22
2750,石光商事,スタンダード,卸売業,100,2013-07-16
2751,テンポスホールディングス,スタンダード,卸売業,100,2013-07-16
2752,フジオフードグループ本社,プライム,小売業,100,2013-07-16
2753,あみやき亭,プライム,小売業,100,2002-12-18
2760,東京エレクトロン　デバイス,プライム,卸売業,100,2003-03-07
2762,ＳＡＮＫＯ　ＭＡＲＫＥＴＩＮＧ　ＦＯＯＤＳ,スタンダード,小売業,100,2004-09-15
2763,エフティグループ,スタンダード,卸売業,100,2013-07-16
2764,ひらまつ,スタンダード,小売業,100,2004-04-28
2767,円谷フィールズホールディングス,プライム,卸売業,100,2013-07-16
2768,双日,プライム,卸売業,100,2003-04-01
2769,ヴィレッジヴァンガードコーポレーション,スタンダード,小売業,100,2013-07-16
276A,ククレブ・アドバイザーズ,グロース,不動産業,100,2024-11-28
2776,新都ホールディングス,スタンダード,卸売業,100,2013-07-16
2778,パレモ・ホールディングス,スタンダード,小売業,100,2013-07-16
277A,グロービング,プライム,サービス業,100,2024-11-29
2780,コメ兵ホールディングス,スタンダード,小売業,100,2004-12-21
2782,セリア,スタンダード,小売業,100,2013-07-16
2784,アルフレッサ　ホールディングス,プライム,卸売業,100,2003-09-29
2788,アップルインターナショナル,スタンダード,卸売業,100,2003-12-01
2789,カルラ,スタンダード,小売業,100,2013-07-16
278A,Ｔｅｒｒａ　Ｄｒｏｎｅ,グロース,精密機器,100,2024-11-29
2790,ナフコ,スタンダード,小売業,100,2013-07-16
2791,大黒天物産,プライム,小売業,100,2006-05-24
2792,ハニーズホールディングス,プライム,小売業,100,2005-04-27
2795,日本プリメックス,スタンダード,卸売業,100,2013-07-16
2796,ファーマライズホールディングス,スタンダード,小売業,100,2013-07-16
2798,ワイズテーブルコーポレーション,スタンダード,小売業,100,2004-03-01
2801,キッコーマン,プライム,食料品,100,1949-05-16
2802,味の素,プライム,食料品,100,1949-05-16
2804,ブルドックソース,プライム,食料品,100,1973-05-16
2805,ヱスビー食品,スタンダード,食料品,100,1961-10-02
2806,ユタカフーズ,スタンダード,食料品,100,2000-03-01
2809,キユーピー,プライム,食料品,100,1970-07-22
280A,ＴＭＨ,グロース,卸売業,100,2024-12-04
2810,ハウス食品グループ本社,プライム,食料品,100,1971-07-01
2811,カゴメ,プライム,食料品,100,1978-11-01
2813,和弘食品,スタンダード,食料品,100,2013-07-16
2814,佐藤食品工業,スタンダード,食料品,100,2013-07-16
2815,アリアケジャパン,プライム,食料品,100,1995-09-20
2816,ダイショー,スタンダード,食料品,100,2000-11-09
2818,ピエトロ,スタンダード,食料品,100,2002-04-16
2819,エバラ食品工業,スタンダード,食料品,100,2013-07-16
281A,インフォメティス,グロース,情報・通信業,100,2024-12-09
2820,やまみ,スタンダード,食料品,100,2016-06-17
2831,はごろもフーズ,スタンダード,食料品,100,2000-02-09
285A,キオクシアホールディングス,プライム,電気機器,100,2024-12-18
286A,ユカリア,グロース,サービス業,100,2024-12-12
2871,ニチレイ,プライム,食料品,100,1949-05-16
2872,セイヒョー,スタンダード,食料品,100,2000-03-01
2874,横浜冷凍,プライム,卸売業,100,1962-12-27
2875,東洋水産,プライム,食料品,100,1970-09-28
2876,デルソーレ,スタンダード,食料品,100,2013-07-16
2877,日東ベスト,スタンダード,食料品,100,2013-07-16
287A,黒田グループ,スタンダード,卸売業,100,2024-12-17
2882,イートアンドホールディングス,プライム,食料品,100,2012-11-27
2883,大冷,スタンダード,食料品,100,2014-12-18
2884,ヨシムラ・フード・ホールディングス,プライム,食料品,100,2016-03-04
288A,ラクサス・テクノロジーズ,グロース,サービス業,100,2024-12-13
2892,日本食品化工,スタンダード,食料品,100,1961-10-02
2894,石井食品,スタンダード,食料品,100,1962-12-13
2897,日清食品ホールディングス,プライム,食料品,100,1963-10-21
2901,ウェルディッシュ,スタンダード,食料品,100,2013-07-16
2903,シノブフーズ,スタンダード,食料品,100,2013-07-16
2904,一正蒲鉾,スタンダード,食料品,100,2013-07-16
2907,あじかん,スタンダード,食料品,100,2000-03-01
2908,フジッコ,プライム,食料品,100,1996-12-27
290A,Ｓｙｎｓｐｅｃｔｉｖｅ,グロース,情報・通信業,100,2024-12-19
2910,ロック・フィールド,プライム,食料品,100,2000-02-25
2911,旭松食品,スタンダード,食料品,100,2013-07-16
2914,日本たばこ産業,プライム,食料品,100,1994-10-27
2915,ケンコーマヨネーズ,プライム,食料品,100,2011-03-24
2916,仙波糖化工業,スタンダード,食料品,100,2013-07-16
2917,大森屋,スタンダード,食料品,100,2013-07-16
2918,わらべや日洋ホールディングス,プライム,食料品,100,1999-11-04
291A,リスキル,グロース,サービス業,100,2024-12-17
2922,なとり,プライム,食料品,100,2001-09-17
2923,サトウ食品,スタンダード,食料品,100,2001-04-11
2924,イフジ産業,スタンダード,食料品,100,2012-05-30
2926,篠崎屋,スタンダード,食料品,100,2003-11-28
2927,ＡＦＣ－ＨＤアムスライフサイエンス,スタンダード,食料品,100,2013-07-16
2929,ファーマフーズ,プライム,食料品,100,2006-06-12
2930,北の達人コーポレーション,プライム,化学,100,2014-11-21
2931,ユーグレナ,プライム,食料品,100,2012-12-20
2932,ＳＴＩフードホールディングス,スタンダード,食料品,100,2020-09-25
2933,紀文食品,プライム,食料品,100,2021-04-13
2934,ジェイフロンティア,グロース,食料品,100,2021-08-27
2935,ピックルスホールディングス,プライム,食料品,100,2022-09-01
2936,ベースフード,グロース,食料品,100,2022-11-15
2937,サンクゼール,グロース,食料品,100,2022-12-21
2938,オカムラ食品工業,スタンダード,食料品,100,2023-09-27
2961,日本調理機,スタンダード,金属製品,100,2021-11-09
2962,テクニスコ,スタンダード,金属製品,100,2023-07-26
296A,令和アカウンティング・ホールディングス,グロース,サービス業,100,2024-12-23
2970,ＧＬＣ　ＧＲＯＵＰ,スタンダード,不動産業,100,2018-12-17
2975,スター・マイカ・ホールディングス,プライム,不動産業,100,2019-06-01
2978,ツクルバ,グロース,不動産業,100,2019-07-31
297A,アルピコホールディングス,スタンダード,小売業,100,2024-12-25
2980,ＳＲＥホールディングス,プライム,不動産業,100,2019-12-19
2981,ランディックス,グロース,不動産業,100,2019-12-19
2982,ＡＤワークスグループ,プライム,不動産業,100,2020-04-01
2983,アールプランナー,グロース,不動産業,100,2021-02-10
2984,ヤマイチエステート,スタンダード,不動産業,100,2022-06-20
2986,ＬＡホールディングス,グロース,不動産業,100,2020-07-01
298A,ＧＶＡ　ＴＥＣＨ,グロース,情報・通信業,100,2024-12-26
2991,ランドネット,スタンダード,不動産業,100,2021-07-21
2993,長栄,スタンダード,不動産業,100,2021-12-24
2997,ストレージ王,グロース,不動産業,100,2022-04-27
2998,クリアル,グロース,不動産業,100,2022-04-28
2999,ホームポジション,スタンダード,不動産業,100,2022-06-23
299A,クラシル,グロース,サービス業,100,2024-12-19
3001,片倉工業,スタンダード,繊維製品,100,1949-05-16
3002,グンゼ,プライム,繊維製品,100,1949-05-16
3003,ヒューリック,プライム,不動産業,100,1949-05-16
3004,神栄,スタンダード,卸売業,100,1949-05-16
300A,ＭＩＣ,スタンダード,サービス業,100,2024-12-25
3010,ポラリス・ホールディングス,スタンダード,サービス業,100,1961-10-02
3011,バナーズ,スタンダード,小売業,100,1963-05-17
3020,アプライド,スタンダード,小売業,100,2013-07-16
3021,パシフィックネット,スタンダード,サービス業,100,2006-02-20
3023,ラサ商事,スタンダード,卸売業,100,2006-02-28
3024,クリエイト,スタンダード,卸売業,100,2013-07-16
3028,アルペン,プライム,小売業,100,2006-03-24
302A,ビースタイルホールディングス,グロース,サービス業,100,2024-12-27
3030,ハブ,スタンダード,小売業,100,2013-07-16
3031,ラクーンホールディングス,プライム,情報・通信業,100,2006-04-06
3034,クオールホールディングス,プライム,小売業,100,2011-12-20
3035,ケイティケイ,スタンダード,卸売業,100,2013-07-16
3036,アルコニックス,プライム,卸売業,100,2008-03-14
3038,神戸物産,プライム,卸売業,100,2013-07-16
303A,ｖｉｓｕｍｏ,グロース,情報・通信業,100,2024-12-26
3040,ソリトンシステムズ,プライム,情報・通信業,100,2013-07-16
3041,ビューティカダンホールディングス,スタンダード,卸売業,100,2006-06-19
3042,セキュアヴェイル,スタンダード,情報・通信業,100,2013-07-16
3045,カワサキ,スタンダード,卸売業,100,2013-07-16
3046,ジンズホールディングス,プライム,小売業,100,2013-05-30
3048,ビックカメラ,プライム,小売業,100,2008-06-10
304A,フォルシア,グロース,情報・通信業,100,2024-12-26
3050,ＤＣＭホールディングス,プライム,小売業,100,2006-09-01
3053,ペッパーフードサービス,スタンダード,小売業,100,2006-09-21
3054,ハイパー,スタンダード,卸売業,100,2013-07-16
3058,三洋堂ホールディングス,スタンダード,小売業,100,2013-07-16
3059,ヒラキ,スタンダード,小売業,100,2006-11-14
3063,ジェイグループホールディングス,グロース,小売業,100,2006-11-30
3064,ＭｏｎｏｔａＲＯ,プライム,小売業,100,2006-12-06
3065,ライフフーズ,スタンダード,小売業,100,2013-07-16
3067,東京一番フーズ,スタンダード,小売業,100,2006-12-21
3068,ＷＤＩ,スタンダード,小売業,100,2013-07-16
3069,ＪＦＬＡホールディングス,スタンダード,食料品,100,2013-07-16
3070,ジェリービーンズグループ,グロース,卸売業,100,2013-07-16
3071,ストリーム,スタンダード,小売業,100,2007-02-20
3075,銚子丸,スタンダード,小売業,100,2013-07-16
3076,あい　ホールディングス,プライム,卸売業,100,2007-04-02
3077,ホリイフードサービス,スタンダード,小売業,100,2013-07-16
3079,ディーブイエックス,スタンダード,卸売業,100,2013-07-16
3080,ジェーソン,スタンダード,小売業,100,2013-07-16
3082,きちりホールディングス,スタンダード,小売業,100,2013-03-22
3083,スターシーズ,スタンダード,小売業,100,2013-07-16
3086,Ｊ．フロント　リテイリング,プライム,小売業,100,2007-09-03
3087,ドトール・日レスホールディングス,プライム,小売業,100,2007-10-01
3088,マツキヨココカラ＆カンパニー,プライム,小売業,100,2007-10-01
3089,テクノアルファ,スタンダード,卸売業,100,2013-07-16
3091,ブロンコビリー,プライム,小売業,100,2011-08-26
3092,ＺＯＺＯ,プライム,小売業,100,2007-12-11
3093,トレジャー・ファクトリー,プライム,小売業,100,2007-12-26
3096,オーシャンシステム,スタンダード,小売業,100,2013-07-16
3097,物語コーポレーション,プライム,小売業,100,2010-06-25
3099,三越伊勢丹ホールディングス,プライム,小売業,100,2008-04-01
3101,東洋紡,プライム,化学,100,1949-05-16
3103,ユニチカ,スタンダード,繊維製品,100,1949-05-16
3104,富士紡ホールディングス,プライム,繊維製品,100,1949-05-16
3105,日清紡ホールディングス,プライム,電気機器,100,1949-05-16
3106,倉敷紡績,プライム,繊維製品,100,1949-05-16
3107,ダイワボウホールディングス,プライム,卸売業,100,1949-05-16
3109,シキボウ,プライム,繊維製品,100,1949-05-16
3110,日東紡績,プライム,ガラス・土石製品,100,1949-05-16
3111,オーミケンシ,スタンダード,繊維製品,100,1949-05-16
3113,ＵＮＩＶＡ・Ｏａｋホールディングス,スタンダード,証券、商品先物取引業,100,1949-05-16
3116,トヨタ紡織,プライム,輸送用機器,100,2000-03-16
3121,マーチャント・バンカーズ,スタンダード,サービス業,100,2013-07-16
3123,サイボー,スタンダード,繊維製品,100,1961-10-02
3131,シンデン・ハイテックス,スタンダード,卸売業,100,2015-03-25
3132,マクニカホールディングス,プライム,卸売業,100,2015-04-01
3133,海帆,グロース,小売業,100,2015-04-17
3134,Ｈａｍｅｅ,スタンダード,小売業,100,2015-04-20
3135,マーケットエンタープライズ,スタンダード,小売業,100,2015-06-17
3137,ファンデリー,スタンダード,小売業,100,2015-06-25
3138,富士山マガジンサービス,スタンダード,小売業,100,2015-07-07
3139,ラクト・ジャパン,プライム,卸売業,100,2015-08-28
3140,ＢＲＵＮＯ,グロース,卸売業,100,2013-07-16
3143,オーウイル,スタンダード,卸売業,100,2013-07-16
3148,クリエイトＳＤホールディングス,プライム,小売業,100,2009-03-01
3150,グリムス,プライム,電気・ガス業,100,2013-07-16
3151,バイタルケーエスケー・ホールディングス,プライム,卸売業,100,2009-04-01
3153,八洲電機,プライム,卸売業,100,2009-06-25
3154,メディアスホールディングス,プライム,卸売業,100,2013-07-16
3156,レスター,プライム,卸売業,100,2009-10-01
3157,ジオリーブグループ,スタンダード,卸売業,100,2013-07-16
3159,丸善ＣＨＩホールディングス,スタンダード,小売業,100,2010-02-01
3160,大光,スタンダード,卸売業,100,2013-07-16
3161,アゼアス,スタンダード,卸売業,100,2012-06-28
3166,ＯＣＨＩホールディングス,スタンダード,卸売業,100,2013-11-25
3167,ＴＯＫＡＩホールディングス,プライム,卸売業,100,2011-04-01
3168,ＭＥＲＦ,スタンダード,卸売業,100,2011-06-09
3169,ミサワ,スタンダード,小売業,100,2011-12-22
3172,ティーライフ,スタンダード,小売業,100,2013-07-16
3173,Ｃｏｍｉｎｉｘ,スタンダード,卸売業,100,2013-07-16
3174,ハピネス・アンド・ディ,スタンダード,小売業,100,2013-07-16
3175,エー・ピーホールディングス,スタンダード,小売業,100,2012-09-25
3176,三洋貿易,プライム,卸売業,100,2012-10-23
3177,ありがとうサービス,スタンダード,小売業,100,2013-07-16
3178,チムニー,スタンダード,小売業,100,2012-12-14
3179,シュッピン,プライム,小売業,100,2012-12-20
3180,ビューティガレージ,プライム,卸売業,100,2013-02-14
3181,買取王国,スタンダード,小売業,100,2013-07-16
3182,オイシックス・ラ・大地,プライム,小売業,100,2013-03-13
3183,ウイン・パートナーズ,プライム,卸売業,100,2013-07-16
3184,ＩＣＤＡホールディングス,スタンダード,小売業,100,2013-07-16
3185,夢展望,グロース,小売業,100,2013-07-10
3186,ネクステージ,プライム,小売業,100,2013-07-30
3187,ミラタップ,グロース,小売業,100,2013-09-13
3189,ＡＮＡＰホールディングス,スタンダード,小売業,100,2013-11-19
3190,ホットマン,スタンダード,小売業,100,2014-03-20
3191,ジョイフル本田,プライム,小売業,100,2014-04-18
3192,白鳩,スタンダード,小売業,100,2014-04-23
3193,エターナルホスピタリティグループ,プライム,小売業,100,2014-07-10
3195,ジェネレーションパス,グロース,小売業,100,2014-09-24
3196,ホットランドホールディングス,プライム,小売業,100,2014-09-30
3197,すかいらーくホールディングス,プライム,小売業,100,2014-10-09
3198,ＳＦＰホールディングス,プライム,小売業,100,2014-12-16
3199,綿半ホールディングス,プライム,小売業,100,2014-12-24
319A,技術承継機構,グロース,金属製品,100,2025-02-05
3201,日本毛織,プライム,繊維製品,100,1949-05-16
3202,ダイトウボウ,スタンダード,繊維製品,100,1949-05-16
3204,トーア紡コーポレーション,スタンダード,繊維製品,100,2003-06-12
3205,ダイドーリミテッド,スタンダード,繊維製品,100,1950-05-04
3221,ヨシックスホールディングス,プライム,小売業,100,2014-12-24
3222,ユナイテッド・スーパーマーケット・ホールディングス,スタンダード,小売業,100,2015-03-02
3223,エスエルディー,スタンダード,小売業,100,2015-03-19
3224,ゼネラル・オイスター,グロース,小売業,100,2015-03-19
3231,野村不動産ホールディングス,プライム,不動産業,100,2006-10-03
3232,三重交通グループホールディングス,プライム,不動産業,100,2015-03-19
3236,プロパスト,スタンダード,不動産業,100,2013-07-16
3237,イントランス,グロース,不動産業,100,2006-12-15
3238,セントラル総合開発,スタンダード,不動産業,100,2006-12-22
323A,フライヤー,グロース,情報・通信業,100,2025-02-20
3241,ウィル,スタンダード,不動産業,100,2013-07-16
3242,アーバネットコーポレーション,スタンダード,不動産業,100,2013-07-16
3245,ディア・ライフ,プライム,不動産業,100,2007-08-02
3246,コーセーアールイー,スタンダード,不動産業,100,2013-07-16
3248,アールエイジ,スタンダード,不動産業,100,2007-10-15
324A,ブッキングリゾート,グロース,サービス業,100,2025-02-21
3252,地主,プライム,不動産業,100,2014-12-26
325A,ＴＥＮＴＩＡＬ,グロース,繊維製品,100,2025-02-28
3261,グランディーズ,グロース,不動産業,100,2014-12-22
3266,ファンドクリエーショングループ,スタンダード,不動産業,100,2013-07-16
3267,フィル・カンパニー,スタンダード,建設業,100,2016-11-18
3271,ＴＨＥグローバル社,スタンダード,不動産業,100,2012-09-06
3276,ＪＰＭＣ,プライム,不動産業,100,2012-12-07
3277,サンセイランディック,スタンダード,不動産業,100,2013-07-16
3280,エストラスト,スタンダード,不動産業,100,2012-11-21
3284,フージャースホールディングス,プライム,不動産業,100,2013-04-01
3286,トラストホールディングス,スタンダード,不動産業,100,2013-07-01
3288,オープンハウスグループ,プライム,不動産業,100,2013-09-20
3289,東急不動産ホールディングス,プライム,不動産業,100,2013-10-01
3291,飯田グループホールディングス,プライム,不動産業,100,2013-11-01
3293,アズマハウス,スタンダード,不動産業,100,2013-12-17
3294,イーグランド,スタンダード,不動産業,100,2013-12-18
3297,東武住販,スタンダード,不動産業,100,2014-05-22
3299,ムゲンエステート,スタンダード,不動産業,100,2014-06-18
3300,アンビション　ＤＸ　ホールディングス,グロース,不動産業,100,2014-09-19
3302,帝国繊維,プライム,繊維製品,100,1950-09-20
3306,日本製麻,スタンダード,卸売業,100,1949-05-16
330A,ＴａｌｅｎｔＸ,グロース,情報・通信業,100,2025-03-18
3315,日本コークス工業,プライム,石油・石炭製品,100,2004-03-10
3317,フライングガーデン,スタンダード,小売業,100,2013-07-16
331A,メディックス,スタンダード,サービス業,100,2025-03-19
3320,クロスプラス,スタンダード,卸売業,100,2004-04-14
3321,ミタチ産業,スタンダード,卸売業,100,2004-04-21
3323,レカム,スタンダード,卸売業,100,2013-07-16
3326,ランシステム,スタンダード,サービス業,100,2013-07-16
3329,東和フードサービス,スタンダード,小売業,100,2013-07-16
332A,ミーク,グロース,情報・通信業,100,2025-03-21
3333,あさひ,プライム,小売業,100,2005-12-14
3349,コスモス薬品,プライム,小売業,100,2004-11-11
334A,ビジュアル・プロセッシング・ジャパン,グロース,情報・通信業,100,2025-03-25
3350,メタプラネット,スタンダード,卸売業,100,2013-07-16
3352,バッファロー,スタンダード,小売業,100,2013-07-16
3353,メディカル一光グループ,スタンダード,小売業,100,2013-07-16
3355,クリヤマホールディングス,スタンダード,卸売業,100,2004-12-09
3358,Ｔｒａｉｌｈｅａｄ　Ｇｌｏｂａｌ　Ｈｏｌｄｉｎｇｓ,スタンダード,小売業,100,2013-07-16
3359,ｃｏｔｔａ,グロース,卸売業,100,2013-09-17
335A,ミライロ,グロース,情報・通信業,100,2025-03-24
3360,シップヘルスケアホールディングス,プライム,卸売業,100,2005-02-22
3361,トーエル,スタンダード,小売業,100,2012-12-26
336A,ダイナミックマッププラットフォーム,グロース,情報・通信業,100,2025-03-27
3370,フジタコーポレーション,スタンダード,小売業,100,2013-07-16
3371,ソフトクリエイトホールディングス,プライム,情報・通信業,100,2008-12-19
3372,関門海,スタンダード,小売業,100,2005-06-02
3374,内外テック,スタンダード,卸売業,100,2013-07-16
3375,ＺＯＡ,スタンダード,小売業,100,2013-07-16
3377,バイク王＆カンパニー,スタンダード,卸売業,100,2006-08-21
3382,セブン＆アイ・ホールディングス,プライム,小売業,100,2005-09-01
3386,コスモ・バイオ,スタンダード,卸売業,100,2013-07-16
3387,クリエイト・レストランツ・ホールディングス,プライム,小売業,100,2005-09-28
3388,明治電機工業,プライム,卸売業,100,2013-07-16
338A,ＺｅｎｍｕＴｅｃｈ,グロース,情報・通信業,100,2025-03-27
3391,ツルハホールディングス,プライム,小売業,100,2005-11-16
3392,デリカフーズホールディングス,スタンダード,卸売業,100,2005-12-06
3393,スターティアホールディングス,プライム,卸売業,100,2005-12-20
3395,サンマルクホールディングス,プライム,小売業,100,2006-01-01
3396,フェリシモ,スタンダード,小売業,100,2006-02-08
3397,トリドールホールディングス,プライム,小売業,100,2006-02-15
3399,丸千代山岡家,スタンダード,小売業,100,2013-07-16
339A,プログレス・テクノロジーズ　グループ,グロース,サービス業,100,2025-03-28
3401,帝人,プライム,繊維製品,100,1949-05-16
3402,東レ,プライム,繊維製品,100,1949-05-16
3405,クラレ,プライム,化学,100,1949-05-16
3407,旭化成,プライム,化学,100,1949-05-16
3409,北紡,スタンダード,繊維製品,100,2013-07-16
340A,ジグザグ,グロース,情報・通信業,100,2025-03-31
3415,ＴＯＫＹＯ　ＢＡＳＥ,プライム,小売業,100,2015-09-02
3416,ピクスタ,スタンダード,小売業,100,2015-09-14
3417,大木ヘルスケアホールディングス,スタンダード,卸売業,100,2015-10-01
3418,バルニバービ,グロース,小売業,100,2015-10-28
341A,トヨコー,グロース,建設業,100,2025-03-28
3420,ケー・エフ・シー,スタンダード,金属製品,100,2013-07-16
3421,稲葉製作所,スタンダード,金属製品,100,2000-06-14
3422,Ｊ－ＭＡＸ,スタンダード,金属製品,100,2021-03-12
3423,エスイー,スタンダード,金属製品,100,2013-07-16
3426,アトムリビンテック,スタンダード,金属製品,100,2013-07-16
3431,宮地エンジニアリンググループ,プライム,金属製品,100,2003-09-29
3433,トーカロ,プライム,金属製品,100,2003-12-19
3434,アルファＣｏ,スタンダード,金属製品,100,2004-04-05
3435,サンコーテクノ,スタンダード,金属製品,100,2013-07-16
3436,ＳＵＭＣＯ,プライム,金属製品,100,2005-11-17
3437,特殊電極,スタンダード,金属製品,100,2013-07-16
3439,三ツ知,スタンダード,金属製品,100,2013-07-16
343A,ＩＡＣＥトラベル,スタンダード,サービス業,100,2025-04-07
3440,日創グループ,スタンダード,金属製品,100,2019-07-16
3441,山王,スタンダード,金属製品,100,2013-07-16
3443,川田テクノロジーズ,プライム,金属製品,100,2009-02-27
3444,菊池製作所,スタンダード,金属製品,100,2013-07-16
3445,ＲＳ　Ｔｅｃｈｎｏｌｏｇｉｅｓ,プライム,金属製品,100,2015-03-24
3446,ジェイテックコーポレーション,スタンダード,金属製品,100,2018-02-28
3447,信和,スタンダード,金属製品,100,2018-03-20
3449,テクノフレックス,スタンダード,金属製品,100,2019-12-10
3452,ビーロット,スタンダード,不動産業,100,2014-12-11
3454,ファーストブラザーズ,スタンダード,不動産業,100,2015-02-18
3457,Ａｎｄ　Ｄｏホールディングス,プライム,不動産業,100,2015-03-25
3461,パルマ,スタンダード,不動産業,100,2015-08-11
3465,ケイアイスター不動産,プライム,不動産業,100,2015-12-24
3467,アグレ都市デザイン,スタンダード,不動産業,100,2016-03-18
3469,デュアルタップ,スタンダード,不動産業,100,2016-07-21
3474,Ｇ－ＦＡＣＴＯＲＹ,グロース,不動産業,100,2016-09-30
3475,グッドコムアセット,プライム,不動産業,100,2016-12-08
3477,フォーライフ,グロース,不動産業,100,2016-12-22
3479,ティーケーピー,グロース,不動産業,100,2017-03-27
3480,ジェイ・エス・ビー,プライム,不動産業,100,2017-07-20
3482,ロードスターキャピタル,プライム,不動産業,100,2017-09-28
3484,イノベーションホールディングス,スタンダード,不動産業,100,2017-10-25
3486,グローバル・リンク・マネジメント,プライム,不動産業,100,2017-12-13
3489,フェイスネットワーク,スタンダード,不動産業,100,2018-03-16
3490,アズ企画設計,スタンダード,不動産業,100,2018-03-29
3491,ＧＡ　ｔｅｃｈｎｏｌｏｇｉｅｓ,グロース,不動産業,100,2018-07-25
3494,マリオン,スタンダード,不動産業,100,2018-09-13
3495,香陵住販,スタンダード,不動産業,100,2018-09-13
3496,アズーム,プライム,不動産業,100,2018-09-20
3498,霞ヶ関キャピタル,プライム,不動産業,100,2018-11-28
3501,ＳＵＭＩＮＯＥ,プライム,繊維製品,100,1990-04-04
350A,デジタルグリッド,グロース,電気・ガス業,100,2025-04-22
3512,日本フエルト,スタンダード,繊維製品,100,1951-02-15
3513,イチカワ,スタンダード,繊維製品,100,1951-05-07
3521,テルマー湯ホールディングス,スタンダード,サービス業,100,1949-08-03
3524,日東製網,スタンダード,繊維製品,100,1963-06-03
3529,アツギ,スタンダード,繊維製品,100,1961-10-02
352A,ＬＯＩＶＥ,グロース,サービス業,100,2025-04-24
3536,アクサスホールディングス,スタンダード,小売業,100,2016-03-01
3537,昭栄薬品,スタンダード,卸売業,100,2016-03-16
3538,ウイルプラスホールディングス,スタンダード,小売業,100,2016-03-24
3539,ＪＭホールディングス,プライム,小売業,100,2016-04-21
3542,ベガコーポレーション,グロース,小売業,100,2016-06-28
3543,コメダホールディングス,プライム,卸売業,100,2016-06-29
3544,サツドラホールディングス,スタンダード,小売業,100,2016-08-16
3546,アレンザホールディングス,プライム,小売業,100,2016-09-01
3547,ユニシアホールディングス,スタンダード,小売業,100,2016-09-14
3548,バロックジャパンリミテッド,プライム,小売業,100,2016-11-01
3549,クスリのアオキホールディングス,プライム,小売業,100,2016-11-21
3550,スタジオアタオ,グロース,小売業,100,2016-11-29
3551,ダイニック,スタンダード,繊維製品,100,1961-10-02
3553,共和レザー,スタンダード,化学,100,1961-09-01
3556,リネットジャパングループ,グロース,小売業,100,2016-12-20
3557,ユナイテッド＆コレクティブ,グロース,小売業,100,2017-02-23
3558,ジェイドグループ,グロース,小売業,100,2017-03-07
3559,ピーバンドットコム,スタンダード,卸売業,100,2017-03-09
3560,ほぼ日,スタンダード,小売業,100,2017-03-16
3561,力の源ホールディングス,プライム,小売業,100,2017-03-21
3562,Ｎｏ．１,スタンダード,卸売業,100,2017-03-28
3563,ＦＯＯＤ　＆　ＬＩＦＥ　ＣＯＭＰＡＮＩＥＳ,プライム,小売業,100,2017-03-30
3565,アセンテック,スタンダード,卸売業,100,2017-04-25
3566,ユニフォームネクスト,グロース,小売業,100,2017-07-19
3569,セーレン,プライム,繊維製品,100,1969-12-01
3571,ソトー,スタンダード,繊維製品,100,1961-10-02
3577,東海染工,スタンダード,繊維製品,100,1971-02-01
3580,小松マテーレ,プライム,繊維製品,100,1978-12-01
3583,オーベクス,スタンダード,繊維製品,100,1949-05-16
3591,ワコールホールディングス,プライム,繊維製品,100,1964-09-07
3597,自重堂,スタンダード,繊維製品,100,2000-03-01
3598,山喜,スタンダード,繊維製品,100,2013-07-16
3600,フジックス,スタンダード,繊維製品,100,2013-07-16
3607,クラウディアホールディングス,スタンダード,繊維製品,100,2005-03-31
3608,ＴＳＩホールディングス,プライム,繊維製品,100,2011-06-01
3611,マツオカコーポレーション,スタンダード,繊維製品,100,2017-12-13
3612,ワールド,プライム,繊維製品,100,2018-09-28
3622,ネットイヤーグループ,スタンダード,情報・通信業,100,2008-03-06
3623,ビリングシステム,グロース,情報・通信業,100,2008-03-19
3624,アクセルマーク,グロース,情報・通信業,100,2008-03-18
3625,テックファームホールディングス,グロース,情報・通信業,100,2013-07-16
3626,ＴＩＳ,プライム,情報・通信業,100,2008-04-01
3627,テクミラホールディングス,スタンダード,情報・通信業,100,2008-05-23
3628,データホライゾン,グロース,情報・通信業,100,2008-09-19
3632,グリーホールディングス,プライム,情報・通信業,100,2008-12-17
3633,ＧＭＯペパボ,スタンダード,情報・通信業,100,2013-07-16
3634,ソケッツ,スタンダード,情報・通信業,100,2009-04-02
3635,コーエーテクモホールディングス,プライム,情報・通信業,100,2009-04-01
3636,三菱総合研究所,プライム,情報・通信業,100,2009-09-14
3639,ボルテージ,スタンダード,情報・通信業,100,2010-06-11
3640,電算,スタンダード,情報・通信業,100,2010-06-24
3641,パピレス,スタンダード,情報・通信業,100,2013-07-16
3645,メディカルネット,グロース,情報・通信業,100,2010-12-21
3646,駅探,スタンダード,情報・通信業,100,2011-03-03
3647,アスリナ,スタンダード,情報・通信業,100,2011-03-01
3648,ＡＧＳ,スタンダード,情報・通信業,100,2011-03-11
3649,ファインデックス,プライム,情報・通信業,100,2013-07-16
3652,ディジタルメディアプロフェッショナル,グロース,情報・通信業,100,2011-06-23
3653,モルフォ,グロース,情報・通信業,100,2011-07-21
3656,ＫＬａｂ,プライム,情報・通信業,100,2011-09-27
3657,ポールトゥウィンホールディングス,プライム,情報・通信業,100,2011-10-26
3659,ネクソン,プライム,情報・通信業,100,2011-12-14
365A,伊澤タオル,スタンダード,繊維製品,100,2025-06-20
3660,アイスタイル,プライム,情報・通信業,100,2012-03-08
3661,エムアップホールディングス,プライム,情報・通信業,100,2012-03-14
3662,エイチームホールディングス,プライム,情報・通信業,100,2012-04-04
3663,セルシス,プライム,情報・通信業,100,2012-04-02
3664,ＷＩＺＥ,グロース,情報・通信業,100,2012-06-26
3665,エニグモ,プライム,情報・通信業,100,2012-07-24
3667,ｅｎｉｓｈ,スタンダード,情報・通信業,100,2012-12-11
3668,コロプラ,プライム,情報・通信業,100,2012-12-13
366A,ウェルネス・コミュニケーションズ,グロース,サービス業,100,2025-06-23
3670,協立情報通信,スタンダード,情報・通信業,100,2013-07-16
3671,ソフトマックス,スタンダード,情報・通信業,100,2013-03-12
3672,オルトプラス,スタンダード,情報・通信業,100,2013-03-14
3673,ブロードリーフ,プライム,情報・通信業,100,2013-03-22
3674,オークファン,グロース,情報・通信業,100,2013-04-25
3675,クロス・マーケティンググループ,スタンダード,情報・通信業,100,2013-06-03
3676,デジタルハーツホールディングス,プライム,情報・通信業,100,2013-10-01
3678,メディアドゥ,プライム,情報・通信業,100,2013-11-20
3679,じげん,プライム,情報・通信業,100,2013-11-22
367A,プリモグローバルホールディングス,スタンダード,小売業,100,2025-06-24
3680,ホットリンク,グロース,情報・通信業,100,2013-12-09
3681,ブイキューブ,プライム,情報・通信業,100,2013-12-10
3682,エンカレッジ・テクノロジ,スタンダード,情報・通信業,100,2013-12-11
3683,サイバーリンクス,スタンダード,情報・通信業,100,2014-03-06
3686,ディー・エル・イー,スタンダード,情報・通信業,100,2014-03-26
3687,フィックスターズ,プライム,情報・通信業,100,2014-04-23
368A,北里コーポレーション,プライム,精密機器,100,2025-06-25
3690,イルグルム,スタンダード,情報・通信業,100,2014-09-17
3691,デジタルプラス,グロース,情報・通信業,100,2014-09-18
3692,ＦＦＲＩセキュリティ,グロース,情報・通信業,100,2014-09-30
3694,オプティム,プライム,情報・通信業,100,2014-10-22
3695,ＧＭＯプロダクトプラットフォーム,グロース,情報・通信業,100,2014-10-21
3696,セレス,プライム,情報・通信業,100,2014-10-22
3697,ＳＨＩＦＴ,プライム,情報・通信業,100,2014-11-13
3698,ＣＲＩ・ミドルウェア,スタンダード,情報・通信業,100,2014-11-27
369A,エータイ,グロース,サービス業,100,2025-06-26
3708,特種東海製紙,プライム,パルプ・紙,100,2007-04-02
3710,ジョルダン,スタンダード,情報・通信業,100,2013-07-16
3712,情報企画,スタンダード,情報・通信業,100,2003-05-30
3719,ＡＩストーム,スタンダード,情報・通信業,100,2013-07-16
3723,日本ファルコム,グロース,情報・通信業,100,2003-12-02
3726,フォーシーズＨＤ,スタンダード,小売業,100,2003-12-05
3727,アプリックス,グロース,情報・通信業,100,2003-12-17
372A,レント,スタンダード,サービス業,100,2025-06-30
3733,ソフトウェア・サービス,スタンダード,情報・通信業,100,2013-07-16
373A,リップス,グロース,化学,100,2025-06-30
3741,セック,プライム,情報・通信業,100,2013-07-16
3744,サイオス,スタンダード,情報・通信業,100,2004-08-05
3747,インタートレード,スタンダード,情報・通信業,100,2004-09-16
3750,ＡＤＲ１２０Ｓ,スタンダード,情報・通信業,100,2004-10-01
3753,フライトソリューションズ,スタンダード,情報・通信業,100,2004-11-01
3758,アエリア,スタンダード,情報・通信業,100,2013-07-16
3760,ケイブ,スタンダード,情報・通信業,100,2013-07-16
3762,テクマトリックス,プライム,情報・通信業,100,2010-06-04
3763,プロシップ,プライム,情報・通信業,100,2013-07-16
3765,ガンホー・オンライン・エンターテイメント,プライム,情報・通信業,100,2013-07-16
3766,システムズ・デザイン,スタンダード,情報・通信業,100,2013-07-16
3768,リスクモンスター,スタンダード,情報・通信業,100,2013-07-16
3769,ＧＭＯペイメントゲートウェイ,プライム,情報・通信業,100,2005-04-04
3771,システムリサーチ,プライム,情報・通信業,100,2013-07-16
3772,ウェルス・マネジメント,スタンダード,不動産業,100,2005-06-07
3773,アドバンスト・メディア,グロース,情報・通信業,100,2005-06-27
3774,インターネットイニシアティブ,プライム,情報・通信業,100,2005-12-02
3776,ブロードバンドタワー,スタンダード,情報・通信業,100,2013-07-16
3777,環境フレンドリーホールディングス,グロース,情報・通信業,100,2013-07-16
3778,さくらインターネット,プライム,情報・通信業,100,2005-10-12
3779,ジェイ・エスコムホールディングス,スタンダード,情報・通信業,100,2013-07-16
3787,テクノマセマティカル,スタンダード,情報・通信業,100,2005-12-14
3788,ＧＭＯグローバルサイン・ホールディングス,プライム,情報・通信業,100,2005-12-16
378A,ヒット,グロース,サービス業,100,2025-07-04
3791,ＩＧポート,スタンダード,情報・通信業,100,2013-07-16
3793,ドリコム,グロース,情報・通信業,100,2006-02-09
3796,いい生活,スタンダード,情報・通信業,100,2006-02-16
3798,ＵＬＳグループ,スタンダード,情報・通信業,100,2013-07-16
3799,キーウェアソリューションズ,スタンダード,情報・通信業,100,2008-03-03
3800,ユニリタ,スタンダード,情報・通信業,100,2013-07-16
3802,エコミック,スタンダード,情報・通信業,100,2020-04-28
3803,イメージ情報開発,グロース,情報・通信業,100,2013-07-16
3804,システム　ディ,スタンダード,情報・通信業,100,2013-07-16
3807,フィスコ,グロース,情報・通信業,100,2013-07-16
3810,サイバーステップホールディングス,スタンダード,情報・通信業,100,2006-07-05
3815,メディア工房,グロース,情報・通信業,100,2006-09-15
3816,大和コンピューター,スタンダード,情報・通信業,100,2013-07-16
3817,ＳＲＡホールディングス,プライム,情報・通信業,100,2006-09-30
3823,ＴＨＥ　ＷＨＹ　ＨＯＷ　ＤＯ　ＣＯＭＰＡＮＹ,スタンダード,情報・通信業,100,2006-10-19
3825,リミックスポイント,スタンダード,小売業,100,2006-12-01
3826,システムインテグレータ,スタンダード,情報・通信業,100,2006-12-04
3834,朝日ネット,プライム,情報・通信業,100,2006-12-26
3835,ｅＢＡＳＥ,プライム,情報・通信業,100,2013-07-16
3836,アバントグループ,プライム,情報・通信業,100,2013-07-16
3837,アドソル日進,プライム,情報・通信業,100,2013-07-16
3839,ＯＤＫソリューションズ,スタンダード,情報・通信業,100,2013-07-16
3840,パス,スタンダード,情報・通信業,100,2007-03-12
3841,ジーダット,スタンダード,情報・通信業,100,2013-07-16
3842,ネクストジェン,スタンダード,情報・通信業,100,2013-07-16
3843,フリービット,プライム,情報・通信業,100,2007-03-20
3844,コムチュア,プライム,情報・通信業,100,2012-11-16
3845,アイフリークモバイル,スタンダード,情報・通信業,100,2013-07-16
3848,データ・アプリケーション,スタンダード,情報・通信業,100,2013-07-16
3850,エヌ・ティ・ティ・データ・イントラマート,スタンダード,情報・通信業,100,2007-06-07
3851,日本一ソフトウェア,スタンダード,情報・通信業,100,2013-07-16
3853,アステリア,プライム,情報・通信業,100,2007-06-22
3854,アイル,プライム,情報・通信業,100,2013-07-16
3856,Ａｂａｌａｎｃｅ,スタンダード,電気機器,100,2007-09-19
3858,ユビキタスＡＩ,スタンダード,情報・通信業,100,2013-07-16
3861,王子ホールディングス,プライム,パルプ・紙,100,1949-12-16
3863,日本製紙,プライム,パルプ・紙,100,2013-04-01
3864,三菱製紙,プライム,パルプ・紙,100,1949-05-16
3865,北越コーポレーション,プライム,パルプ・紙,100,1949-05-16
386A,みのや,スタンダード,小売業,100,2025-07-18
3877,中越パルプ工業,プライム,パルプ・紙,100,1956-01-06
3878,巴川コーポレーション,スタンダード,化学,100,1961-08-28
387A,フラー,グロース,情報・通信業,100,2025-07-24
3880,大王製紙,プライム,パルプ・紙,100,1988-02-17
3891,ニッポン高度紙工業,スタンダード,パルプ・紙,100,2013-07-16
3892,岡山製紙,スタンダード,パルプ・紙,100,2013-07-16
3895,ハビックス,スタンダード,パルプ・紙,100,2013-07-16
3896,阿波製紙,スタンダード,パルプ・紙,100,2012-10-23
3900,クラウドワークス,グロース,情報・通信業,100,2014-12-12
3901,マークラインズ,プライム,情報・通信業,100,2014-12-16
3903,ｇｕｍｉ,プライム,情報・通信業,100,2014-12-18
3904,カヤック,グロース,情報・通信業,100,2014-12-25
3905,データセクション,グロース,情報・通信業,100,2014-12-24
3907,シリコンスタジオ,スタンダード,情報・通信業,100,2015-02-23
3908,コラボス,スタンダード,情報・通信業,100,2015-03-17
3909,ショーケース,スタンダード,情報・通信業,100,2015-03-19
3910,エムケイシステム,スタンダード,情報・通信業,100,2015-03-17
3911,Ａｉｍｉｎｇ,グロース,情報・通信業,100,2015-03-25
3912,モバイルファクトリー,スタンダード,情報・通信業,100,2015-03-26
3913,ＧｒｅｅｎＢｅｅ,スタンダード,情報・通信業,100,2015-03-27
3914,ＪＩＧ－ＳＡＷ,グロース,情報・通信業,100,2015-04-28
3915,テラスカイ,プライム,情報・通信業,100,2015-04-30
3916,デジタル・インフォメーション・テクノロジー,プライム,情報・通信業,100,2015-06-18
3917,アイリッジ,グロース,情報・通信業,100,2015-07-16
3918,ＰＣＩホールディングス,スタンダード,情報・通信業,100,2015-08-04
3920,アイビーシー,スタンダード,情報・通信業,100,2015-09-15
3921,ネオジャパン,プライム,情報・通信業,100,2015-11-27
3922,ＰＲ　ＴＩＭＥＳ,プライム,情報・通信業,100,2016-03-31
3923,ラクス,プライム,情報・通信業,100,2015-12-09
3925,ダブルスタンダード,プライム,情報・通信業,100,2015-12-15
3926,オープンドア,スタンダード,情報・通信業,100,2015-12-17
3927,フーバーブレイン,スタンダード,情報・通信業,100,2015-12-18
3928,マイネット,スタンダード,情報・通信業,100,2015-12-21
3929,ソーシャルワイヤー,グロース,情報・通信業,100,2015-12-24
3930,はてな,グロース,情報・通信業,100,2016-02-24
3931,バリューゴルフ,グロース,情報・通信業,100,2016-03-02
3932,アカツキ,プライム,情報・通信業,100,2016-03-17
3933,チエル,スタンダード,情報・通信業,100,2016-03-22
3934,ベネフィットジャパン,スタンダード,情報・通信業,100,2016-03-24
3935,エディア,スタンダード,情報・通信業,100,2016-04-15
3936,グローバルウェイ,グロース,情報・通信業,100,2016-04-19
3937,Ｕｂｉｃｏｍホールディングス,スタンダード,情報・通信業,100,2016-06-21
3939,カナミックネットワーク,プライム,情報・通信業,100,2016-09-14
3940,ノムラシステムコーポレーション,スタンダード,情報・通信業,100,2016-09-16
3941,レンゴー,プライム,パルプ・紙,100,1950-04-07
3943,大石産業,スタンダード,パルプ・紙,100,2022-02-25
3944,古林紙工,スタンダード,パルプ・紙,100,2013-07-16
3945,スーパーバッグ,スタンダード,パルプ・紙,100,1964-05-11
3946,トーモク,プライム,パルプ・紙,100,1974-04-13
3947,ダイナパック,スタンダード,パルプ・紙,100,1993-10-25
3948,光ビジネスフォーム,スタンダード,パルプ・紙,100,2013-07-16
3950,ザ・パック,プライム,パルプ・紙,100,2001-09-11
3951,朝日印刷,スタンダード,パルプ・紙,100,2002-11-06
3953,大村紙業,スタンダード,パルプ・紙,100,2013-07-16
3954,昭和パックス,スタンダード,パルプ・紙,100,2013-07-16
3955,イムラ,スタンダード,パルプ・紙,100,2000-07-07
3958,笹徳印刷,スタンダード,パルプ・紙,100,2023-09-22
3962,チェンジホールディングス,プライム,情報・通信業,100,2016-09-27
3963,シンクロ・フード,プライム,情報・通信業,100,2016-09-29
3964,オークネット,プライム,情報・通信業,100,2017-03-29
3965,キャピタル・アセット・プランニング,スタンダード,情報・通信業,100,2016-10-07
3967,エルテス,グロース,情報・通信業,100,2016-11-29
3968,セグエグループ,プライム,情報・通信業,100,2016-12-21
3969,エイトレッド,スタンダード,情報・通信業,100,2016-12-22
3970,イノベーション,グロース,情報・通信業,100,2016-12-21
3974,ＳＣＡＴ,スタンダード,情報・通信業,100,2016-12-27
3976,シャノン,グロース,情報・通信業,100,2017-01-27
3979,うるる,グロース,情報・通信業,100,2017-03-16
3981,ビーグリー,スタンダード,情報・通信業,100,2017-03-17
3983,オロ,プライム,情報・通信業,100,2017-03-24
3984,ユーザーローカル,プライム,情報・通信業,100,2017-03-30
3985,テモナ,スタンダード,情報・通信業,100,2017-04-06
3986,ビーブレイクシステムズ,スタンダード,情報・通信業,100,2017-06-15
3987,エコモット,グロース,情報・通信業,100,2018-06-22
3988,ＳＹＳホールディングス,スタンダード,情報・通信業,100,2017-06-30
3989,シェアリングテクノロジー,グロース,情報・通信業,100,2017-08-03
3991,ウォンテッドリー,グロース,情報・通信業,100,2017-09-14
3992,ニーズウェル,プライム,情報・通信業,100,2017-09-20
3993,ＰＫＳＨＡ　Ｔｅｃｈｎｏｌｏｇｙ,プライム,情報・通信業,100,2017-09-22
3994,マネーフォワード,プライム,情報・通信業,100,2017-09-29
3996,サインポスト,スタンダード,情報・通信業,100,2017-11-21
3997,トレードワークス,スタンダード,情報・通信業,100,2017-11-29
3998,すららネット,グロース,情報・通信業,100,2017-12-18
4004,レゾナック・ホールディングス,プライム,化学,100,1949-05-16
4005,住友化学,プライム,化学,100,1949-05-16
4008,住友精化,プライム,化学,100,1956-11-12
4011,ヘッドウォータース,グロース,情報・通信業,100,2020-09-29
4012,アクシス,スタンダード,情報・通信業,100,2020-09-30
4013,勤次郎,グロース,情報・通信業,100,2020-10-13
4014,カラダノート,グロース,情報・通信業,100,2020-10-27
4015,ペイクラウドホールディングス,グロース,情報・通信業,100,2020-11-19
4016,ＭＩＴホールディングス,スタンダード,情報・通信業,100,2020-11-25
4017,クリーマ,グロース,情報・通信業,100,2020-11-27
4019,スタメン,グロース,情報・通信業,100,2020-12-15
4020,ビートレンド,グロース,情報・通信業,100,2020-12-17
4021,日産化学,プライム,化学,100,1949-05-16
4022,ラサ工業,プライム,化学,100,1949-05-16
4023,クレハ,プライム,化学,100,1949-05-16
4025,多木化学,プライム,化学,100,2013-07-16
4026,神島化学工業,スタンダード,ガラス・土石製品,100,2013-07-16
4027,テイカ,プライム,化学,100,1949-05-16
4028,石原産業,プライム,化学,100,1949-07-09
402A,アクセルスペースホールディングス,グロース,輸送用機器,100,2025-08-13
4031,片倉コープアグリ,スタンダード,化学,100,1961-10-02
4040,南海化学,スタンダード,化学,100,2023-04-20
4041,日本曹達,プライム,化学,100,1949-05-16
4042,東ソー,プライム,化学,100,1949-05-16
4043,トクヤマ,プライム,化学,100,1949-05-16
4044,セントラル硝子,プライム,化学,100,1949-05-16
4045,東亞合成,プライム,化学,100,1949-05-16
4046,大阪ソーダ,プライム,化学,100,1953-11-14
4047,関東電化工業,プライム,化学,100,1961-10-02
4051,ＧＭＯフィナンシャルゲート,プライム,情報・通信業,100,2020-07-15
4052,フィーチャ,グロース,情報・通信業,100,2020-06-24
4053,Ｓｕｎ　Ａｓｔｅｒｉｓｋ,プライム,情報・通信業,100,2020-07-31
4054,日本情報クリエイト,グロース,情報・通信業,100,2020-07-31
4055,ティアンドエスグループ,グロース,情報・通信業,100,2020-08-07
4056,ニューラルグループ,グロース,情報・通信業,100,2020-08-20
4057,インターファクトリー,グロース,情報・通信業,100,2020-08-25
4058,トヨクモ,グロース,情報・通信業,100,2020-09-24
4059,まぐまぐ,スタンダード,情報・通信業,100,2020-09-24
4060,ｒａｋｕｍｏ,グロース,情報・通信業,100,2020-09-28
4061,デンカ,プライム,化学,100,1949-05-16
4062,イビデン,プライム,電気機器,100,1949-05-16
4063,信越化学工業,プライム,化学,100,1949-05-16
4064,日本カーバイド工業,プライム,化学,100,1949-05-16
4068,ベイシス,グロース,情報・通信業,100,2021-06-24
4069,ＢｌｕｅＭｅｍｅ,グロース,情報・通信業,100,2021-06-29
4071,プラスアルファ・コンサルティング,プライム,情報・通信業,100,2021-06-30
4072,電算システムホールディングス,プライム,情報・通信業,100,2021-07-01
4073,ジィ・シィ企画,グロース,情報・通信業,100,2021-09-28
4074,ラキール,グロース,情報・通信業,100,2021-07-16
4075,ブレインズテクノロジー,グロース,情報・通信業,100,2021-07-28
4076,シイエヌエス,グロース,情報・通信業,100,2021-08-20
4078,堺化学工業,プライム,化学,100,1961-10-02
407A,ＵＮＩＣＯＮホールディングス,スタンダード,建設業,100,2025-09-26
4082,第一稀元素化学工業,プライム,化学,100,2004-12-03
4088,エア・ウォーター,プライム,化学,100,1966-10-05
4091,日本酸素ホールディングス,プライム,化学,100,1949-05-16
4092,日本化学工業,プライム,化学,100,1949-05-16
4093,東邦アセチレン,スタンダード,化学,100,1964-01-04
4094,日本化学産業,スタンダード,化学,100,1961-10-02
4095,日本パーカライジング,プライム,化学,100,1961-10-02
4097,高圧ガス工業,プライム,化学,100,1977-06-10
4098,チタン工業,スタンダード,化学,100,1962-10-02
4099,四国化成ホールディングス,プライム,化学,100,1962-10-12
409A,オリオンビール,プライム,食料品,100,2025-09-25
4100,戸田工業,スタンダード,化学,100,1982-11-29
4102,丸尾カルシウム,スタンダード,化学,100,2013-07-16
4107,伊勢化学工業,スタンダード,化学,100,1990-10-16
4109,ステラ　ケミファ,プライム,化学,100,2000-10-18
410A,ＧＭＯコマース,グロース,サービス業,100,2025-09-25
4112,保土谷化学工業,プライム,化学,100,1949-05-16
4113,田岡化学工業,スタンダード,化学,100,2013-07-16
4114,日本触媒,プライム,化学,100,1956-11-12
4116,大日精化工業,プライム,化学,100,1961-10-02
4118,カネカ,プライム,化学,100,1949-10-31
4119,日本ピグメントホールディングス,スタンダード,化学,100,1961-10-02
4120,スガイ化学工業,スタンダード,化学,100,2013-07-16
4124,大阪油化工業,スタンダード,化学,100,2017-10-05
4125,三和油化工業,スタンダード,化学,100,2021-12-23
414A,オーバーラップホールディングス,グロース,情報・通信業,100,2025-10-03
4151,協和キリン,プライム,医薬品,100,1949-08-22
415A,ＧＭＯ　ＴＥＣＨホールディングス,グロース,サービス業,100,2025-10-01
4165,プレイド,グロース,情報・通信業,100,2020-12-17
4166,かっこ,グロース,情報・通信業,100,2020-12-17
4167,ココペリ,グロース,情報・通信業,100,2020-12-18
4168,ヤプリ,グロース,情報・通信業,100,2020-12-22
4169,ＥＮＥＣＨＡＮＧＥ,グロース,情報・通信業,100,2020-12-23
416A,富士ユナイトホールディングス,スタンダード,卸売業,100,2025-10-01
4170,Ｋａｉｚｅｎ　Ｐｌａｔｆｏｒｍ,グロース,情報・通信業,100,2020-12-22
4171,グローバルインフォメーション,スタンダード,情報・通信業,100,2020-12-24
4172,Ｈｉクラテス,スタンダード,情報・通信業,100,2020-12-25
4174,アピリッツ,スタンダード,情報・通信業,100,2021-02-25
4175,ｃｏｌｙ,グロース,情報・通信業,100,2021-02-26
4176,ココナラ,グロース,情報・通信業,100,2021-03-19
4177,ｉ‐ｐｌｕｇ,グロース,情報・通信業,100,2021-03-18
4178,Ｓｈａｒｉｎｇ　Ｉｎｎｏｖａｔｉｏｎｓ,グロース,情報・通信業,100,2021-03-24
4179,ジーネクスト,グロース,情報・通信業,100,2021-03-25
417A,ブルーゾーンホールディングス,プライム,小売業,100,2025-10-01
4180,Ａｐｐｉｅｒ　Ｇｒｏｕｐ,プライム,情報・通信業,100,2021-03-30
4182,三菱瓦斯化学,プライム,化学,100,1954-02-15
4183,三井化学,プライム,化学,100,1962-10-05
4186,東京応化工業,プライム,化学,100,1986-07-30
4187,大阪有機化学工業,プライム,化学,100,2005-11-21
4188,三菱ケミカルグループ,プライム,化学,100,2005-10-01
4189,ＫＨネオケム,プライム,化学,100,2016-10-12
4192,スパイダープラス,グロース,情報・通信業,100,2021-03-30
4193,ファブリカホールディングス,スタンダード,情報・通信業,100,2021-04-07
4194,ビジョナル,プライム,情報・通信業,100,2021-04-22
4196,ネオマーケティング,スタンダード,情報・通信業,100,2021-04-22
4197,アスマーク,スタンダード,情報・通信業,100,2023-12-04
4198,テンダ,スタンダード,情報・通信業,100,2021-06-10
4199,ワンダープラネット,グロース,情報・通信業,100,2021-06-10
4202,ダイセル,プライム,化学,100,1949-05-16
4203,住友ベークライト,プライム,化学,100,1949-05-16
4204,積水化学工業,プライム,化学,100,1954-04-07
4205,日本ゼオン,プライム,化学,100,1961-09-11
4206,アイカ工業,プライム,化学,100,1962-07-20
4208,ＵＢＥ,プライム,化学,100,1949-05-30
4212,積水樹脂,プライム,化学,100,1973-10-11
4216,旭有機材,プライム,化学,100,1961-10-02
4218,ニチバン,プライム,化学,100,1961-10-02
421A,ムービン・ストラテジック・キャリア,グロース,サービス業,100,2025-10-06
4220,リケンテクノス,プライム,化学,100,1961-10-19
4221,大倉工業,プライム,化学,100,1967-07-10
4222,児玉化学工業,スタンダード,化学,100,1962-07-26
4224,ロンシール工業,スタンダード,化学,100,1962-09-07
4228,積水化成品工業,プライム,化学,100,1973-04-02
4229,群栄化学工業,プライム,化学,100,1974-05-28
4231,タイガースポリマー,スタンダード,化学,100,2000-04-07
4234,サンエー化研,スタンダード,化学,100,2013-07-16
4235,ウルトラファブリックス・ホールディングス,スタンダード,化学,100,2013-07-16
4237,フジプレアム,スタンダード,化学,100,2013-07-16
4238,ミライアル,スタンダード,化学,100,2011-11-18
423A,ライオン事務器,スタンダード,卸売業,100,2025-10-15
4240,クラスターテクノロジー,スタンダード,化学,100,2013-07-16
4241,アテクト,スタンダード,化学,100,2013-07-16
4242,タカギセイコー,スタンダード,化学,100,2013-07-16
4243,ニックス,スタンダード,化学,100,2013-07-16
4245,ダイキアクシス,スタンダード,化学,100,2013-12-19
4246,ダイキョーニシカワ,プライム,化学,100,2014-03-13
4247,ポバール興業,スタンダード,化学,100,2022-03-10
4248,竹本容器,スタンダード,化学,100,2014-12-17
4249,森六,プライム,化学,100,2017-12-20
4251,恵和,プライム,化学,100,2019-10-30
4255,ＴＨＥＣＯＯ,グロース,情報・通信業,100,2021-12-22
4256,サインド,グロース,情報・通信業,100,2021-12-22
4258,網屋,グロース,情報・通信業,100,2021-12-22
4259,エクサウィザーズ,グロース,情報・通信業,100,2021-12-23
4260,ハイブリッドテクノロジーズ,グロース,情報・通信業,100,2021-12-23
4261,アジアクエスト,グロース,情報・通信業,100,2021-12-27
4262,ニフティライフスタイル,グロース,情報・通信業,100,2021-12-24
4263,サスメド,グロース,情報・通信業,100,2021-12-24
4264,セキュア,グロース,情報・通信業,100,2021-12-27
4265,Ｉｎｓｔｉｔｕｔｉｏｎ　ｆｏｒ　ａ　Ｇｌｏｂａｌ　Ｓｏｃｉｅｔｙ,グロース,情報・通信業,100,2021-12-29
4270,ＢｅｅＸ,グロース,情報・通信業,100,2022-02-24
4272,日本化薬,プライム,化学,100,1949-05-16
4274,細谷火工,スタンダード,化学,100,2013-07-16
4275,カーリット,プライム,化学,100,2013-10-01
4284,ソルクシーズ,スタンダード,情報・通信業,100,2013-07-16
4286,ＣＬホールディングス,スタンダード,サービス業,100,2013-07-16
4287,ジャストプランニング,スタンダード,情報・通信業,100,2013-07-16
4288,アズジェント,スタンダード,情報・通信業,100,2013-07-16
428A,サイプレス・ホールディングス,スタンダード,小売業,100,2025-10-08
4290,プレステージ・インターナショナル,プライム,サービス業,100,2012-12-11
4293,セプテーニ・ホールディングス,スタンダード,サービス業,100,2013-07-16
4299,ハイマックス,スタンダード,情報・通信業,100,2004-03-22
429A,テクセンドフォトマスク,プライム,その他製品,100,2025-10-16
4301,アミューズ,プライム,サービス業,100,2004-03-24
4307,野村総合研究所,プライム,情報・通信業,100,2001-12-17
4308,Ｊストリーム,グロース,情報・通信業,100,2001-09-21
4310,ドリームインキュベータ,プライム,サービス業,100,2002-05-10
4316,ビーマップ,グロース,情報・通信業,100,2013-07-16
4317,レイ,スタンダード,サービス業,100,2013-07-16
4318,クイック,プライム,サービス業,100,2013-07-16
431A,ユーソナー,グロース,情報・通信業,100,2025-10-17
4320,ＣＥホールディングス,スタンダード,情報・通信業,100,2001-10-31
4323,日本システム技術,プライム,情報・通信業,100,2003-02-05
4324,電通グループ,プライム,サービス業,100,2001-11-30
4326,インテージホールディングス,プライム,情報・通信業,100,2008-01-22
4331,テイクアンドギヴ・ニーズ,プライム,サービス業,100,2004-02-16
4334,ユークス,スタンダード,情報・通信業,100,2013-07-16
4335,ＩＰＳホールディングス,スタンダード,情報・通信業,100,2013-07-16
4337,ぴあ,プライム,サービス業,100,2002-01-30
4341,西菱電機,スタンダード,サービス業,100,2013-07-16
4343,イオンファンタジー,プライム,サービス業,100,2003-11-20
4344,ソースネクスト,プライム,情報・通信業,100,2006-12-20
4345,シーティーエス,プライム,サービス業,100,2013-07-16
4346,ＮＥＸＹＺ．Ｇｒｏｕｐ,スタンダード,その他金融業,100,2004-11-11
4347,ブロードメディア,スタンダード,サービス業,100,2013-07-16
4350,メディカルシステムネットワーク,スタンダード,小売業,100,2008-09-12
4351,山田再生系債権回収総合事務所,スタンダード,その他金融業,100,2013-07-16
4356,応用技術,スタンダード,情報・通信業,100,2013-07-16
4360,マナック・ケミカル・パートナーズ,スタンダード,化学,100,2021-10-01
4361,川口化学工業,スタンダード,化学,100,1961-10-02
4362,日本精化,プライム,化学,100,1997-11-11
4365,松本油脂製薬,スタンダード,化学,100,2013-07-16
4366,ダイトーケミックス,スタンダード,化学,100,2013-07-16
4367,広栄化学,スタンダード,化学,100,2013-07-16
4368,扶桑化学工業,プライム,化学,100,2013-07-16
4369,トリケミカル研究所,プライム,化学,100,2013-07-16
436A,サイバーソリューションズ,グロース,情報・通信業,100,2025-10-23
4370,モビルス,グロース,情報・通信業,100,2021-09-02
4371,コアコンセプト・テクノロジー,グロース,情報・通信業,100,2021-09-22
4372,ユミルリンク,グロース,情報・通信業,100,2021-09-22
4373,シンプレクス・ホールディングス,プライム,情報・通信業,100,2021-09-22
4374,ＲＯＢＯＴ　ＰＡＹＭＥＮＴ,グロース,情報・通信業,100,2021-09-28
4375,セーフィー,グロース,情報・通信業,100,2021-09-29
4376,くふうカンパニーホールディングス,グロース,情報・通信業,100,2021-10-01
4377,ワンキャリア,グロース,情報・通信業,100,2021-10-07
4378,ＣＩＮＣ,グロース,情報・通信業,100,2021-10-26
4379,Ｐｈｏｔｏｓｙｎｔｈ,グロース,情報・通信業,100,2021-11-05
4380,Ｍマート,グロース,情報・通信業,100,2018-02-23
4381,ビープラッツ,グロース,情報・通信業,100,2018-04-04
4382,ＨＥＲＯＺ,スタンダード,情報・通信業,100,2018-04-20
4384,ラクスル,プライム,情報・通信業,100,2018-05-31
4385,メルカリ,プライム,情報・通信業,100,2018-06-19
4386,ＳＩＧグループ,スタンダード,情報・通信業,100,2018-06-21
4387,ＺＵＵ,グロース,情報・通信業,100,2018-06-21
4388,エーアイ,スタンダード,情報・通信業,100,2018-06-27
4389,プロパティデータバンク,グロース,情報・通信業,100,2018-06-27
438A,インフキュリオン,グロース,情報・通信業,100,2025-10-24
4390,ＩＰＳ,プライム,情報・通信業,100,2018-06-27
4391,ロジザード,グロース,情報・通信業,100,2018-07-04
4392,ＦＩＧ,プライム,情報・通信業,100,2018-07-02
4393,バンク・オブ・イノベーション,グロース,情報・通信業,100,2018-07-24
4394,エクスモーション,グロース,情報・通信業,100,2018-07-26
4395,アクリート,グロース,情報・通信業,100,2018-07-26
4396,システムサポートホールディングス,プライム,情報・通信業,100,2018-08-02
4397,チームスピリット,グロース,情報・通信業,100,2018-08-22
4398,ブロードバンドセキュリティ,スタンダード,情報・通信業,100,2018-09-26
4401,ＡＤＥＫＡ,プライム,化学,100,1949-05-16
4403,日油,プライム,化学,100,1949-09-01
4404,ミヨシ油脂,スタンダード,食料品,100,1949-05-16
4406,新日本理化,スタンダード,化学,100,2013-07-16
4409,東邦化学工業,スタンダード,化学,100,1962-05-18
4410,ハリマ化成グループ,プライム,化学,100,1989-03-06
4412,サイエンスアーツ,グロース,情報・通信業,100,2021-11-24
4413,ボードルア,プライム,情報・通信業,100,2021-11-30
4414,フレクト,グロース,情報・通信業,100,2021-12-10
4415,ブロードエンタープライズ,グロース,情報・通信業,100,2021-12-16
4416,Ｔｒｕｅ　Ｄａｔａ,グロース,情報・通信業,100,2021-12-16
4417,グローバルセキュリティエキスパート,グロース,情報・通信業,100,2021-12-20
4418,ＪＤＳＣ,グロース,情報・通信業,100,2021-12-20
4419,Ｆｉｎａｔｅｘｔホールディングス,グロース,情報・通信業,100,2021-12-22
441A,ＮＥ,グロース,情報・通信業,100,2025-11-04
4420,イーソル,スタンダード,情報・通信業,100,2018-10-12
4421,ディ・アイ・システム,スタンダード,情報・通信業,100,2018-10-19
4422,ＶＡＬＵＥＮＥＸ,グロース,情報・通信業,100,2018-10-30
4424,Ａｍａｚｉａ,グロース,情報・通信業,100,2018-12-20
4425,Ｋｕｄａｎ,グロース,情報・通信業,100,2018-12-19
4427,ＥｄｕＬａｂ,グロース,情報・通信業,100,2018-12-21
4428,シノプス,グロース,情報・通信業,100,2018-12-25
4429,リックソフト,グロース,情報・通信業,100,2019-02-26
442A,クラシコ,グロース,繊維製品,100,2025-11-05
4430,東海ソフト,スタンダード,情報・通信業,100,2019-02-27
4431,スマレジ,グロース,情報・通信業,100,2019-02-28
4432,ウイングアーク１ｓｔ,プライム,情報・通信業,100,2021-03-16
4433,ヒト・コミュニケーションズ・ホールディングス,プライム,サービス業,100,2019-03-01
4434,サーバーワークス,スタンダード,情報・通信業,100,2019-03-13
4436,ミンカブ・ジ・インフォノイド,グロース,情報・通信業,100,2019-03-19
4437,ｇｏｏｄｄａｙｓホールディングス,グロース,情報・通信業,100,2019-03-25
4438,Ｗｅｌｂｙ,グロース,情報・通信業,100,2019-03-29
4439,東名,スタンダード,情報・通信業,100,2019-04-03
4440,ヴィッツ,スタンダード,情報・通信業,100,2019-04-08
4441,トビラシステムズ,スタンダード,情報・通信業,100,2019-04-25
4442,バルテス・ホールディングス,グロース,情報・通信業,100,2019-05-30
4443,Ｓａｎｓａｎ,プライム,情報・通信業,100,2019-06-19
4444,インフォネット,グロース,情報・通信業,100,2019-06-25
4445,リビン・テクノロジーズ,グロース,情報・通信業,100,2019-06-28
4446,Ｌｉｎｋ－Ｕグループ,プライム,情報・通信業,100,2019-07-18
4447,ピー・ビーシステムズ,グロース,情報・通信業,100,2022-10-06
4448,ｋｕｂｅｌｌ,グロース,情報・通信業,100,2019-09-24
4449,ギフティ,プライム,情報・通信業,100,2019-09-20
4450,パワーソリューションズ,グロース,情報・通信業,100,2019-10-01
4452,花王,プライム,化学,100,1949-05-16
4461,第一工業製薬,プライム,化学,100,1949-05-16
4462,石原ケミカル,プライム,化学,100,2011-03-11
4463,日華化学,スタンダード,化学,100,2015-12-25
4464,ソフト９９コーポレーション,スタンダード,化学,100,2001-06-12
4465,ニイタカ,スタンダード,化学,100,2003-04-24
446A,ノースサンド,グロース,サービス業,100,2025-11-21
4471,三洋化成工業,プライム,化学,100,1973-10-11
4475,ＨＥＮＮＧＥ,グロース,情報・通信業,100,2019-10-08
4476,ＡＩ　ＣＲＯＳＳ,グロース,情報・通信業,100,2019-10-08
4477,ＢＡＳＥ,グロース,情報・通信業,100,2019-10-25
4478,フリー,グロース,情報・通信業,100,2019-12-17
4479,マクアケ,グロース,情報・通信業,100,2019-12-11
4480,メドレー,プライム,情報・通信業,100,2019-12-12
4481,ベース,プライム,情報・通信業,100,2019-12-16
4482,ウィルズ,グロース,情報・通信業,100,2019-12-17
4483,ＪＭＤＣ,プライム,情報・通信業,100,2019-12-16
4484,ランサーズ,グロース,情報・通信業,100,2019-12-16
4486,ユナイトアンドグロウ,グロース,情報・通信業,100,2019-12-18
4487,スペースマーケット,グロース,情報・通信業,100,2019-12-20
4488,ＡＩ　ｉｎｓｉｄｅ,グロース,情報・通信業,100,2019-12-25
4490,ビザスク,グロース,情報・通信業,100,2020-03-10
4491,コンピューターマネージメント,スタンダード,情報・通信業,100,2020-03-11
4492,ゼネテック,スタンダード,情報・通信業,100,2020-03-19
4493,サイバーセキュリティクラウド,グロース,情報・通信業,100,2020-03-26
4494,バリオセキュア,スタンダード,情報・通信業,100,2020-11-30
4495,アイキューブドシステムズ,グロース,情報・通信業,100,2020-07-15
4496,コマースＯｎｅホールディングス,グロース,情報・通信業,100,2020-06-26
4498,サイバートラスト,グロース,情報・通信業,100,2021-04-15
4499,Ｓｐｅｅｅ,スタンダード,情報・通信業,100,2020-07-10
4502,武田薬品工業,プライム,医薬品,100,1949-05-16
4503,アステラス製薬,プライム,医薬品,100,1949-05-16
4506,住友ファーマ,プライム,医薬品,100,1949-05-16
4507,塩野義製薬,プライム,医薬品,100,1949-05-16
4512,わかもと製薬,スタンダード,医薬品,100,1949-05-16
4516,日本新薬,プライム,医薬品,100,1962-09-21
4519,中外製薬,プライム,医薬品,100,1956-03-03
4521,科研製薬,プライム,医薬品,100,1961-10-02
4523,エーザイ,プライム,医薬品,100,1961-09-14
4524,森下仁丹,スタンダード,医薬品,100,1961-10-02
4526,理研ビタミン,プライム,食料品,100,1961-10-02
4527,ロート製薬,プライム,医薬品,100,1962-10-15
4528,小野薬品工業,プライム,医薬品,100,1963-06-01
4531,有機合成薬品工業,スタンダード,化学,100,1962-10-02
4534,持田製薬,プライム,医薬品,100,1963-05-13
4536,参天製薬,プライム,医薬品,100,1964-04-20
4538,扶桑薬品工業,プライム,医薬品,100,1989-12-22
4539,日本ケミファ,スタンダード,医薬品,100,1971-10-01
4540,ツムラ,プライム,医薬品,100,1980-11-21
4543,テルモ,プライム,精密機器,100,1982-06-21
4544,Ｈ．Ｕ．グループホールディングス,プライム,サービス業,100,1983-09-01
4547,キッセイ薬品工業,プライム,医薬品,100,1988-12-22
4548,生化学工業,プライム,医薬品,100,2004-03-23
4549,栄研化学,プライム,医薬品,100,1990-01-29
4552,ＪＣＲファーマ,プライム,医薬品,100,2011-03-18
4553,東和薬品,プライム,医薬品,100,2004-04-05
4554,富士製薬工業,プライム,医薬品,100,2011-07-11
4556,カイノス,スタンダード,医薬品,100,2013-07-16
4558,中京医薬品,スタンダード,医薬品,100,2013-07-16
4559,ゼリア新薬工業,プライム,医薬品,100,1998-12-22
4563,アンジェス,グロース,医薬品,100,2002-09-25
4564,オンコセラピー・サイエンス,グロース,医薬品,100,2003-12-08
4565,ネクセラファーマ,プライム,医薬品,100,2004-07-29
4568,第一三共,プライム,医薬品,100,2005-09-28
4569,杏林製薬,プライム,医薬品,100,2006-03-10
456A,ＨＵＭＡＮ　ＭＡＤＥ,グロース,小売業,100,2025-11-27
4570,免疫生物研究所,グロース,医薬品,100,2013-07-16
4571,ＮＡＮＯホールディングス,グロース,医薬品,100,2008-03-05
4572,カルナバイオサイエンス,グロース,医薬品,100,2013-07-16
4574,大幸薬品,プライム,医薬品,100,2009-03-18
4575,キャンバス,グロース,医薬品,100,2009-09-17
4576,デ・ウエスタン・セラピテクス研究所,グロース,医薬品,100,2013-07-16
4577,ダイト,プライム,医薬品,100,2010-03-24
4578,大塚ホールディングス,プライム,医薬品,100,2010-12-15
4579,ラクオリア創薬,グロース,医薬品,100,2013-07-16
4582,シンバイオ製薬,グロース,医薬品,100,2013-07-16
4583,カイオム・バイオサイエンス,グロース,医薬品,100,2011-12-20
4584,キッズウェル・バイオ,グロース,医薬品,100,2012-11-30
4586,メドレックス,グロース,医薬品,100,2013-02-13
4587,ペプチドリーム,プライム,医薬品,100,2013-06-11
4588,オンコリスバイオファーマ,グロース,医薬品,100,2013-12-06
4591,リボミック,グロース,医薬品,100,2014-09-25
4592,サンバイオ,グロース,医薬品,100,2015-04-08
4593,ヘリオス,グロース,医薬品,100,2015-06-16
4594,ブライトパス・バイオ,グロース,医薬品,100,2015-10-22
4595,ミズホメディー,スタンダード,医薬品,100,2015-12-17
4596,窪田製薬ホールディングス,グロース,医薬品,100,2016-12-06
4597,ソレイジア・ファーマ,グロース,医薬品,100,2017-03-24
4598,Ｄｅｌｔａ－Ｆｌｙ　Ｐｈａｒｍａ,グロース,医薬品,100,2018-10-12
4599,ステムリム,グロース,医薬品,100,2019-08-09
460A,ＢＲＡＮＵ,グロース,情報・通信業,100,2025-12-01
4611,大日本塗料,プライム,化学,100,1949-05-16
4612,日本ペイントホールディングス,プライム,化学,100,1949-05-30
4613,関西ペイント,プライム,化学,100,1949-05-16
4615,神東塗料,スタンダード,化学,100,2013-07-16
4616,川上塗料,スタンダード,化学,100,2013-07-16
4617,中国塗料,プライム,化学,100,1961-10-02
4619,日本特殊塗料,スタンダード,化学,100,1961-10-02
4620,藤倉化成,スタンダード,化学,100,1962-08-02
4623,アサヒペン,スタンダード,化学,100,2013-07-16
4624,イサム塗料,スタンダード,化学,100,2013-07-16
4625,アトミクス,スタンダード,化学,100,2013-07-16
4626,太陽ホールディングス,プライム,化学,100,2001-01-18
4627,ナトコ,スタンダード,化学,100,2013-07-16
4628,エスケー化研,スタンダード,化学,100,2013-07-16
4629,大伸化学,スタンダード,化学,100,2013-07-16
462A,ＦＵＮＤＩＮＮＯ,グロース,証券、商品先物取引業,100,2025-12-05
4631,ＤＩＣ,プライム,化学,100,1950-05-29
4633,サカタインクス,プライム,化学,100,1988-12-15
4634,ａｒｔｉｅｎｃｅ,プライム,化学,100,1961-10-02
4635,東京インキ,スタンダード,化学,100,1961-10-02
463A,インテリックスホールディングス,スタンダード,不動産業,100,2025-12-01
4641,アルプス技研,プライム,サービス業,100,2000-09-28
4642,オリジナル設計,スタンダード,サービス業,100,1998-09-30
4644,イマジニア,スタンダード,情報・通信業,100,2013-07-16
4645,市進ホールディングス,スタンダード,サービス業,100,2013-07-16
464A,ＱＰＳホールディングス,グロース,情報・通信業,100,2025-12-01
4650,ＳＤエンターテイメント,スタンダード,サービス業,100,2013-07-16
4651,サニックスホールディングス,スタンダード,サービス業,100,1997-09-26
4657,環境管理センター,スタンダード,サービス業,100,2013-07-16
4658,日本空調サービス,プライム,サービス業,100,2006-09-07
4659,エイジス,スタンダード,サービス業,100,2013-07-16
4661,オリエンタルランド,プライム,サービス業,100,1996-12-11
4662,フォーカスシステムズ,プライム,情報・通信業,100,2013-07-16
4664,アール・エス・シー,スタンダード,サービス業,100,2013-07-16
4665,ダスキン,プライム,サービス業,100,2006-12-12
4666,パーク２４,プライム,不動産業,100,1999-04-28
4667,アイサンテクノロジー,スタンダード,情報・通信業,100,2013-07-16
4668,明光ネットワークジャパン,プライム,サービス業,100,2003-08-06
4671,ファルコホールディングス,スタンダード,サービス業,100,2004-10-29
4673,川崎地質,スタンダード,サービス業,100,2013-07-16
4674,クレスコ,プライム,情報・通信業,100,2000-09-19
4676,フジ・メディア・ホールディングス,プライム,情報・通信業,100,1997-08-08
4678,秀英予備校,スタンダード,サービス業,100,2000-12-12
4679,田谷,スタンダード,サービス業,100,1999-12-06
4680,ラウンドワン,プライム,サービス業,100,1998-12-08
4681,リゾートトラスト,プライム,サービス業,100,2000-11-27
4684,オービック,プライム,情報・通信業,100,1998-12-17
4685,菱友システムズ,スタンダード,情報・通信業,100,2013-07-16
4686,ジャストシステム,プライム,情報・通信業,100,2013-07-16
4687,ＴＤＣソフト,プライム,情報・通信業,100,2001-01-09
4689,ＬＩＮＥヤフー,プライム,情報・通信業,100,2003-10-28
4691,ワシントンホテル,スタンダード,サービス業,100,2019-10-18
4694,ビー・エム・エル,プライム,サービス業,100,2001-04-25
469A,フィットクルー,グロース,サービス業,100,2025-12-12
4704,トレンドマイクロ,プライム,情報・通信業,100,2000-08-17
4705,クリップコーポレーション,スタンダード,サービス業,100,2013-07-16
4707,キタック,スタンダード,サービス業,100,2013-07-16
4709,ＩＤホールディングス,プライム,情報・通信業,100,2013-07-16
4712,ＫｅｙＨｏｌｄｅｒ,スタンダード,サービス業,100,2013-07-16
4714,リソー教育グループ,プライム,サービス業,100,2001-03-09
4716,日本オラクル,スタンダード,情報・通信業,100,2000-04-28
4718,早稲田アカデミー,プライム,サービス業,100,2007-01-26
4719,アルファシステムズ,プライム,情報・通信業,100,2000-04-19
471A,ＮＳグループ,プライム,その他金融業,100,2025-12-16
4720,城南進学研究社,スタンダード,サービス業,100,2013-07-16
4722,フューチャー,プライム,情報・通信業,100,2002-06-21
4725,ＣＡＣ　Ｈｏｌｄｉｎｇｓ,プライム,情報・通信業,100,2000-10-30
4728,トーセ,スタンダード,情報・通信業,100,2000-09-27
472A,ミラティブ,グロース,情報・通信業,100,2025-12-18
4732,ユー・エス・エス,プライム,サービス業,100,2000-12-18
4733,オービックビジネスコンサルタント,プライム,情報・通信業,100,2004-03-12
4735,京進,スタンダード,サービス業,100,2013-07-16
4736,日本ラッド,スタンダード,情報・通信業,100,2013-07-16
4743,アイティフォー,プライム,情報・通信業,100,2005-04-08
4746,東計電算,スタンダード,情報・通信業,100,2000-03-07
4750,ダイサン,スタンダード,サービス業,100,2013-07-16
4751,サイバーエージェント,プライム,サービス業,100,2000-03-24
4752,昭和システムエンジニアリング,スタンダード,情報・通信業,100,2013-07-16
4754,トスネット,スタンダード,サービス業,100,2013-07-16
4755,楽天グループ,プライム,サービス業,100,2013-07-16
475A,ギミック,スタンダード,サービス業,100,2025-12-19
4760,アルファ,スタンダード,サービス業,100,2013-07-16
4761,さくらケーシーエス,スタンダード,情報・通信業,100,2013-07-16
4762,エックスネット,スタンダード,情報・通信業,100,2003-02-19
4763,クリーク・アンド・リバー社,プライム,サービス業,100,2013-07-16
4765,ＳＢＩグローバルアセットマネジメント,プライム,サービス業,100,2013-07-16
4766,ピーエイ,スタンダード,サービス業,100,2000-07-06
4767,テー・オー・ダブリュー,スタンダード,サービス業,100,2007-06-25
4768,大塚商会,プライム,情報・通信業,100,2000-07-14
4769,ＩＣ,スタンダード,情報・通信業,100,2013-07-16
476A,辻・本郷ＩＴコンサルティング,スタンダード,情報・通信業,100,2025-12-19
4771,エフアンドエム,スタンダード,サービス業,100,2013-07-16
4772,ＳＭ　ＥＮＴＥＲＴＡＩＮＭＥＮＴ　ＪＡＰＡＮ,グロース,情報・通信業,100,2013-07-16
4776,サイボウズ,プライム,情報・通信業,100,2000-08-23
4777,ガーラ,スタンダード,情報・通信業,100,2013-07-16
477A,スタートライン,グロース,サービス業,100,2025-12-22
4783,ＮＣＤ,スタンダード,情報・通信業,100,2013-07-16
4784,ＧＭＯインターネット,プライム,サービス業,100,2013-07-16
478A,フツパー,グロース,情報・通信業,100,2025-12-24
4792,山田コンサルティンググループ,プライム,サービス業,100,2013-07-16
479A,ＰＲＯＮＩ,グロース,情報・通信業,100,2025-12-24
4800,オリコン,スタンダード,情報・通信業,100,2013-07-16
4801,セントラルスポーツ,プライム,サービス業,100,2002-03-25
4809,パラカ,プライム,不動産業,100,2004-12-09
480A,リブ・コンサルティング,グロース,サービス業,100,2025-12-25
4811,ドリーム・アーツ,グロース,情報・通信業,100,2023-10-27
4812,電通総研,プライム,情報・通信業,100,2000-11-30
4813,ＡＣＣＥＳＳ,プライム,情報・通信業,100,2001-02-26
4814,ネクストウェア,スタンダード,情報・通信業,100,2013-07-16
4816,東映アニメーション,スタンダード,情報・通信業,100,2013-07-16
4819,デジタルガレージ,プライム,情報・通信業,100,2013-07-16
4820,イーエムシステムズ,プライム,情報・通信業,100,2003-05-02
4825,ウェザーニューズ,プライム,情報・通信業,100,2002-12-26
4826,ＣＩＪ,プライム,情報・通信業,100,2002-02-05
4828,ビジネスエンジニアリング,プライム,情報・通信業,100,2013-04-04
4829,日本エンタープライズ,スタンダード,情報・通信業,100,2007-07-10
4832,ＪＦＥシステムズ,スタンダード,情報・通信業,100,2001-03-08
4833,Ｄｅｆ　ｃｏｎｓｕｌｔｉｎｇ,グロース,サービス業,100,2013-07-16
4838,スペースシャワーＳＫＩＹＡＫＩホールディングス,スタンダード,情報・通信業,100,2013-07-16
4839,ＷＯＷＯＷ,プライム,情報・通信業,100,2001-04-20
483A,テラテクノロジー,スタンダード,情報・通信業,100,2025-12-23
4840,トライアイズ,スタンダード,サービス業,100,2013-07-16
4845,スカラ,スタンダード,情報・通信業,100,2013-07-16
4847,インテリジェント　ウェイブ,プライム,情報・通信業,100,2013-07-16
4848,フルキャストホールディングス,プライム,サービス業,100,2003-09-03
4849,エン,プライム,サービス業,100,2013-07-16
485A,パワーエックス,グロース,電気機器,100,2025-12-19
4880,セルソース,スタンダード,医薬品,100,2019-10-28
4881,ファンペップ,グロース,医薬品,100,2020-12-25
4882,ペルセウスプロテオミクス,グロース,医薬品,100,2021-06-22
4883,モダリス,グロース,医薬品,100,2020-08-03
4884,クリングルファーマ,グロース,医薬品,100,2020-12-28
4885,室町ケミカル,スタンダード,医薬品,100,2021-02-26
4886,あすか製薬ホールディングス,プライム,医薬品,100,2021-04-01
4887,サワイグループホールディングス,プライム,医薬品,100,2021-04-01
4888,ステラファーマ,グロース,医薬品,100,2021-04-22
4889,レナサイエンス,グロース,医薬品,100,2021-09-24
4890,坪田ラボ,グロース,医薬品,100,2022-06-23
4891,ティムス,グロース,医薬品,100,2022-11-22
4892,サイフューズ,グロース,医薬品,100,2022-12-01
4893,ノイルイミューン・バイオテック,グロース,医薬品,100,2023-06-28
4894,クオリプス,グロース,医薬品,100,2023-06-27
4896,ケイファーマ,グロース,医薬品,100,2023-10-17
4901,富士フイルムホールディングス,プライム,化学,100,1949-05-16
4902,コニカミノルタ,プライム,電気機器,100,1949-05-16
4911,資生堂,プライム,化学,100,1949-05-16
4912,ライオン,プライム,化学,100,1949-09-15
4914,高砂香料工業,プライム,化学,100,1963-01-04
4918,アイビー化粧品,スタンダード,化学,100,2013-07-16
4919,ミルボン,プライム,化学,100,2000-07-19
4920,日本色材工業研究所,スタンダード,化学,100,2013-07-16
4922,コーセーホールディングス,プライム,化学,100,2000-12-04
4923,コタ,プライム,化学,100,2013-07-16
4925,ハーバー研究所,スタンダード,化学,100,2013-07-16
4926,シーボン,スタンダード,化学,100,2012-03-22
4927,ポーラ・オルビスホールディングス,プライム,化学,100,2010-12-10
4928,ノエビアホールディングス,プライム,化学,100,2011-03-22
4929,アジュバンホールディングス,スタンダード,化学,100,2012-12-13
4931,新日本製薬,プライム,化学,100,2019-06-27
4932,アルマード,スタンダード,化学,100,2021-06-24
4933,Ｉ－ｎｅ,プライム,化学,100,2020-09-25
4934,プレミアアンチエイジング,グロース,化学,100,2020-10-28
4935,リベルタ,スタンダード,化学,100,2020-12-17
4936,アクシージア,スタンダード,化学,100,2021-02-18
4937,Ｗａｑｏｏ,グロース,化学,100,2021-06-29
4951,エステー,プライム,化学,100,1986-04-23
4956,コニシ,プライム,化学,100,1997-09-01
4958,長谷川香料,プライム,化学,100,2000-03-27
4960,ケミプロ化成,スタンダード,化学,100,2013-07-16
4966,上村工業,スタンダード,化学,100,2013-07-16
4967,小林製薬,プライム,化学,100,2000-08-22
4968,荒川化学工業,プライム,化学,100,2000-10-06
4970,東洋合成工業,スタンダード,化学,100,2013-07-16
4971,メック,プライム,化学,100,2003-04-07
4972,綜研化学,スタンダード,化学,100,2013-07-16
4973,日本高純度化学,プライム,化学,100,2004-03-22
4974,タカラバイオ,プライム,化学,100,2004-12-07
4975,ＪＣＵ,プライム,化学,100,2005-12-22
4976,東洋ドライルーブ,スタンダード,化学,100,2013-07-16
4977,新田ゼラチン,スタンダード,化学,100,2011-12-20
4978,リプロセル,グロース,化学,100,2013-07-16
4979,ＯＡＴアグリオ,スタンダード,化学,100,2014-06-25
4980,デクセリアルズ,プライム,化学,100,2015-07-29
4985,アース製薬,プライム,化学,100,2005-11-30
4990,昭和化学工業,スタンダード,化学,100,1971-11-15
4992,北興化学工業,スタンダード,化学,100,1961-10-02
4994,大成ラミックグループ,スタンダード,化学,100,2002-04-12
4996,クミアイ化学工業,プライム,化学,100,1962-11-07
4997,日本農薬,プライム,化学,100,1963-07-05
4998,フマキラー,スタンダード,化学,100,1964-05-19
500A,ＴＯブックス,スタンダード,情報・通信業,100,2026-02-13
5010,日本精蝋,スタンダード,石油・石炭製品,100,1963-07-02
5011,ニチレキグループ,プライム,石油・石炭製品,100,1970-01-19
5013,ユシロ,スタンダード,石油・石炭製品,100,1985-12-18
5015,ビーピー・カストロール,スタンダード,石油・石炭製品,100,2000-03-21
5016,ＪＸ金属,プライム,非鉄金属,100,2025-03-19
5018,ＭＯＲＥＳＣＯ,スタンダード,石油・石炭製品,100,2008-07-29
5019,出光興産,プライム,石油・石炭製品,100,2006-10-24
5020,ＥＮＥＯＳホールディングス,プライム,石油・石炭製品,100,2010-04-01
5021,コスモエネルギーホールディングス,プライム,石油・石炭製品,100,2015-10-01
5025,マーキュリー,グロース,情報・通信業,100,2022-02-25
5026,トリプルアイズ,グロース,情報・通信業,100,2022-05-31
5027,ＡｎｙＭｉｎｄ　Ｇｒｏｕｐ,グロース,情報・通信業,100,2023-03-29
5028,セカンドサイトアナリティカ,グロース,情報・通信業,100,2022-04-04
5029,サークレイス,グロース,情報・通信業,100,2022-04-12
5031,モイ,グロース,情報・通信業,100,2022-04-27
5032,ＡＮＹＣＯＬＯＲ,プライム,情報・通信業,100,2022-06-08
5033,ヌーラボ,グロース,情報・通信業,100,2022-06-28
5034,ｕｎｅｒｒｙ,グロース,情報・通信業,100,2022-07-28
5035,ＨＯＵＳＥＩ,グロース,情報・通信業,100,2022-07-28
5036,日本ビジネスシステムズ,プライム,情報・通信業,100,2022-08-02
5038,ｅＷｅＬＬ,グロース,情報・通信業,100,2022-09-16
504A,イノバセル,グロース,医薬品,100,2026-02-24
505A,ギークリー,スタンダード,サービス業,100,2026-02-27
5071,ヴィス,スタンダード,サービス業,100,2020-03-25
5074,テスホールディングス,プライム,建設業,100,2021-04-27
5076,インフロニア・ホールディングス,プライム,建設業,100,2021-10-01
5078,セレコーポレーション,スタンダード,建設業,100,2022-03-11
5079,ノバック,スタンダード,建設業,100,2022-03-31
5101,横浜ゴム,プライム,ゴム製品,100,1950-04-24
5103,昭和ホールディングス,スタンダード,ゴム製品,100,1952-12-20
5105,ＴＯＹＯ　ＴＩＲＥ,プライム,ゴム製品,100,1955-05-25
5108,ブリヂストン,プライム,ゴム製品,100,1961-10-02
5110,住友ゴム工業,プライム,ゴム製品,100,1975-01-14
5121,藤倉コンポジット,プライム,ゴム製品,100,1949-05-16
5122,オカモト,プライム,ゴム製品,100,1949-06-10
5125,ファインズ,グロース,情報・通信業,100,2022-09-28
5126,ポーターズ,グロース,情報・通信業,100,2022-09-29
5129,ＦＩＸＥＲ,グロース,情報・通信業,100,2022-10-06
5131,リンカーズ,グロース,情報・通信業,100,2022-10-26
5132,ｐｌｕｓｚｅｒｏ,グロース,情報・通信業,100,2022-10-28
5133,テリロジーホールディングス,スタンダード,情報・通信業,100,2022-11-01
5134,ＰＯＰＥＲ,グロース,情報・通信業,100,2022-11-15
5136,ｔｒｉｐｌａ,グロース,情報・通信業,100,2022-11-25
5137,スマートドライブ,グロース,情報・通信業,100,2022-12-15
5138,Ｒｅｂａｓｅ,グロース,情報・通信業,100,2022-12-16
5139,オープンワーク,グロース,情報・通信業,100,2022-12-16
5142,アキレス,プライム,化学,100,1961-10-02
5161,西川ゴム工業,スタンダード,ゴム製品,100,2000-03-01
5162,朝日ラバー,スタンダード,ゴム製品,100,2013-07-16
5184,ニチリン,スタンダード,ゴム製品,100,2013-07-16
5185,フコク,プライム,ゴム製品,100,2004-03-01
5186,ニッタ,プライム,ゴム製品,100,1996-09-05
5187,クリエートメディック,スタンダード,精密機器,100,2000-07-19
5189,櫻護謨,スタンダード,ゴム製品,100,1964-03-17
5192,三ツ星ベルト,プライム,ゴム製品,100,1962-07-25
5194,相模ゴム工業,スタンダード,ゴム製品,100,1961-10-02
5195,バンドー化学,プライム,ゴム製品,100,1970-10-20
5199,不二ラテックス,スタンダード,ゴム製品,100,2013-07-16
519A,ベーシック,グロース,情報・通信業,100,2026-03-25
5201,ＡＧＣ,プライム,ガラス・土石製品,100,1950-06-12
5202,日本板硝子,プライム,ガラス・土石製品,100,1950-06-28
5204,石塚硝子,スタンダード,ガラス・土石製品,100,1962-10-10
5208,有沢製作所,プライム,化学,100,1961-10-02
520A,ジェイファーマ,グロース,医薬品,100,2026-03-25
5210,日本山村硝子,スタンダード,ガラス・土石製品,100,1962-11-01
5214,日本電気硝子,プライム,ガラス・土石製品,100,1973-04-23
5216,倉元製作所,スタンダード,ガラス・土石製品,100,2013-07-16
5218,オハラ,スタンダード,ガラス・土石製品,100,2005-10-21
5232,住友大阪セメント,プライム,ガラス・土石製品,100,1949-05-16
5233,太平洋セメント,プライム,ガラス・土石製品,100,1949-05-16
5237,ノザワ,スタンダード,ガラス・土石製品,100,2013-07-16
523A,セイワホールディングス,グロース,金属製品,100,2026-03-27
5240,ｍｏｎｏＡＩ　ｔｅｃｈｎｏｌｏｇｙ,グロース,情報・通信業,100,2022-12-20
5242,アイズ,グロース,情報・通信業,100,2022-12-21
5243,ｎｏｔｅ,グロース,情報・通信業,100,2022-12-21
5244,ｊｉｇ．ｊｐ,グロース,情報・通信業,100,2022-12-22
5246,ＥＬＥＭＥＮＴＳ,グロース,情報・通信業,100,2022-12-27
5247,ＢＴＭ,グロース,情報・通信業,100,2022-12-27
5248,テクノロジーズ,グロース,情報・通信業,100,2023-01-26
5250,ＧＭＯプライム・ストラテジー,スタンダード,情報・通信業,100,2023-02-22
5252,日本ナレッジ,グロース,情報・通信業,100,2023-03-23
5253,カバー,グロース,情報・通信業,100,2023-03-27
5254,Ａｒｅｎｔ,グロース,情報・通信業,100,2023-03-28
5255,モンスターラボ,グロース,情報・通信業,100,2023-03-28
5256,Ｆｕｓｉｃ,グロース,情報・通信業,100,2023-03-31
5257,ノバシステム,スタンダード,情報・通信業,100,2023-03-30
5258,トランザクション・メディア・ネットワークス,グロース,情報・通信業,100,2023-04-04
5261,リソルホールディングス,プライム,サービス業,100,1949-05-16
5262,日本ヒューム,プライム,ガラス・土石製品,100,1949-05-16
5268,旭コンクリート工業,スタンダード,ガラス・土石製品,100,1961-10-02
5269,日本コンクリート工業,プライム,ガラス・土石製品,100,1961-10-02
5271,トーヨーアサノ,スタンダード,ガラス・土石製品,100,1962-09-03
5273,三谷セキサン,スタンダード,ガラス・土石製品,100,2013-07-16
5279,日本興業,スタンダード,ガラス・土石製品,100,2013-07-16
5280,ヨシコン,スタンダード,不動産業,100,2013-07-16
5282,ジオスター,スタンダード,ガラス・土石製品,100,1995-04-11
5283,高見澤,スタンダード,卸売業,100,2013-07-16
5284,ヤマウホールディングス,スタンダード,ガラス・土石製品,100,2013-07-16
5285,ヤマックス,スタンダード,ガラス・土石製品,100,2013-07-16
5287,イトーヨーギョー,スタンダード,ガラス・土石製品,100,2013-07-16
5288,アジアパイルホールディングス,プライム,ガラス・土石製品,100,2009-02-06
5290,ベルテクスコーポレーション,スタンダード,ガラス・土石製品,100,2018-10-01
5301,東海カーボン,プライム,ガラス・土石製品,100,1949-05-16
5302,日本カーボン,プライム,ガラス・土石製品,100,1949-05-16
5304,ＳＥＣカーボン,スタンダード,ガラス・土石製品,100,2013-07-16
5310,東洋炭素,プライム,ガラス・土石製品,100,2006-03-29
5331,ノリタケ,プライム,ガラス・土石製品,100,1949-05-16
5332,ＴＯＴＯ,プライム,ガラス・土石製品,100,1949-05-16
5333,ＮＧＫ,プライム,ガラス・土石製品,100,1949-05-16
5334,日本特殊陶業,プライム,ガラス・土石製品,100,1949-05-16
5337,ダントーホールディングス,スタンダード,ガラス・土石製品,100,1962-06-08
5341,ＡＳＡＨＩ　ＥＩＴＯホールディングス,スタンダード,ガラス・土石製品,100,2013-07-16
5344,ＭＡＲＵＷＡ,プライム,ガラス・土石製品,100,1998-12-02
5351,品川リフラ,プライム,ガラス・土石製品,100,1949-05-16
5355,日本坩堝,スタンダード,ガラス・土石製品,100,1950-04-07
5356,美濃窯業,スタンダード,ガラス・土石製品,100,2024-03-18
5357,ヨータイ,プライム,ガラス・土石製品,100,2013-07-16
5363,東京窯業,スタンダード,ガラス・土石製品,100,1961-10-02
5367,ニッカトー,スタンダード,ガラス・土石製品,100,2007-03-19
5368,日本インシュレーション,スタンダード,ガラス・土石製品,100,2020-03-19
5380,新東,スタンダード,ガラス・土石製品,100,2013-07-16
5381,マイポックス,スタンダード,ガラス・土石製品,100,2013-07-16
5384,フジミインコーポレーテッド,プライム,ガラス・土石製品,100,2007-02-22
5388,クニミネ工業,スタンダード,ガラス・土石製品,100,2013-07-16
5391,エーアンドエーマテリアル,スタンダード,ガラス・土石製品,100,1949-05-16
5393,ニチアス,プライム,ガラス・土石製品,100,1961-10-02
5401,日本製鉄,プライム,鉄鋼,100,1950-10-02
5406,神戸製鋼所,プライム,鉄鋼,100,1949-05-16
5408,中山製鋼所,プライム,鉄鋼,100,1949-05-16
5410,合同製鐵,プライム,鉄鋼,100,1961-10-02
5411,ＪＦＥホールディングス,プライム,鉄鋼,100,2002-09-26
5423,東京製鐵,プライム,鉄鋼,100,1974-07-08
542A,ビタブリッドジャパン,グロース,化学,100,2026-04-02
543A,ＡＲＣＨＩＯＮ,プライム,輸送用機器,100,2026-04-01
5440,共英製鋼,プライム,鉄鋼,100,2006-12-19
5444,大和工業,プライム,鉄鋼,100,1961-10-02
5445,東京鐵鋼,プライム,鉄鋼,100,1971-06-01
5446,北越メタル,スタンダード,鉄鋼,100,2000-03-01
5449,大阪製鐵,スタンダード,鉄鋼,100,1996-11-26
544A,ＧＭＳグループ,プライム,機械,100,2026-04-01
5451,ヨドコウ,プライム,鉄鋼,100,1949-05-16
5458,高砂鐵工,スタンダード,鉄鋼,100,1961-10-02
545A,トランヴィア,プライム,情報・通信業,100,2026-04-01
5461,中部鋼鈑,プライム,鉄鋼,100,2022-12-28
5463,丸一鋼管,プライム,鉄鋼,100,1962-07-25
5464,モリ工業,スタンダード,鉄鋼,100,1980-07-16
546A,ＭＩＲＡＩＮＩホールディングス,プライム,卸売業,100,2026-04-01
5471,大同特殊鋼,プライム,鉄鋼,100,1951-06-05
547A,ムニノバホールディングス,プライム,その他金融業,100,2026-04-01
5480,日本冶金工業,プライム,鉄鋼,100,1949-05-16
5482,愛知製鋼,プライム,鉄鋼,100,1961-09-06
5484,東北特殊鋼,スタンダード,鉄鋼,100,2013-07-16
548A,システムエグゼ,スタンダード,情報・通信業,100,2026-04-06
5491,日本金属,スタンダード,鉄鋼,100,1949-05-16
549A,ヒトトヒトホールディングス,スタンダード,サービス業,100,2026-04-07
550A,ソフトテックス,スタンダード,情報・通信業,100,2026-04-09
5527,ｐｒｏｐｅｒｔｙ　ｔｅｃｈｎｏｌｏｇｉｅｓ,グロース,不動産業,100,2022-12-13
5532,リアルゲイト,グロース,不動産業,100,2023-06-22
5533,エリッツホールディングス,スタンダード,不動産業,100,2023-06-27
5535,ミガロホールディングス,プライム,不動産業,100,2023-10-02
5537,ＡｌｂａＬｉｎｋ,グロース,不動産業,100,2025-12-15
5541,大平洋金属,プライム,鉄鋼,100,1952-01-04
5542,新報国マテリアル,スタンダード,鉄鋼,100,2013-07-16
554A,バトンズ,グロース,情報・通信業,100,2026-04-21
5563,新日本電工,プライム,鉄鋼,100,1949-05-16
556A,犬猫生活,グロース,小売業,100,2026-04-23
5570,ジェノバ,グロース,情報・通信業,100,2023-04-18
5571,エキサイトホールディングス,スタンダード,情報・通信業,100,2023-04-19
5572,Ｒｉｄｇｅ－ｉ,グロース,情報・通信業,100,2023-04-26
5574,ＡＢＥＪＡ,グロース,情報・通信業,100,2023-06-13
5575,Ｇｌｏｂｅｅ,グロース,情報・通信業,100,2023-06-14
5576,オービーシステム,スタンダード,情報・通信業,100,2023-06-21
5578,ＡＲアドバンストテクノロジ,グロース,情報・通信業,100,2023-06-23
5580,プロディライト,グロース,情報・通信業,100,2023-06-28
5582,グリッド,グロース,情報・通信業,100,2023-07-07
5586,Ｌａｂｏｒｏ．ＡＩ,グロース,情報・通信業,100,2023-07-31
5587,インバウンドプラットフォーム,グロース,情報・通信業,100,2023-08-30
5588,ファーストアカウンティング,グロース,情報・通信業,100,2023-09-22
5589,オートサーバー,スタンダード,情報・通信業,100,2023-09-26
558A,ＳＱＵＥＥＺＥ,グロース,サービス業,100,2026-04-22
5590,ネットスターズ,グロース,情報・通信業,100,2023-09-26
5591,ＡＶＩＬＥＮ,グロース,情報・通信業,100,2023-09-27
5592,くすりの窓口,グロース,情報・通信業,100,2023-10-04
5597,ブルーイノベーション,グロース,情報・通信業,100,2023-12-12
5599,Ｓ＆Ｊ,グロース,情報・通信業,100,2023-12-15
559A,梅乃宿酒造,スタンダード,食料品,100,2026-04-24
5602,栗本鐵工所,プライム,鉄鋼,100,1949-05-16
5603,虹技,スタンダード,鉄鋼,100,2013-07-16
5609,日本鋳造,スタンダード,鉄鋼,100,1961-10-02
5612,日本鋳鉄管,スタンダード,鉄鋼,100,1962-07-02
5616,雨風太陽,グロース,情報・通信業,100,2023-12-18
5618,ナイル,グロース,情報・通信業,100,2023-12-20
5619,マーソ,グロース,情報・通信業,100,2023-12-21
5621,ヒューマンテクノロジーズ,グロース,情報・通信業,100,2023-12-22
5631,日本製鋼所,プライム,機械,100,1951-06-11
5632,三菱製鋼,プライム,鉄鋼,100,1951-04-09
5644,メタルアート,スタンダード,鉄鋼,100,2013-07-16
5658,日亜鋼業,スタンダード,鉄鋼,100,1986-02-21
5659,日本精線,プライム,鉄鋼,100,1962-03-01
5660,神鋼鋼線工業,スタンダード,鉄鋼,100,1993-03-15
5695,パウダーテック,スタンダード,鉄鋼,100,2013-07-16
5697,サンユウ,スタンダード,鉄鋼,100,2013-07-16
5698,エンビプロ・ホールディングス,スタンダード,鉄鋼,100,2013-09-25
5699,イボキン,スタンダード,鉄鋼,100,2018-08-02
5702,大紀アルミニウム工業所,プライム,非鉄金属,100,2005-12-08
5703,日本軽金属ホールディングス,プライム,非鉄金属,100,2012-10-01
5704,ＪＭＣ,グロース,非鉄金属,100,2016-11-29
5706,三井金属,プライム,非鉄金属,100,1950-10-02
5707,東邦亜鉛,プライム,非鉄金属,100,1949-05-16
5711,三菱マテリアル,プライム,非鉄金属,100,1950-09-25
5713,住友金属鉱山,プライム,非鉄金属,100,1950-06-28
5714,ＤＯＷＡホールディングス,プライム,非鉄金属,100,1949-08-05
5715,古河機械金属,プライム,非鉄金属,100,1949-05-16
5721,エスクリプトエナジー,スタンダード,非鉄金属,100,2013-07-16
5724,アサカ理研,スタンダード,非鉄金属,100,2013-07-16
5726,大阪チタニウムテクノロジーズ,プライム,非鉄金属,100,2002-03-08
5727,東邦チタニウム,プライム,非鉄金属,100,1961-10-02
5729,日本精鉱,スタンダード,非鉄金属,100,1949-09-19
5741,ＵＡＣＪ,プライム,非鉄金属,100,2005-12-02
5742,エヌアイシ・オートテック,スタンダード,非鉄金属,100,2013-07-16
5753,日本伸銅,スタンダード,非鉄金属,100,1961-10-02
5757,ＣＫサンエツ,プライム,非鉄金属,100,2017-03-21
5801,古河電気工業,プライム,非鉄金属,100,1949-05-16
5802,住友電気工業,プライム,非鉄金属,100,1949-05-16
5803,フジクラ,プライム,非鉄金属,100,1949-05-16
5805,ＳＷＣＣ,プライム,非鉄金属,100,1949-05-16
5816,オーナンバ,スタンダード,非鉄金属,100,2006-12-22
5817,ＪＭＡＣＳ,スタンダード,非鉄金属,100,2013-07-16
5819,カナレ電気,スタンダード,非鉄金属,100,2006-12-22
5820,三ッ星,スタンダード,非鉄金属,100,2013-07-16
5821,平河ヒューテック,プライム,非鉄金属,100,2006-05-02
5830,いよぎんホールディングス,プライム,銀行業,100,2022-10-03
5831,しずおかフィナンシャルグループ,プライム,銀行業,100,2022-10-03
5832,ちゅうぎんフィナンシャルグループ,プライム,銀行業,100,2022-10-03
5834,ＳＢＩリーシングサービス,グロース,証券、商品先物取引業,100,2022-10-19
5838,楽天銀行,プライム,銀行業,100,2023-04-21
5842,インテグラル,グロース,証券、商品先物取引業,100,2023-09-20
5843,ニッポンインシュア,スタンダード,その他金融業,100,2023-10-03
5844,京都フィナンシャルグループ,プライム,銀行業,100,2023-10-02
5845,全保連,スタンダード,その他金融業,100,2023-10-25
5851,リョービ,プライム,非鉄金属,100,1961-10-02
5852,アーレスティ,プライム,非鉄金属,100,1961-10-02
5856,エルアイイーエイチ,スタンダード,小売業,100,2004-10-01
5857,ＡＲＥホールディングス,プライム,非鉄金属,100,2009-04-01
5858,ＳＴＧ,グロース,非鉄金属,100,2024-03-21
5867,エスネットワークス,グロース,サービス業,100,2023-12-19
5868,ロココ,スタンダード,サービス業,100,2023-12-20
5869,早稲田学習研究会,スタンダード,サービス業,100,2023-12-22
5870,ナルネットコミュニケーションズ,グロース,サービス業,100,2023-12-25
5871,ＳＯＬＩＺＥ　Ｈｏｌｄｉｎｇｓ,スタンダード,サービス業,100,2024-02-07
5884,クラダシ,グロース,小売業,100,2023-06-30
5885,ジーデップ・アドバンス,スタンダード,卸売業,100,2023-06-30
5888,ＤＡＩＷＡ　ＣＹＣＬＥ,グロース,小売業,100,2023-11-08
5889,Ｊａｐａｎ　Ｅｙｅｗｅａｒ　Ｈｏｌｄｉｎｇｓ,プライム,小売業,100,2023-11-16
5891,魁力屋,スタンダード,小売業,100,2023-12-15
5892,ｙｕｔｏｒｉ,グロース,小売業,100,2023-12-27
5900,ダイケン,スタンダード,金属製品,100,2013-07-16
5901,東洋製罐グループホールディングス,プライム,金属製品,100,1949-05-16
5902,ホッカンホールディングス,プライム,金属製品,100,1950-05-01
5903,シンポ,スタンダード,金属製品,100,2013-07-16
5905,日本製罐,スタンダード,金属製品,100,1963-12-03
5906,エムケー精工,スタンダード,金属製品,100,2013-07-16
5909,コロナ,スタンダード,金属製品,100,2000-03-01
5911,横河ブリッジホールディングス,プライム,金属製品,100,1961-10-02
5915,駒井ハルテック,スタンダード,金属製品,100,1984-08-07
5918,瀧上工業,スタンダード,金属製品,100,1961-10-02
5921,川岸工業,スタンダード,金属製品,100,1962-01-18
5922,那須電機鉄工,スタンダード,金属製品,100,1962-02-20
5923,高田機工,スタンダード,金属製品,100,1993-12-22
5928,アルメタックス,スタンダード,金属製品,100,2013-07-16
5929,三和ホールディングス,プライム,金属製品,100,1963-09-30
5930,文化シヤッター,プライム,金属製品,100,1973-11-16
5932,三協立山,プライム,金属製品,100,2012-12-01
5933,アルインコ,プライム,金属製品,100,2006-01-30
5936,東洋シヤッター,スタンダード,金属製品,100,1989-02-20
5938,ＬＩＸＩＬ,プライム,金属製品,100,1985-08-01
5939,大谷工業,スタンダード,金属製品,100,2013-07-16
5940,不二サッシ,スタンダード,金属製品,100,1992-08-19
5941,中西製作所,スタンダード,金属製品,100,2013-07-16
5942,日本フイルコン,スタンダード,金属製品,100,1961-10-02
5943,ノーリツ,プライム,金属製品,100,1985-08-06
5945,天龍製鋸,スタンダード,金属製品,100,2013-07-16
5946,長府製作所,プライム,金属製品,100,1997-11-07
5947,リンナイ,プライム,金属製品,100,1982-11-22
5949,ユニプレス,プライム,輸送用機器,100,2004-02-24
5950,日本パワーファスニング,スタンダード,金属製品,100,2013-07-16
5951,ダイニチ工業,スタンダード,金属製品,100,1998-06-23
5952,アマテイ,スタンダード,金属製品,100,2013-07-16
5955,ワイズホールディングス,スタンダード,金属製品,100,2013-07-16
5956,トーソー,スタンダード,金属製品,100,1996-01-31
5957,日東精工,プライム,金属製品,100,1985-08-06
5958,三洋工業,スタンダード,金属製品,100,1971-02-01
5959,岡部,プライム,金属製品,100,1972-07-03
5962,浅香工業,スタンダード,その他製品,100,2013-07-16
5965,フジマック,スタンダード,金属製品,100,1998-02-10
5966,京都機械工具,スタンダード,金属製品,100,2013-07-16
5967,ＴＯＮＥ,スタンダード,金属製品,100,2013-07-16
5969,ロブテックス,スタンダード,金属製品,100,2013-07-16
5970,ジーテクト,プライム,金属製品,100,2013-07-16
5971,共和工業所,スタンダード,金属製品,100,2013-07-16
5973,トーアミ,スタンダード,金属製品,100,2013-07-16
5974,中国工業,スタンダード,金属製品,100,1961-11-04
5975,東プレ,プライム,金属製品,100,1962-08-15
5976,高周波熱錬,プライム,金属製品,100,1964-04-13
5981,東京製綱,プライム,金属製品,100,1949-05-16
5982,マルゼン,スタンダード,金属製品,100,1999-02-22
5983,イワブチ,スタンダード,金属製品,100,2013-07-16
5984,兼房,スタンダード,金属製品,100,2006-03-09
5985,サンコール,スタンダード,金属製品,100,2013-07-16
5986,モリテック　スチール,スタンダード,金属製品,100,2013-07-16
5987,オーネックス,スタンダード,金属製品,100,2013-07-16
5988,パイオラックス,プライム,金属製品,100,1998-04-20
5989,エイチワン,プライム,金属製品,100,2013-07-16
5990,スーパーツール,スタンダード,金属製品,100,2013-07-16
5991,日本発條,プライム,金属製品,100,1954-03-03
5992,中央発條,スタンダード,金属製品,100,1985-01-09
5994,ファインシンター,スタンダード,金属製品,100,1962-06-01
5997,協立エアテック,スタンダード,金属製品,100,2013-07-16
5998,アドバネクス,スタンダード,金属製品,100,1964-05-11
6005,三浦工業,プライム,機械,100,1984-12-18
6013,タクマ,プライム,機械,100,1949-05-16
6016,ジャパンエンジンコーポレーション,スタンダード,輸送用機器,100,2013-07-16
6018,阪神内燃機工業,スタンダード,輸送用機器,100,2013-07-16
6022,赤阪鐵工所,スタンダード,機械,100,1961-10-02
6023,ダイハツインフィニアース,スタンダード,輸送用機器,100,2013-07-16
6027,弁護士ドットコム,プライム,サービス業,100,2014-12-11
6029,アトラグループ,スタンダード,サービス業,100,2014-12-16
6030,アドベンチャー,グロース,サービス業,100,2014-12-18
6031,ＺＥＴＡ,グロース,サービス業,100,2014-12-19
6033,エクストリーム,グロース,サービス業,100,2014-12-25
6034,ＭＲＴ,グロース,サービス業,100,2014-12-26
6035,アイ・アールジャパンホールディングス,スタンダード,サービス業,100,2015-02-02
6036,ＫｅｅＰｅｒ技研,プライム,サービス業,100,2015-02-12
6037,楽待,スタンダード,サービス業,100,2015-02-18
6038,イード,グロース,サービス業,100,2015-03-24
6039,日本動物高度医療センター,グロース,サービス業,100,2015-03-26
6040,日本スキー場開発,グロース,サービス業,100,2015-04-22
6042,ニッキ,スタンダード,輸送用機器,100,1961-10-02
6044,三機サービス,スタンダード,サービス業,100,2015-04-24
6045,レントラックス,グロース,サービス業,100,2015-04-24
6046,リンクバル,スタンダード,サービス業,100,2015-04-28
6047,Ｇｕｎｏｓｙ,プライム,サービス業,100,2015-04-28
6049,イトクロ,グロース,サービス業,100,2015-07-30
6050,イー・ガーディアン,プライム,サービス業,100,2010-12-01
6054,リブセンス,スタンダード,サービス業,100,2011-12-07
6055,ジャパンマテリアル,プライム,サービス業,100,2011-12-19
6058,ベクトル,プライム,サービス業,100,2012-03-27
6059,ウチヤマホールディングス,スタンダード,サービス業,100,2013-07-16
6061,ユニバーサル園芸社,スタンダード,サービス業,100,2013-07-16
6062,チャーム・ケア・コーポレーション,プライム,サービス業,100,2013-07-16
6063,日本エマージェンシーアシスタンス,スタンダード,サービス業,100,2013-07-16
6069,トレンダーズ,グロース,サービス業,100,2012-10-19
6070,キャリアリンク,プライム,サービス業,100,2012-11-15
6071,ＩＢＪ,プライム,サービス業,100,2013-07-16
6072,地盤ネットホールディングス,スタンダード,サービス業,100,2012-12-21
6073,アサンテ,プライム,サービス業,100,2013-03-19
6074,ジェイエスエス,スタンダード,サービス業,100,2013-07-16
6078,バリューＨＲ,プライム,サービス業,100,2013-10-04
6080,Ｍ＆Ａキャピタルパートナーズ,プライム,サービス業,100,2013-11-20
6081,アライドアーキテクツ,グロース,サービス業,100,2013-11-29
6082,ライドオンエクスプレスホールディングス,スタンダード,サービス業,100,2013-12-03
6083,ＥＲＩホールディングス,スタンダード,サービス業,100,2013-12-02
6085,アーキテクツ・スタジオ・ジャパン,グロース,サービス業,100,2013-12-18
6086,シンメンテホールディングス,グロース,サービス業,100,2013-12-19
6087,アビスト,スタンダード,サービス業,100,2013-12-18
6088,シグマクシス・ホールディングス,プライム,サービス業,100,2013-12-18
6089,ウィルグループ,プライム,サービス業,100,2013-12-19
6090,ヒューマン・メタボローム・テクノロジーズ,スタンダード,サービス業,100,2013-12-24
6091,ウエスコホールディングス,スタンダード,サービス業,100,2014-02-03
6092,エンバイオ・ホールディングス,スタンダード,サービス業,100,2014-03-12
6093,エスクロー・エージェント・ジャパン,スタンダード,サービス業,100,2014-03-28
6094,フリークアウト・ホールディングス,グロース,サービス業,100,2014-06-24
6096,レアジョブ,スタンダード,サービス業,100,2014-06-27
6098,リクルートホールディングス,プライム,サービス業,100,2014-10-16
6099,エラン,プライム,サービス業,100,2014-11-07
6101,ツガミ,プライム,機械,100,1959-07-01
6103,オークマ,プライム,機械,100,1949-05-16
6104,芝浦機械,プライム,機械,100,1949-08-01
6113,アマダ,プライム,機械,100,1961-10-02
6118,アイダエンジニアリング,プライム,機械,100,1962-06-12
6125,岡本工作機械製作所,スタンダード,機械,100,1963-10-03
6134,ＦＵＪＩ,プライム,機械,100,2013-06-20
6135,牧野フライス製作所,プライム,機械,100,1964-07-22
6136,オーエスジー,プライム,機械,100,1970-12-01
6137,小池酸素工業,スタンダード,機械,100,1969-10-01
6138,ダイジェット工業,スタンダード,機械,100,1985-12-24
6140,旭ダイヤモンド工業,プライム,機械,100,1972-10-09
6141,ＤＭＧ森精機,プライム,機械,100,1981-11-20
6143,ソディック,プライム,機械,100,1986-02-19
6144,西部電機,スタンダード,機械,100,2006-12-25
6145,ＮＩＴＴＯＫＵ,スタンダード,機械,100,2013-07-16
6146,ディスコ,プライム,機械,100,1999-12-07
6147,ヤマザキ,スタンダード,機械,100,2013-07-16
6149,小田原エンジニアリング,スタンダード,機械,100,2013-07-16
6150,タケダ機械,スタンダード,機械,100,2013-07-16
6151,日東工器,プライム,機械,100,1998-04-27
6155,高松機械工業,スタンダード,機械,100,2006-04-21
6156,エーワン精密,スタンダード,機械,100,2013-07-16
6157,日進工具,スタンダード,機械,100,2013-07-16
6158,和井田製作所,スタンダード,機械,100,2013-07-16
6159,ミクロン精密,スタンダード,機械,100,2013-07-16
6161,エスティック,スタンダード,機械,100,2006-01-30
6165,パンチ工業,スタンダード,機械,100,2012-12-20
6166,中村超硬,グロース,機械,100,2015-06-24
6167,冨士ダイス,プライム,機械,100,2015-06-25
6171,土木管理総合試験所,スタンダード,サービス業,100,2015-08-26
6173,アクアライン,グロース,サービス業,100,2015-08-31
6176,ブランジスタ,スタンダード,サービス業,100,2015-09-17
6177,ＡｐｐＢａｎｋ,グロース,サービス業,100,2015-10-15
6178,日本郵政,プライム,サービス業,100,2015-11-04
6180,ＧＭＯメディア,グロース,サービス業,100,2015-10-23
6181,タメニー,グロース,サービス業,100,2015-10-27
6182,メタリアル,グロース,サービス業,100,2015-11-19
6183,ベルシステム２４ホールディングス,プライム,サービス業,100,2015-11-20
6184,鎌倉新書,プライム,サービス業,100,2015-12-04
6185,ＳＭＮ,スタンダード,サービス業,100,2015-12-22
6186,一蔵,スタンダード,サービス業,100,2015-12-25
6189,グローバルキッズＣＯＭＰＡＮＹ,スタンダード,サービス業,100,2016-03-18
6190,フェニックスバイオ,グロース,サービス業,100,2016-03-18
6191,エアトリ,プライム,サービス業,100,2016-03-31
6193,バーチャレクス・ホールディングス,グロース,サービス業,100,2016-06-23
6194,アトラエ,プライム,サービス業,100,2016-06-15
6195,ホープ,グロース,サービス業,100,2016-06-15
6196,ストライクグループ,プライム,サービス業,100,2016-06-21
6197,ソラスト,プライム,サービス業,100,2016-06-29
6198,キャリア,グロース,サービス業,100,2016-06-27
6199,セラク,スタンダード,情報・通信業,100,2016-07-01
6200,インソース,プライム,サービス業,100,2016-07-21
6201,豊田自動織機,プライム,輸送用機器,100,1949-05-16
6203,豊和工業,スタンダード,機械,100,1949-05-16
6208,石川製作所,スタンダード,機械,100,1961-09-01
6209,リケンＮＰＲ,プライム,機械,100,2023-10-02
6217,津田駒工業,スタンダード,機械,100,1961-10-02
6218,エンシュウ,スタンダード,機械,100,1961-10-02
6222,島精機製作所,プライム,機械,100,1996-01-25
6223,西部技研,スタンダード,機械,100,2023-10-03
6224,ＪＲＣ,グロース,機械,100,2023-08-09
6226,守谷輸送機工業,スタンダード,機械,100,2022-03-17
6227,ＡＩメカテック,スタンダード,機械,100,2021-07-30
6228,ジェイ・イー・ティ,スタンダード,機械,100,2023-09-25
6229,オーケーエム,スタンダード,機械,100,2020-12-17
6230,ＳＡＮＥＩ,スタンダード,機械,100,2020-12-25
6231,木村工機,スタンダード,機械,100,2020-03-13
6232,ＡＣＳＬ,グロース,機械,100,2018-12-21
6233,ＫＬＡＳＳ,スタンダード,機械,100,2018-09-27
6235,オプトラン,プライム,機械,100,2017-12-20
6237,イワキポンプ,プライム,機械,100,2016-03-18
6238,フリュー,プライム,機械,100,2015-12-18
6239,ナガオカ,スタンダード,機械,100,2015-06-29
6240,ヤマシンフィルタ,プライム,機械,100,2014-10-08
6245,ヒラノテクシード,スタンダード,機械,100,2013-07-16
6246,テクノスマート,スタンダード,機械,100,2013-07-16
6247,日阪製作所,プライム,機械,100,1985-12-12
6248,横田製作所,スタンダード,機械,100,2013-07-16
6249,ゲームカードホールディングス,スタンダード,機械,100,2013-07-16
6250,やまびこ,プライム,機械,100,2008-12-01
6254,野村マイクロ・サイエンス,プライム,機械,100,2013-07-16
6255,エヌ・ピー・シー,グロース,機械,100,2007-06-29
6257,藤商事,スタンダード,機械,100,2013-07-16
6258,平田機工,プライム,機械,100,2013-07-16
6262,ＰＥＧＡＳＵＳ,スタンダード,機械,100,2006-02-23
6264,マルマエ,プライム,機械,100,2006-12-26
6265,コンバム,スタンダード,機械,100,2013-07-16
6266,タツモ,プライム,機械,100,2013-07-16
6267,ゼネラルパッカー,スタンダード,機械,100,2013-07-16
6268,ナブテスコ,プライム,機械,100,2003-09-29
6269,三井海洋開発,プライム,機械,100,2003-07-02
6272,レオン自動機,プライム,機械,100,1987-02-20
6273,ＳＭＣ,プライム,機械,100,1987-12-23
6276,シリウスビジョン,スタンダード,電気機器,100,2013-07-16
6277,ホソカワミクロン,プライム,機械,100,1991-08-01
6278,ユニオンツール,プライム,機械,100,1996-09-25
6279,瑞光,プライム,機械,100,2013-07-16
6282,オイレス工業,プライム,機械,100,1994-03-04
6284,日精エー・エス・ビー機械,プライム,機械,100,2012-09-26
6286,靜甲,スタンダード,機械,100,2013-07-16
6287,サトー,プライム,機械,100,1994-08-09
6289,技研製作所,プライム,機械,100,2013-07-16
6291,日本エアーテック,スタンダード,機械,100,1997-07-30
6292,カワタ,スタンダード,機械,100,2013-06-24
6294,オカダアイヨン,プライム,機械,100,2013-07-16
6298,ワイエイシイホールディングス,プライム,機械,100,2006-10-31
6301,小松製作所,プライム,機械,100,1949-05-16
6302,住友重機械工業,プライム,機械,100,1949-05-16
6305,日立建機,プライム,機械,100,1981-12-17
6306,日工,プライム,機械,100,1962-05-07
6307,サンセイ,スタンダード,機械,100,2013-07-16
6309,巴工業,プライム,機械,100,2004-10-25
6310,井関農機,プライム,機械,100,1961-06-26
6315,ＴＯＷＡ,プライム,機械,100,2000-11-29
6316,丸山製作所,スタンダード,機械,100,1961-10-02
6317,北川鉄工所,スタンダード,機械,100,1961-10-02
6322,タクミナ,スタンダード,機械,100,2013-07-16
6323,ローツェ,プライム,機械,100,2013-07-16
6324,ハーモニック・ドライブ・システムズ,プライム,機械,100,2013-07-16
6325,タカキタ,スタンダード,機械,100,1963-09-14
6326,クボタ,プライム,機械,100,1949-05-16
6327,北川精機,スタンダード,機械,100,2013-07-16
6328,荏原実業,プライム,機械,100,2001-02-16
6330,東洋エンジニアリング,プライム,建設業,100,1980-11-04
6331,三菱化工機,プライム,機械,100,1950-03-17
6332,月島ホールディングス,プライム,機械,100,1949-05-16
6333,ＴＥＩＫＯＫＵ,プライム,機械,100,2005-02-28
6334,明治機械,スタンダード,機械,100,1949-05-16
6335,東京機械製作所,スタンダード,機械,100,1949-05-16
6336,石井表記,スタンダード,機械,100,2000-03-01
6337,テセック,スタンダード,機械,100,2013-07-16
6338,タカトリ,スタンダード,機械,100,2013-07-16
6339,新東工業,プライム,機械,100,1962-09-25
6340,澁谷工業,プライム,機械,100,1985-03-26
6342,太平製作所,スタンダード,機械,100,2013-07-16
6343,フリージア・マクロス,スタンダード,機械,100,1963-07-22
6345,アイチ　コーポレーション,プライム,機械,100,1987-04-30
6346,キクカワエンタープライズ,スタンダード,機械,100,2013-07-16
6347,プラコー,スタンダード,機械,100,2013-07-16
6349,小森コーポレーション,プライム,機械,100,1983-04-21
6351,鶴見製作所,プライム,機械,100,1988-07-15
6356,日本ギア工業,スタンダード,機械,100,1961-10-02
6357,三精テクノロジーズ,スタンダード,機械,100,2013-07-16
6358,酒井重工業,プライム,機械,100,1964-09-24
6360,東京自働機械製作所,スタンダード,機械,100,1963-07-13
6361,荏原製作所,プライム,機械,100,1949-05-16
6363,酉島製作所,プライム,機械,100,1981-12-16
6364,ＡＩＲＭＡＮ,プライム,機械,100,2000-03-01
6365,電業社機械製作所,スタンダード,機械,100,1961-10-02
6366,千代田化工建設,スタンダード,建設業,100,1961-03-22
6367,ダイキン工業,プライム,機械,100,1957-06-01
6368,オルガノ,プライム,機械,100,1961-10-02
6369,トーヨーカネツ,プライム,機械,100,1961-10-02
6370,栗田工業,プライム,機械,100,1961-10-02
6371,椿本チエイン,プライム,機械,100,1949-05-16
6376,日機装,プライム,精密機器,100,1961-10-02
6378,木村化工機,スタンダード,機械,100,1971-10-04
6379,レイズネクスト,プライム,建設業,100,1961-10-02
6380,オリエンタルチエン工業,スタンダード,機械,100,2013-07-16
6381,アネスト岩田,プライム,機械,100,1963-12-06
6382,トリニティ工業,スタンダード,機械,100,1963-08-07
6383,ダイフク,プライム,機械,100,1962-07-02
6384,昭和真空,スタンダード,機械,100,2013-07-16
6387,サムコ,プライム,機械,100,2013-07-16
6390,加藤製作所,プライム,機械,100,1962-08-02
6391,加地テック,スタンダード,機械,100,2013-07-16
6392,ヤマダコーポレーション,スタンダード,機械,100,1962-09-11
6393,油研工業,スタンダード,機械,100,1962-10-02
6395,タダノ,プライム,機械,100,1971-03-01
6396,宇野澤組鐵工所,スタンダード,機械,100,1962-11-08
6400,不二精機,スタンダード,機械,100,2013-07-16
6402,兼松エンジニアリング,スタンダード,機械,100,2013-07-16
6403,水道機工,スタンダード,機械,100,2013-07-16
6405,鈴茂器工,スタンダード,機械,100,2013-07-16
6407,ＣＫＤ,プライム,機械,100,1979-11-27
6408,小倉クラッチ,スタンダード,機械,100,2013-07-16
6412,平和,プライム,機械,100,1991-12-06
6413,理想科学工業,プライム,機械,100,2006-12-28
6417,ＳＡＮＫＹＯ,プライム,機械,100,1995-08-30
6418,日本金銭機械,プライム,機械,100,2000-12-18
6419,マースグループホールディングス,プライム,機械,100,1996-09-13
6420,ガリレイ,プライム,機械,100,2002-04-15
6424,高見沢サイバネティックス,スタンダード,機械,100,2013-07-16
6425,ユニバーサルエンターテインメント,スタンダード,機械,100,2013-07-16
6428,オーイズミ,スタンダード,機械,100,2002-03-12
6430,ダイコク電機,プライム,機械,100,2002-11-06
6432,竹内製作所,プライム,機械,100,2013-07-16
6433,ヒーハイスト,スタンダード,機械,100,2013-07-16
6436,アマノ,プライム,機械,100,1961-10-02
6440,ＪＵＫＩ,プライム,機械,100,1961-10-02
6444,サンデン,スタンダード,機械,100,1962-08-20
6445,ジャノメ,プライム,機械,100,1962-09-05
6448,ブラザー工業,プライム,電気機器,100,1963-01-21
6454,マックス,プライム,機械,100,1970-03-23
6455,モリタホールディングス,プライム,輸送用機器,100,1979-05-24
6457,グローリー,プライム,機械,100,2000-12-20
6458,新晃工業,プライム,機械,100,2013-07-16
6459,大和冷機工業,プライム,機械,100,1991-08-29
6460,セガサミーホールディングス,プライム,機械,100,2004-10-01
6463,ＴＰＲ,プライム,機械,100,1961-10-02
6464,ツバキ・ナカシマ,プライム,機械,100,2015-12-16
6465,ホシザキ,プライム,機械,100,2008-12-10
6466,ＴＶＥ,スタンダード,機械,100,2000-03-15
6467,ニチダイ,スタンダード,機械,100,2013-07-16
6469,放電精密加工研究所,スタンダード,機械,100,2013-07-16
6470,大豊工業,スタンダード,機械,100,2000-03-23
6471,日本精工,プライム,機械,100,1949-05-16
6472,ＮＴＮ,プライム,機械,100,1949-05-16
6473,ジェイテクト,プライム,機械,100,1949-05-16
6474,不二越,プライム,機械,100,1949-05-16
6479,ミネベアミツミ,プライム,電気機器,100,1961-10-02
6480,日本トムソン,プライム,機械,100,1963-10-03
6481,ＴＨＫ,プライム,機械,100,2001-02-26
6482,ＹＵＳＨＩＮ,スタンダード,機械,100,1999-12-14
6484,ＫＶＫ,スタンダード,機械,100,2013-07-16
6485,前澤給装工業,スタンダード,機械,100,1998-02-09
6486,イーグル工業,プライム,機械,100,1982-01-20
6488,ヨシタケ,スタンダード,機械,100,2013-07-16
6489,前澤工業,スタンダード,機械,100,1994-03-25
6490,ＰＩＬＬＡＲ,プライム,機械,100,2001-01-09
6492,岡野バルブ製造,スタンダード,機械,100,1962-04-16
6493,ＮＩＴＴＡＮ,スタンダード,輸送用機器,100,1962-09-06
6494,ＮＦＫホールディングス,スタンダード,機械,100,2013-07-16
6495,宮入バルブ製作所,スタンダード,機械,100,1963-09-05
6496,中北製作所,スタンダード,機械,100,2013-07-16
6497,ハマイ,スタンダード,機械,100,2013-07-16
6498,キッツ,プライム,機械,100,1961-10-02
6501,日立製作所,プライム,電気機器,100,1949-05-16
6503,三菱電機,プライム,電気機器,100,1949-05-16
6504,富士電機,プライム,電気機器,100,1949-05-16
6505,東洋電機製造,スタンダード,電気機器,100,1949-05-16
6506,安川電機,プライム,電気機器,100,1949-05-16
6507,シンフォニアテクノロジー,プライム,電気機器,100,1952-03-03
6508,明電舎,プライム,電気機器,100,1949-05-16
6513,オリジン,スタンダード,電気機器,100,1961-10-02
6516,山洋電気,プライム,電気機器,100,1962-09-29
6517,デンヨー,プライム,電気機器,100,1983-02-14
6518,三相電機,スタンダード,電気機器,100,2013-07-16
6521,オキサイド,グロース,電気機器,100,2021-04-05
6522,アスタリスク,グロース,電気機器,100,2021-09-30
6523,ＰＨＣホールディングス,プライム,電気機器,100,2021-10-14
6524,湖北工業,スタンダード,電気機器,100,2021-12-21
6525,ＫＯＫＵＳＡＩ　ＥＬＥＣＴＲＩＣ,プライム,電気機器,100,2023-10-25
6526,ソシオネクスト,プライム,電気機器,100,2022-10-12
6532,ベイカレント,プライム,サービス業,100,2016-09-02
6533,Ｏｒｃｈｅｓｔｒａ　Ｈｏｌｄｉｎｇｓ,プライム,サービス業,100,2016-09-14
6535,アイモバイル,プライム,サービス業,100,2016-10-27
6537,ＷＡＳＨハウス,グロース,サービス業,100,2016-11-22
6538,ディスラプターズ,スタンダード,サービス業,100,2016-12-14
6539,ＭＳ－Ｊａｐａｎ,プライム,サービス業,100,2016-12-15
6540,船場,スタンダード,サービス業,100,2016-12-19
6543,日宣,スタンダード,サービス業,100,2017-02-16
6544,ジャパンエレベーターサービスホールディングス,プライム,サービス業,100,2017-03-17
6545,インターネットインフィニティー,グロース,サービス業,100,2017-03-21
6546,フルテック,スタンダード,サービス業,100,2017-03-22
6547,グリーンズ,スタンダード,サービス業,100,2017-03-23
6548,旅工房,グロース,サービス業,100,2017-04-18
6549,ディーエムソリューションズ,スタンダード,サービス業,100,2017-06-20
6551,ツナググループ・ホールディングス,スタンダード,サービス業,100,2017-06-30
6552,ＧａｍｅＷｉｔｈ,スタンダード,サービス業,100,2017-06-30
6554,エスユーエス,グロース,サービス業,100,2017-09-13
6555,ＭＳ＆Ｃｏｎｓｕｌｔｉｎｇ,スタンダード,サービス業,100,2017-10-05
6557,ＡＩＡＩグループ,グロース,サービス業,100,2019-12-23
6558,クックビズ,グロース,サービス業,100,2017-11-28
6560,エル・ティー・エス,プライム,サービス業,100,2017-12-14
6561,ＨＡＮＡＴＯＵＲ　ＪＡＰＡＮ,グロース,サービス業,100,2017-12-15
6562,ジーニー,グロース,サービス業,100,2017-12-18
6563,みらいワークス,グロース,サービス業,100,2017-12-19
6564,ミダックホールディングス,プライム,サービス業,100,2018-12-21
6566,要興業,スタンダード,サービス業,100,2017-12-25
6568,神戸天然物化学,グロース,サービス業,100,2018-03-15
6570,共和コーポレーション,スタンダード,サービス業,100,2018-03-19
6571,キュービーネットホールディングス,プライム,サービス業,100,2018-03-23
6572,オープングループ,プライム,サービス業,100,2018-03-27
6573,ＣＲＡＶＩＡ,グロース,サービス業,100,2018-03-28
6574,コンヴァノ,グロース,サービス業,100,2018-04-11
6577,ベストワンドットコム,グロース,サービス業,100,2018-04-25
6578,コレックホールディングス,スタンダード,サービス業,100,2018-04-27
6579,ログリー,グロース,サービス業,100,2018-06-20
6580,ライトアップ,グロース,サービス業,100,2018-06-22
6584,三櫻工業,プライム,輸送用機器,100,1961-10-02
6586,マキタ,プライム,機械,100,1968-08-21
6588,東芝テック,プライム,電気機器,100,1962-11-17
6590,芝浦メカトロニクス,プライム,電気機器,100,1969-10-01
6592,マブチモーター,プライム,電気機器,100,1986-12-05
6594,ニデック,プライム,電気機器,100,1998-09-16
6597,ＨＰＣシステムズ,グロース,電気機器,100,2019-09-26
6599,エブレン,スタンダード,電気機器,100,2020-06-29
6612,バルミューダ,グロース,電気機器,100,2020-12-16
6613,ＱＤレーザ,グロース,電気機器,100,2021-02-05
6614,シキノハイテック,スタンダード,電気機器,100,2021-03-24
6615,ユー・エム・シー・エレクトロニクス,プライム,電気機器,100,2016-03-15
6616,トレックス・セミコンダクター,プライム,電気機器,100,2014-04-08
6617,東光高岳,プライム,電気機器,100,2012-10-01
6619,ダブル・スコープ,プライム,電気機器,100,2011-12-16
6620,宮越ホールディングス,プライム,不動産業,100,2011-10-03
6622,ダイヘン,プライム,電気機器,100,1961-10-02
6625,ＪＡＬＣＯホールディングス,スタンダード,不動産業,100,2013-07-16
6626,ＳＥＭＩＴＥＣ,スタンダード,電気機器,100,2013-07-16
6627,テラプローブ,スタンダード,電気機器,100,2010-12-16
6629,テクノホライゾン,スタンダード,電気機器,100,2013-07-16
6630,ヤーマン,プライム,電気機器,100,2011-01-27
6632,ＪＶＣケンウッド,プライム,電気機器,100,2008-10-01
6633,ＣＧＳホールディングス,スタンダード,電気機器,100,2013-07-16
6634,ＪＮグループ,スタンダード,電気機器,100,2013-07-16
6635,大日光・エンジニアリング,スタンダード,電気機器,100,2013-07-16
6637,寺崎電気産業,スタンダード,電気機器,100,2013-07-16
6638,ミマキエンジニアリング,プライム,電気機器,100,2013-07-16
6643,戸上電機製作所,スタンダード,電気機器,100,1961-10-02
6644,大崎電気工業,プライム,電気機器,100,1962-01-04
6645,オムロン,プライム,電気機器,100,1966-09-16
6647,森尾電機,スタンダード,電気機器,100,1962-09-28
6648,かわでん,スタンダード,電気機器,100,2013-07-16
6651,日東工業,プライム,電気機器,100,1990-02-14
6652,ＩＤＥＣ,プライム,電気機器,100,1989-03-17
6653,正興電機製作所,プライム,電気機器,100,2017-11-27
6654,不二電機工業,スタンダード,電気機器,100,2006-11-17
6656,インスペック,スタンダード,電気機器,100,2006-06-21
6658,シライ電子工業,スタンダード,電気機器,100,2013-07-16
6659,メディアリンクス,スタンダード,電気機器,100,2013-07-16
6662,ユビテック,スタンダード,電気機器,100,2013-07-16
6663,太洋テクノレックス,スタンダード,電気機器,100,2013-07-16
6664,オプトエレクトロニクス,スタンダード,電気機器,100,2013-07-16
6666,リバーエレテック,スタンダード,電気機器,100,2013-07-16
6668,アドテック　プラズマ　テクノロジー,スタンダード,電気機器,100,2004-07-26
6670,ＭＣＪ,スタンダード,電気機器,100,2004-06-01
6674,ジーエス・ユアサ　コーポレーション,プライム,電気機器,100,2004-04-01
6675,サクサ,スタンダード,電気機器,100,2004-02-02
6676,ＢＵＦＦＡＬＯ,スタンダード,電気機器,100,2003-10-01
6677,エスケーエレクトロニクス,スタンダード,電気機器,100,2013-07-16
6678,テクノメディカ,スタンダード,電気機器,100,2007-03-12
6694,ズーム,スタンダード,電気機器,100,2017-03-28
6696,トラース・オン・プロダクト,グロース,電気機器,100,2017-08-09
6699,ダイヤモンドエレクトリックホールディングス,スタンダード,電気機器,100,2018-10-01
6701,日本電気,プライム,電気機器,100,1949-05-16
6702,富士通,プライム,電気機器,100,1949-05-16
6703,沖電気工業,プライム,電気機器,100,1951-11-22
6706,電気興業,プライム,電気機器,100,1961-10-02
6707,サンケン電気,プライム,電気機器,100,1961-10-02
6718,アイホン,プライム,電気機器,100,1999-01-11
6721,ウインテスト,スタンダード,電気機器,100,2003-09-03
6723,ルネサスエレクトロニクス,プライム,電気機器,100,2003-07-24
6724,セイコーエプソン,プライム,電気機器,100,2003-06-24
6727,ワコム,プライム,電気機器,100,2005-12-27
6728,アルバック,プライム,電気機器,100,2004-04-20
6730,アクセル,スタンダード,電気機器,100,2008-11-17
6731,ピクセラ,スタンダード,電気機器,100,2002-12-10
6736,サン電子,スタンダード,電気機器,100,2013-07-16
6737,ＥＩＺＯ,プライム,電気機器,100,2002-03-12
6740,ジャパンディスプレイ,プライム,電気機器,100,2014-03-19
6741,日本信号,プライム,電気機器,100,1949-05-16
6742,京三製作所,プライム,電気機器,100,1949-05-16
6743,大同信号,スタンダード,電気機器,100,1962-09-24
6744,能美防災,プライム,電気機器,100,1962-12-01
6745,ホーチキ,プライム,電気機器,100,1963-07-29
6748,星和電機,スタンダード,電気機器,100,2013-07-16
6750,エレコム,プライム,電気機器,100,2013-03-08
6752,パナソニック　ホールディングス,プライム,電気機器,100,1949-05-16
6753,シャープ,プライム,電気機器,100,1956-03-30
6754,アンリツ,プライム,電気機器,100,1961-10-02
6757,ＯＳＧコーポレーション,スタンダード,電気機器,100,2013-07-16
6758,ソニーグループ,プライム,電気機器,100,1958-12-01
6762,ＴＤＫ,プライム,電気機器,100,1961-09-04
6763,帝国通信工業,プライム,電気機器,100,1961-10-02
6768,タムラ製作所,プライム,電気機器,100,1961-10-02
6769,ザインエレクトロニクス,スタンダード,電気機器,100,2013-07-16
6770,アルプスアルパイン,プライム,電気機器,100,1961-10-02
6771,池上通信機,スタンダード,電気機器,100,1961-10-02
6772,東京コスモス電機,スタンダード,電気機器,100,1970-11-24
6775,ＴＢグループ,スタンダード,電気機器,100,1961-10-02
6776,天昇電気工業,スタンダード,化学,100,1961-10-02
6777,ｓａｎｔｅｃ　Ｈｏｌｄｉｎｇｓ,スタンダード,電気機器,100,2013-07-16
6778,アルチザネットワークス,スタンダード,電気機器,100,2001-07-19
6779,日本電波工業,プライム,電気機器,100,1990-12-06
6785,鈴木,プライム,電気機器,100,2012-05-28
6786,ＲＶＨ,スタンダード,サービス業,100,2000-12-21
6787,メイコー,プライム,電気機器,100,2013-07-16
6788,日本トリム,プライム,電気機器,100,2003-02-04
6794,フォスター電機,プライム,電気機器,100,1962-05-01
6797,名古屋電機工業,スタンダード,電気機器,100,2024-03-13
6798,ＳＭＫ,プライム,電気機器,100,1962-09-11
6800,ヨコオ,プライム,電気機器,100,1962-10-03
6803,ティアック,スタンダード,電気機器,100,1970-04-01
6804,ホシデン,プライム,電気機器,100,1992-12-18
6806,ヒロセ電機,プライム,電気機器,100,1972-12-01
6807,日本航空電子工業,プライム,電気機器,100,1973-04-02
6809,ＴＯＡ,プライム,電気機器,100,1996-08-08
6810,マクセル,プライム,電気機器,100,2014-03-18
6814,古野電気,プライム,電気機器,100,2013-07-16
6817,スミダコーポレーション,プライム,電気機器,100,1998-12-03
6819,伊豆シャボテンリゾート,スタンダード,サービス業,100,2013-07-16
6820,アイコム,プライム,電気機器,100,2001-01-31
6822,大井電気,スタンダード,電気機器,100,2013-07-16
6823,リオン,プライム,電気機器,100,2000-05-15
6824,新コスモス電機,スタンダード,電気機器,100,2013-07-16
6832,アオイ電子,スタンダード,電気機器,100,2000-08-10
6834,精工技研,スタンダード,電気機器,100,2013-07-16
6835,アライドテレシスホールディングス,スタンダード,電気機器,100,2000-07-27
6836,ぷらっとホーム,スタンダード,電気機器,100,2000-07-11
6837,京写,スタンダード,電気機器,100,2013-07-16
6838,多摩川ホールディングス,スタンダード,電気機器,100,2013-07-16
6840,ＡＫＩＢＡホールディングス,スタンダード,電気機器,100,2013-07-16
6841,横河電機,プライム,電気機器,100,1949-05-16
6844,新電元工業,プライム,電気機器,100,1961-10-02
6845,アズビル,プライム,電気機器,100,1961-10-02
6848,東亜ディーケーケー,スタンダード,電気機器,100,1961-11-02
6849,日本光電工業,プライム,電気機器,100,1961-11-02
6850,チノー,プライム,電気機器,100,1962-04-02
6853,共和電業,スタンダード,電気機器,100,1969-08-12
6855,日本電子材料,スタンダード,電気機器,100,2005-02-08
6856,堀場製作所,プライム,電気機器,100,1974-03-29
6857,アドバンテスト,プライム,電気機器,100,1983-02-09
6858,小野測器,スタンダード,電気機器,100,1983-08-15
6859,エスペック,プライム,電気機器,100,1985-08-06
6861,キーエンス,プライム,電気機器,100,1989-12-25
6862,ミナトホールディングス,スタンダード,電気機器,100,2013-07-16
6863,ニレコ,スタンダード,電気機器,100,2013-07-16
6864,エヌエフホールディングス,スタンダード,電気機器,100,2013-07-16
6866,日置電機,プライム,電気機器,100,2001-11-22
6867,リーダー電子,スタンダード,電気機器,100,2013-07-16
6869,シスメックス,プライム,電気機器,100,1996-07-25
6870,日本フェンオール,スタンダード,電気機器,100,2013-07-16
6871,日本マイクロニクス,プライム,電気機器,100,2013-07-16
6874,協立電機,スタンダード,電気機器,100,2013-07-16
6875,メガチップス,プライム,電気機器,100,2000-12-25
6877,ＯＢＡＲＡ　ＧＲＯＵＰ,スタンダード,電気機器,100,2006-08-28
6882,三社電機製作所,スタンダード,電気機器,100,2013-07-16
6888,アクモス,スタンダード,情報・通信業,100,2013-07-16
6890,フェローテック,スタンダード,電気機器,100,2013-07-16
6894,パルステック工業,スタンダード,電気機器,100,2000-03-21
6897,ツインバード,スタンダード,電気機器,100,2000-03-01
6898,トミタ電機,スタンダード,電気機器,100,2013-07-16
6899,ＡＳＴＩ,スタンダード,電気機器,100,2002-12-16
6902,デンソー,プライム,輸送用機器,100,1953-01-05
6904,原田工業,スタンダード,電気機器,100,2013-07-16
6905,コーセル,プライム,電気機器,100,1999-01-25
6907,ジオマテック,スタンダード,電気機器,100,2013-07-16
6908,イリソ電子工業,プライム,電気機器,100,2013-07-16
6912,菊水ホールディングス,スタンダード,電気機器,100,2013-07-16
6914,オプテックスグループ,プライム,電気機器,100,2001-08-29
6915,千代田インテグレ,スタンダード,電気機器,100,2001-03-30
6918,アバールデータ,スタンダード,電気機器,100,2013-07-16
6919,ケル,スタンダード,電気機器,100,2013-07-16
6920,レーザーテック,プライム,電気機器,100,2012-03-14
6923,スタンレー電気,プライム,電気機器,100,1961-10-02
6925,ウシオ電機,プライム,電気機器,100,1970-05-04
6926,岡谷電機産業,スタンダード,電気機器,100,1970-09-01
6927,ヘリオス　テクノ　ホールディング,スタンダード,電気機器,100,2005-04-11
6928,エノモト,スタンダード,電気機器,100,2013-07-16
6929,日本セラミック,プライム,電気機器,100,2000-03-01
6932,遠藤照明,スタンダード,電気機器,100,2013-07-16
6941,山一電機,プライム,電気機器,100,2000-03-10
6942,ソフィアホールディングス,スタンダード,情報・通信業,100,2013-07-16
6943,ＮＫＫスイッチズ,スタンダード,電気機器,100,2013-07-16
6946,日本アビオニクス,スタンダード,電気機器,100,1988-02-09
6947,図研,プライム,電気機器,100,1991-10-08
6951,日本電子,プライム,電気機器,100,1962-04-05
6952,カシオ計算機,プライム,電気機器,100,1970-09-21
6954,ファナック,プライム,電気機器,100,1976-11-10
6955,ＦＤＫ,スタンダード,電気機器,100,1969-10-01
6958,日本シイエムケイ,プライム,電気機器,100,1985-07-19
6960,フクダ電子,スタンダード,電気機器,100,2013-07-16
6961,エンプラス,プライム,電気機器,100,1984-09-05
6962,大真空,プライム,電気機器,100,2013-07-16
6963,ローム,プライム,電気機器,100,1989-01-25
6964,サンコー,スタンダード,電気機器,100,1999-12-20
6965,浜松ホトニクス,プライム,電気機器,100,1996-07-22
6966,三井ハイテック,プライム,電気機器,100,1985-09-09
6969,松尾電機,スタンダード,電気機器,100,2013-07-16
6971,京セラ,プライム,電気機器,100,1972-09-11
6976,太陽誘電,プライム,電気機器,100,1970-03-02
6977,日本抵抗器製作所,スタンダード,電気機器,100,1964-10-12
6981,村田製作所,プライム,電気機器,100,1969-12-01
6982,リード,スタンダード,輸送用機器,100,1963-07-05
6986,双葉電子工業,プライム,電気機器,100,1985-04-17
6988,日東電工,プライム,化学,100,1962-08-27
6989,北陸電気工業,スタンダード,電気機器,100,1962-08-07
6993,大黒屋ホールディングス,スタンダード,小売業,100,1961-10-02
6994,指月電機製作所,スタンダード,電気機器,100,1963-05-01
6995,東海理化電機製作所,プライム,輸送用機器,100,1961-10-02
6996,ニチコン,プライム,電気機器,100,1961-10-02
6997,日本ケミコン,プライム,電気機器,100,1970-09-01
6998,日本タングステン,スタンダード,電気機器,100,1961-10-02
6999,ＫＯＡ,プライム,電気機器,100,1961-12-01
7003,三井Ｅ＆Ｓ,プライム,機械,100,1949-05-16
7004,カナデビア,プライム,機械,100,1949-05-16
7011,三菱重工業,プライム,機械,100,1950-05-29
7012,川崎重工業,プライム,輸送用機器,100,1949-05-16
7013,ＩＨＩ,プライム,機械,100,1949-05-16
7014,名村造船所,スタンダード,輸送用機器,100,2013-07-16
7018,内海造船,スタンダード,輸送用機器,100,2000-03-01
7021,ニッチツ,スタンダード,機械,100,1951-10-15
7022,サノヤスホールディングス,スタンダード,機械,100,2013-07-16
7030,スプリックス,スタンダード,サービス業,100,2018-06-29
7031,インバウンドテック,グロース,サービス業,100,2020-12-18
7033,マネジメントソリューションズ,プライム,サービス業,100,2018-07-23
7034,プロレド・パートナーズ,プライム,サービス業,100,2018-07-27
7035,ａｎｄ　ｆａｃｔｏｒｙ,スタンダード,サービス業,100,2018-09-06
7036,イーエムネットジャパン,グロース,サービス業,100,2018-09-21
7037,テノ．ホールディングス,スタンダード,サービス業,100,2018-12-21
7038,フロンティア・マネジメント,プライム,サービス業,100,2018-09-28
7039,ブリッジインターナショナルグループ,グロース,サービス業,100,2018-10-03
7040,サン・ライフホールディング,スタンダード,サービス業,100,2018-10-01
7041,ＣＲＧホールディングス,グロース,サービス業,100,2018-10-10
7042,アクセスグループ・ホールディングス,スタンダード,サービス業,100,2018-11-06
7043,アルー,グロース,サービス業,100,2018-12-11
7044,ピアラ,スタンダード,サービス業,100,2018-12-11
7046,ＴＤＳＥ,グロース,サービス業,100,2018-12-18
7047,ポート,グロース,サービス業,100,2018-12-21
7048,ベルトラ,グロース,サービス業,100,2018-12-25
7049,識学,グロース,サービス業,100,2019-02-22
7050,フロンティアインターナショナル,グロース,サービス業,100,2019-02-28
7057,エヌ・シー・エヌ,スタンダード,サービス業,100,2019-03-14
7058,共栄セキュリティーサービス,スタンダード,サービス業,100,2019-03-18
7059,コプロ・ホールディングス,プライム,サービス業,100,2019-03-19
7060,ギークス,スタンダード,サービス業,100,2019-03-20
7061,日本ホスピスホールディングス,グロース,サービス業,100,2019-03-28
7062,フレアス,グロース,サービス業,100,2019-03-28
7063,Ｂｉｒｄｍａｎ,グロース,サービス業,100,2019-03-29
7064,ハウテレビジョン,スタンダード,サービス業,100,2019-04-24
7065,ユーピーアール,スタンダード,サービス業,100,2019-06-12
7066,ピアズ,グロース,サービス業,100,2019-06-20
7067,ブランディングテクノロジー,グロース,サービス業,100,2019-06-21
7068,フィードフォースグループ,グロース,サービス業,100,2019-07-05
7069,サイバー・バズ,グロース,サービス業,100,2019-09-19
7071,アンビスホールディングス,プライム,サービス業,100,2019-10-09
7072,インティメート・マージャー,グロース,サービス業,100,2019-10-24
7073,ジェイック,グロース,サービス業,100,2019-10-29
7074,トゥエンティーフォーセブンホールディングス,グロース,サービス業,100,2019-11-21
7075,ＱＬＳホールディングス,グロース,サービス業,100,2024-12-11
7077,ＡＬｉＮＫインターネット,グロース,サービス業,100,2019-12-10
7078,ＩＮＣＬＵＳＩＶＥ　Ｈｏｌｄｉｎｇｓ,グロース,サービス業,100,2019-12-20
7079,ＷＤＢココ,グロース,サービス業,100,2019-12-25
7080,スポーツフィールド,グロース,サービス業,100,2019-12-26
7081,コーユーレンティア,スタンダード,サービス業,100,2020-02-07
7082,ジモティー,グロース,サービス業,100,2020-02-07
7083,ＡＨＣグループ,グロース,サービス業,100,2020-02-25
7084,Ｓｍｉｌｅ　Ｈｏｌｄｉｎｇｓ,グロース,サービス業,100,2020-03-04
7085,カーブスホールディングス,プライム,サービス業,100,2020-03-02
7087,ウイルテック,スタンダード,サービス業,100,2020-03-06
7089,フォースタートアップス,グロース,サービス業,100,2020-03-13
7090,リグア,グロース,サービス業,100,2020-03-13
7091,リビングプラットフォーム,グロース,サービス業,100,2020-03-17
7093,アディッシュ,グロース,サービス業,100,2020-03-26
7094,ＮｅｘＴｏｎｅ,グロース,サービス業,100,2020-03-30
7095,Ｍａｃｂｅｅ　Ｐｌａｎｅｔ,プライム,サービス業,100,2020-03-31
7096,ステムセル研究所,グロース,サービス業,100,2021-06-25
7097,さくらさくプラス,グロース,サービス業,100,2020-10-28
7102,日本車輌製造,プライム,輸送用機器,100,1949-05-16
7110,クラシコム,グロース,小売業,100,2022-08-05
7111,ＩＮＥＳＴ,スタンダード,卸売業,100,2022-10-03
7112,キューブ,グロース,小売業,100,2022-10-07
7114,フーディソン,グロース,卸売業,100,2022-12-16
7115,アルファパーチェス,スタンダード,卸売業,100,2022-12-26
7119,ハルメクホールディングス,グロース,小売業,100,2023-03-23
7120,ＳＨＩＮＫＯ,スタンダード,卸売業,100,2023-03-22
7122,近畿車輛,スタンダード,輸送用機器,100,1961-10-02
7126,グローバルスタイル,スタンダード,小売業,100,2021-08-24
7127,一家ホールディングス,スタンダード,小売業,100,2021-10-01
7128,ユニソルホールディングス,プライム,卸売業,100,2021-10-01
7129,ミアヘルサホールディングス,スタンダード,小売業,100,2021-10-01
7130,ヤマエグループホールディングス,プライム,卸売業,100,2021-10-01
7131,のむら産業,スタンダード,卸売業,100,2021-12-02
7133,ＨＹＵＧＡ　ＰＲＩＭＡＲＹ　ＣＡＲＥ,グロース,小売業,100,2021-12-20
7134,アップガレージグループ,スタンダード,小売業,100,2021-12-23
7135,ジャパンクラフトホールディングス,スタンダード,小売業,100,2022-01-04
7138,ＴＯＲＩＣＯ,グロース,小売業,100,2022-03-23
7140,ペットゴー,グロース,小売業,100,2022-04-28
7148,ＦＰＧ,プライム,証券、商品先物取引業,100,2011-10-03
7150,島根銀行,スタンダード,銀行業,100,2011-03-15
7157,ライフネット生命保険,プライム,保険業,100,2012-03-15
7161,じもとホールディングス,スタンダード,銀行業,100,2012-10-01
7162,アストマックス,スタンダード,電気・ガス業,100,2013-07-16
7164,全国保証,プライム,その他金融業,100,2012-12-19
7167,めぶきフィナンシャルグループ,プライム,銀行業,100,2013-12-19
7172,ジャパンインベストメントアドバイザー,プライム,証券、商品先物取引業,100,2014-09-11
7173,東京きらぼしフィナンシャルグループ,プライム,銀行業,100,2014-10-01
7175,今村証券,スタンダード,証券、商品先物取引業,100,2014-12-17
7177,ＧＭＯフィナンシャルホールディングス,スタンダード,証券、商品先物取引業,100,2015-04-01
7180,九州フィナンシャルグループ,プライム,銀行業,100,2015-10-01
7181,かんぽ生命保険,プライム,保険業,100,2015-11-04
7182,ゆうちょ銀行,プライム,銀行業,100,2015-11-04
7183,あんしん保証,スタンダード,その他金融業,100,2015-11-19
7184,富山第一銀行,プライム,銀行業,100,2016-03-15
7185,ヒロセ通商,スタンダード,証券、商品先物取引業,100,2016-03-18
7186,横浜フィナンシャルグループ,プライム,銀行業,100,2016-04-01
7187,ジェイリース,プライム,その他金融業,100,2016-06-22
7189,西日本フィナンシャルホールディングス,プライム,銀行業,100,2016-10-03
7191,イントラスト,スタンダード,その他金融業,100,2016-12-07
7192,日本モーゲージサービス,スタンダード,その他金融業,100,2016-12-19
7196,Ｃａｓａ,スタンダード,その他金融業,100,2017-10-31
7198,ＳＢＩアルヒ,プライム,その他金融業,100,2017-12-14
7199,プレミアグループ,プライム,その他金融業,100,2017-12-21
7201,日産自動車,プライム,輸送用機器,100,1951-01-04
7202,いすゞ自動車,プライム,輸送用機器,100,1949-05-16
7203,トヨタ自動車,プライム,輸送用機器,100,1949-05-16
7208,カネミツ,スタンダード,輸送用機器,100,2013-07-16
7211,三菱自動車工業,プライム,輸送用機器,100,1988-12-05
7212,エフテック,スタンダード,輸送用機器,100,2001-01-26
7213,レシップホールディングス,スタンダード,輸送用機器,100,2007-12-27
7214,ＧＭＢ,スタンダード,輸送用機器,100,2013-07-16
7215,ファルテック,スタンダード,輸送用機器,100,2013-03-19
7217,テイン,スタンダード,輸送用機器,100,2013-07-16
7218,田中精密工業,スタンダード,輸送用機器,100,2013-07-16
7219,エッチ・ケー・エス,スタンダード,輸送用機器,100,2013-07-16
7220,武蔵精密工業,プライム,輸送用機器,100,2004-03-24
7222,日産車体,スタンダード,輸送用機器,100,1961-10-02
7224,新明和工業,プライム,輸送用機器,100,1962-08-04
7226,極東開発工業,プライム,輸送用機器,100,1992-11-16
7228,デイトナ,スタンダード,輸送用機器,100,2013-07-16
7229,ユタカ技研,スタンダード,輸送用機器,100,2013-07-16
7231,トピー工業,プライム,輸送用機器,100,1949-05-16
7235,東京ラヂエーター製造,スタンダード,輸送用機器,100,1961-10-02
7236,ティラド,プライム,輸送用機器,100,1961-10-02
7238,曙ブレーキ工業,プライム,輸送用機器,100,1961-10-02
7239,タチエス,プライム,輸送用機器,100,1986-12-17
7240,ＮＯＫ,プライム,輸送用機器,100,1961-10-02
7241,フタバ産業,プライム,輸送用機器,100,1980-12-03
7242,カヤバ,プライム,輸送用機器,100,1959-10-19
7244,市光工業,プライム,電気機器,100,1961-10-02
7245,大同メタル工業,プライム,輸送用機器,100,2004-03-22
7246,プレス工業,プライム,輸送用機器,100,1961-08-07
7247,ミクニ,スタンダード,輸送用機器,100,1961-10-02
7254,ユニバンス,スタンダード,輸送用機器,100,1963-08-21
7255,桜井製作所,スタンダード,輸送用機器,100,2013-07-16
7256,河西工業,スタンダード,輸送用機器,100,1964-07-27
7259,アイシン,プライム,輸送用機器,100,1970-05-01
7261,マツダ,プライム,輸送用機器,100,1949-05-16
7264,ムロコーポレーション,スタンダード,輸送用機器,100,2013-07-16
7265,エイケン工業,スタンダード,輸送用機器,100,2013-07-16
7266,今仙電機製作所,スタンダード,輸送用機器,100,2003-02-03
7267,本田技研工業,プライム,輸送用機器,100,1957-12-02
7269,スズキ,プライム,輸送用機器,100,1949-05-16
7270,ＳＵＢＡＲＵ,プライム,輸送用機器,100,1966-03-10
7271,安永,スタンダード,輸送用機器,100,2013-07-16
7272,ヤマハ発動機,プライム,輸送用機器,100,1967-03-08
7273,イクヨ,スタンダード,輸送用機器,100,1997-03-18
7276,小糸製作所,プライム,電気機器,100,1949-05-16
7277,ＴＢＫ,スタンダード,輸送用機器,100,1971-11-01
7278,エクセディ,プライム,輸送用機器,100,1997-08-20
7279,ハイレックスコーポレーション,スタンダード,輸送用機器,100,2013-07-16
7280,ミツバ,プライム,電気機器,100,1988-02-05
7282,豊田合成,プライム,輸送用機器,100,1999-03-24
7283,愛三工業,プライム,輸送用機器,100,2000-03-09
7284,盟和産業,スタンダード,輸送用機器,100,1981-01-26
7287,日本精機,スタンダード,輸送用機器,100,1989-02-16
7291,日本プラスト,スタンダード,輸送用機器,100,2008-03-17
7292,村上開明堂,スタンダード,輸送用機器,100,1995-03-20
7294,ヨロズ,プライム,輸送用機器,100,1994-03-10
7296,エフ・シー・シー,プライム,輸送用機器,100,2003-02-17
7297,カーメイト,スタンダード,輸送用機器,100,2013-07-16
7299,フジオーゼックス,スタンダード,輸送用機器,100,1994-12-22
7305,新家工業,スタンダード,鉄鋼,100,1961-10-02
7309,シマノ,プライム,輸送用機器,100,1973-05-01
7313,テイ・エス　テック,プライム,輸送用機器,100,2007-02-23
7314,小田原機器,スタンダード,輸送用機器,100,2013-07-16
7317,松屋アールアンドディ,グロース,輸送用機器,100,2020-04-06
7318,セレンディップ・ホールディングス,グロース,輸送用機器,100,2021-06-24
7320,Ｓｏｌｖｖｙ,グロース,その他金融業,100,2018-03-30
7322,三十三フィナンシャルグループ,プライム,銀行業,100,2018-04-02
7325,アイリックコーポレーション,グロース,保険業,100,2018-09-25
7326,ＳＢＩインシュアランスグループ,グロース,保険業,100,2018-09-27
7327,第四北越フィナンシャルグループ,プライム,銀行業,100,2018-10-01
7337,ひろぎんホールディングス,プライム,銀行業,100,2020-10-01
7343,ブロードマインド,グロース,保険業,100,2021-03-26
7345,アイ・パートナーズフィナンシャル,グロース,その他金融業,100,2021-06-23
7347,マーキュリアホールディングス,プライム,証券、商品先物取引業,100,2021-07-01
7350,おきなわフィナンシャルグループ,プライム,銀行業,100,2021-10-01
7351,グッドパッチ,グロース,サービス業,100,2020-06-30
7352,ＴＷＯＳＴＯＮＥ＆Ｓｏｎｓ,グロース,サービス業,100,2020-07-07
7353,ＫＩＹＯラーニング,グロース,サービス業,100,2020-07-15
7354,ダイレクトマーケティングミックス,スタンダード,サービス業,100,2020-10-05
7356,Ｒｅｔｔｙ,グロース,サービス業,100,2020-10-30
7357,ジオコード,スタンダード,サービス業,100,2020-11-26
7358,ポピンズ,スタンダード,サービス業,100,2020-12-21
7359,東京通信グループ,グロース,サービス業,100,2020-12-24
7360,オンデック,グロース,サービス業,100,2020-12-29
7361,ヒューマンクリエイションホールディングス,グロース,サービス業,100,2021-03-16
7362,Ｔ．Ｓ．Ｉ,グロース,サービス業,100,2021-03-19
7363,ベビーカレンダー,グロース,サービス業,100,2021-03-25
7366,ＬＩＴＡＬＩＣＯ,プライム,サービス業,100,2021-04-01
7367,セルム,スタンダード,サービス業,100,2021-04-06
7368,表示灯,スタンダード,サービス業,100,2021-04-07
7369,メイホーホールディングス,グロース,サービス業,100,2021-06-02
7370,Ｅｎｊｉｎ,グロース,サービス業,100,2021-06-18
7371,Ｚｅｎｋｅｎ,グロース,サービス業,100,2021-06-16
7372,デコルテ・ホールディングス,グロース,サービス業,100,2021-06-22
7373,アイドマ・ホールディングス,グロース,サービス業,100,2021-06-23
7374,コンフィデンス・インターワークス,グロース,サービス業,100,2021-06-28
7375,リファインバースグループ,グロース,サービス業,100,2021-07-01
7376,ＢＣＣ,グロース,サービス業,100,2021-07-06
7377,ＤＮホールディングス,スタンダード,サービス業,100,2021-07-14
7378,アシロ,グロース,サービス業,100,2021-07-20
7380,十六フィナンシャルグループ,プライム,銀行業,100,2021-10-01
7381,ＣＣＩグループ,プライム,銀行業,100,2021-10-01
7383,ネットプロテクションズホールディングス,プライム,その他金融業,100,2021-12-15
7384,プロクレアホールディングス,プライム,銀行業,100,2022-04-01
7388,ＦＰパートナー,プライム,保険業,100,2022-09-22
7389,あいちフィナンシャルグループ,プライム,銀行業,100,2022-10-03
7399,ナンシン,スタンダード,輸送用機器,100,2013-07-16
7409,ＡｅｒｏＥｄｇｅ,グロース,輸送用機器,100,2023-07-04
7412,アトム,スタンダード,小売業,100,2000-09-19
7413,創健社,スタンダード,卸売業,100,2013-07-16
7414,小野建,プライム,卸売業,100,2003-12-18
7416,はるやまホールディングス,スタンダード,小売業,100,1998-12-11
7417,南陽,スタンダード,卸売業,100,2017-12-11
7419,ノジマ,プライム,小売業,100,2013-07-16
7421,カッパ・クリエイト,プライム,小売業,100,2003-11-07
7422,東邦レマック,スタンダード,卸売業,100,2013-07-16
7425,初穂商事,スタンダード,卸売業,100,2013-07-16
7426,山大,スタンダード,卸売業,100,2013-07-16
7427,エコートレーディング,スタンダード,卸売業,100,2003-12-18
7433,伯東,プライム,卸売業,100,1999-02-16
7434,オータケ,スタンダード,卸売業,100,2013-07-16
7435,ナ・デックス,スタンダード,卸売業,100,2013-07-16
7438,コンドーテック,プライム,卸売業,100,1999-07-16
7442,中山福,スタンダード,卸売業,100,2006-12-20
7443,横浜魚類,スタンダード,卸売業,100,2013-07-16
7444,ハリマ共和物産,スタンダード,卸売業,100,2013-07-16
7446,東北化学薬品,スタンダード,卸売業,100,2013-07-16
7447,ナガイレーベン,プライム,卸売業,100,2001-08-10
7453,良品計画,プライム,小売業,100,1998-12-14
7456,松田産業,プライム,卸売業,100,1999-12-03
7458,第一興商,プライム,卸売業,100,2013-07-16
7459,メディパルホールディングス,プライム,卸売業,100,1995-09-14
7460,ヤギ,スタンダード,卸売業,100,2013-07-16
7461,キムラ,スタンダード,卸売業,100,2013-07-16
7462,ＣＡＰＩＴＡ,スタンダード,小売業,100,2013-07-16
7463,アドヴァングループ,スタンダード,小売業,100,2000-03-10
7464,セフテック,スタンダード,卸売業,100,2013-07-16
7466,ＳＰＫ,プライム,卸売業,100,2000-08-09
7472,鳥羽洋行,スタンダード,卸売業,100,2013-07-16
7475,アルビス,プライム,小売業,100,2014-02-03
7476,アズワン,プライム,卸売業,100,1999-12-17
7477,ムラキ,スタンダード,卸売業,100,2013-07-16
7480,スズデン,スタンダード,卸売業,100,2004-12-28
7481,尾家産業,スタンダード,卸売業,100,2000-12-15
7482,シモジマ,プライム,卸売業,100,2001-02-26
7483,ドウシシャ,プライム,卸売業,100,2000-08-18
7486,サンリン,スタンダード,卸売業,100,2013-07-16
7487,小津産業,スタンダード,卸売業,100,2001-06-21
7490,日新商事,スタンダード,卸売業,100,1996-03-06
7494,コナカ,スタンダード,小売業,100,1997-07-18
7500,西川計測,スタンダード,卸売業,100,2013-07-16
7501,ティムコ,スタンダード,卸売業,100,2013-07-16
7502,プラザホールディングス,スタンダード,サービス業,100,2013-07-16
7504,高速,プライム,卸売業,100,1999-12-24
7505,扶桑電通,スタンダード,卸売業,100,1999-08-30
7506,ハウス　オブ　ローゼ,スタンダード,小売業,100,2006-05-24
7508,Ｇ‐７ホールディングス,プライム,小売業,100,2001-05-15
7509,アイエーグループ,スタンダード,小売業,100,2013-07-16
7510,たけびし,プライム,卸売業,100,2013-07-16
7512,イオン北海道,スタンダード,小売業,100,1998-11-19
7513,コジマ,プライム,小売業,100,1996-09-12
7514,ヒマラヤ,スタンダード,小売業,100,1999-12-27
7515,マルヨシセンター,スタンダード,小売業,100,2013-07-16
7516,コーナン商事,プライム,小売業,100,2001-10-10
7520,エコス,プライム,小売業,100,2004-03-31
7521,ムサシ,スタンダード,卸売業,100,2013-07-16
7522,ワタミ,プライム,小売業,100,1998-08-28
7523,アールビバン,スタンダード,小売業,100,2013-07-16
7524,マルシェ,スタンダード,小売業,100,1999-12-14
7525,リックス,プライム,卸売業,100,2008-02-06
7527,システムソフト,スタンダード,情報・通信業,100,2013-07-16
7531,清和中央ホールディングス,スタンダード,卸売業,100,2013-07-16
7532,パン・パシフィック・インターナショナルホールディングス,プライム,小売業,100,1998-06-19
7537,丸文,プライム,卸売業,100,1997-01-29
7538,大水,スタンダード,卸売業,100,2013-07-16
7539,アイナボホールディングス,スタンダード,卸売業,100,2013-07-16
7544,スリーエフ,スタンダード,小売業,100,2000-07-25
7545,西松屋チェーン,プライム,小売業,100,1999-11-29
7550,ゼンショーホールディングス,プライム,小売業,100,1999-09-10
7551,ウェッズ,スタンダード,輸送用機器,100,2013-07-16
7552,ハピネット,プライム,卸売業,100,1998-12-17
7554,幸楽苑,プライム,小売業,100,2002-03-20
7555,大田花き,スタンダード,卸売業,100,2013-07-16
7561,ハークスレイ,スタンダード,小売業,100,2001-02-16
7562,安楽亭,スタンダード,小売業,100,2000-08-28
7564,ワークマン,スタンダード,小売業,100,2013-07-16
7565,萬世電機,スタンダード,卸売業,100,2013-07-16
7567,栄電子,スタンダード,卸売業,100,2013-07-16
7570,橋本総業ホールディングス,スタンダード,卸売業,100,2013-07-16
7571,ヤマノホールディングス,スタンダード,小売業,100,2013-07-16
7575,日本ライフライン,プライム,卸売業,100,2013-07-16
7578,ニチリョク,スタンダード,小売業,100,2013-07-16
7581,サイゼリヤ,プライム,小売業,100,1999-07-06
7585,かんなん丸,スタンダード,小売業,100,2013-07-16
7590,タカショー,スタンダード,卸売業,100,2013-07-16
7593,ＶＴホールディングス,プライム,小売業,100,2013-07-16
7595,アルゴグラフィックス,プライム,情報・通信業,100,2004-02-27
7596,魚力,プライム,小売業,100,2003-03-04
7599,ＩＤＯＭ,プライム,卸売業,100,2000-12-18
7600,日本エム・ディ・エム,プライム,精密機器,100,2000-03-24
7601,ポプラ,スタンダード,小売業,100,2000-02-14
7602,レダックス,スタンダード,卸売業,100,1999-11-25
7603,ジーイエット,スタンダード,小売業,100,2013-07-16
7604,梅の花グループ,スタンダード,小売業,100,2002-06-24
7606,ユナイテッドアローズ,プライム,小売業,100,2002-03-19
7607,進和,プライム,卸売業,100,2002-05-31
7608,エスケイジャパン,スタンダード,卸売業,100,2003-03-06
7609,ダイトロン,プライム,卸売業,100,2001-06-21
7610,テイツー,スタンダード,小売業,100,2013-07-16
7611,ハイデイ日高,プライム,小売業,100,2005-04-28
7613,シークス,プライム,卸売業,100,2000-11-21
7614,オーエムツーネットワーク,スタンダード,小売業,100,2013-07-16
7615,京都きもの友禅ホールディングス,スタンダード,小売業,100,2000-11-29
7616,コロワイド,プライム,小売業,100,2000-10-13
7619,田中商事,スタンダード,卸売業,100,2003-02-07
7621,うかい,スタンダード,小売業,100,2013-07-16
7624,ＮａＩＴＯ,スタンダード,卸売業,100,2013-07-16
7625,グローバルダイニング,スタンダード,小売業,100,1999-12-07
7628,オーハシテクニカ,プライム,卸売業,100,2002-12-18
7630,壱番屋,プライム,小売業,100,2004-03-08
7634,星医療酸器,スタンダード,卸売業,100,2013-07-16
7636,ハンズマン,スタンダード,小売業,100,2013-07-16
7637,白銅,プライム,卸売業,100,2004-10-29
7638,ＮＥＷ　ＡＲＴ　ＨＯＬＤＩＮＧＳ,スタンダード,小売業,100,2013-07-16
7640,トップカルチャー,スタンダード,小売業,100,2001-10-19
7643,ダイイチ,スタンダード,小売業,100,2013-07-16
7646,ＰＬＡＮＴ,スタンダード,小売業,100,2012-08-20
7649,スギホールディングス,プライム,小売業,100,2001-08-07
7670,オーウエル,スタンダード,卸売業,100,2018-12-13
7673,ダイコー通産,スタンダード,卸売業,100,2019-03-12
7674,ＮＡＴＴＹ　ＳＷＡＮＫＹホールディングス,グロース,小売業,100,2019-03-28
7677,ヤシマキザイ,スタンダード,卸売業,100,2019-06-26
7678,あさくま,スタンダード,小売業,100,2019-06-27
7679,薬王堂ホールディングス,プライム,小売業,100,2019-09-02
7681,レオクラン,スタンダード,卸売業,100,2019-10-02
7682,浜木綿,スタンダード,小売業,100,2019-10-18
7683,ダブルエー,プライム,小売業,100,2019-11-01
7685,ＢｕｙＳｅｌｌ　Ｔｅｃｈｎｏｌｏｇｉｅｓ,グロース,卸売業,100,2019-12-18
7686,ひとまいる,スタンダード,小売業,100,2019-12-23
7687,ミクリード,グロース,卸売業,100,2020-03-16
7689,コパ・コーポレーション,グロース,卸売業,100,2020-06-24
7692,アースインフィニティ,スタンダード,電気・ガス業,100,2020-10-16
7694,いつも,グロース,小売業,100,2020-12-21
7695,交換できるくん,グロース,小売業,100,2020-12-23
7698,アイスコ,スタンダード,卸売業,100,2021-04-08
7701,島津製作所,プライム,精密機器,100,1949-05-16
7702,ＪＭＳ,スタンダード,精密機器,100,1989-03-13
7707,プレシジョン・システム・サイエンス,グロース,精密機器,100,2013-07-16
7709,クボテック,スタンダード,精密機器,100,2001-02-22
7711,助川電気工業,スタンダード,精密機器,100,2013-07-16
7713,シグマ光機,スタンダード,精密機器,100,2013-07-16
7715,長野計器,プライム,精密機器,100,2005-02-22
7716,ナカニシ,スタンダード,精密機器,100,2013-07-16
7717,ブイ・テクノロジー,プライム,精密機器,100,2000-12-08
7719,東京衡機,スタンダード,精密機器,100,1961-10-02
7721,東京計器,プライム,精密機器,100,1949-05-16
7722,国際計測器,スタンダード,精密機器,100,2013-07-16
7723,愛知時計電機,プライム,精密機器,100,1961-10-02
7725,インターアクション,プライム,精密機器,100,2001-02-14
7726,黒田精工,スタンダード,機械,100,1961-10-02
7727,オーバル,スタンダード,精密機器,100,1961-10-02
7729,東京精密,プライム,精密機器,100,1962-08-02
7730,マニー,プライム,精密機器,100,2011-09-05
7731,ニコン,プライム,精密機器,100,1949-05-16
7733,オリンパス,プライム,精密機器,100,1949-05-16
7734,理研計器,プライム,精密機器,100,1961-10-02
7735,ＳＣＲＥＥＮホールディングス,プライム,電気機器,100,1967-10-11
7740,タムロン,プライム,精密機器,100,2006-11-13
7741,ＨＯＹＡ,プライム,精密機器,100,1961-10-02
7743,シード,スタンダード,精密機器,100,2013-07-16
7744,ノーリツ鋼機,プライム,精密機器,100,1997-11-07
7745,Ａ＆Ｄホロンホールディングス,プライム,精密機器,100,2005-02-25
7746,岡本硝子,スタンダード,精密機器,100,2013-07-16
7747,朝日インテック,プライム,精密機器,100,2005-06-17
7749,メディキット,スタンダード,精密機器,100,2013-07-16
7751,キヤノン,プライム,電気機器,100,1949-05-16
7752,リコー,プライム,電気機器,100,1949-05-16
7760,ＩＭＶ,スタンダード,精密機器,100,2013-07-16
7762,シチズン時計,プライム,精密機器,100,1949-05-16
7769,リズム,プライム,精密機器,100,1963-08-20
7771,日本精密,スタンダード,精密機器,100,2013-07-16
7774,ジャパン・ティッシュエンジニアリング,グロース,精密機器,100,2013-07-16
7775,大研医器,スタンダード,精密機器,100,2009-03-12
7776,セルシード,グロース,精密機器,100,2013-07-16
7777,スリー・ディー・マトリックス,グロース,精密機器,100,2013-07-16
7779,ＣＹＢＥＲＤＹＮＥ,グロース,精密機器,100,2014-03-26
7780,メニコン,プライム,精密機器,100,2015-06-25
7781,平山ホールディングス,スタンダード,精密機器,100,2015-07-10
7782,シンシア,スタンダード,精密機器,100,2016-12-16
7791,ドリームベッド,スタンダード,その他製品,100,2021-06-23
7792,コラントッテ,グロース,その他製品,100,2021-07-08
7793,イメージ・マジック,グロース,その他製品,100,2022-03-03
7794,イーディーピー,グロース,その他製品,100,2022-06-27
7795,ＫＹＯＲＩＴＳＵ,スタンダード,その他製品,100,2022-10-01
7800,アミファ,スタンダード,その他製品,100,2019-09-19
7803,ブシロード,グロース,その他製品,100,2019-07-29
7804,ビーアンドピー,スタンダード,その他製品,100,2019-07-24
7805,プリントネット,スタンダード,その他製品,100,2018-10-18
7806,ＭＴＧ,グロース,その他製品,100,2018-07-10
7807,幸和製作所,スタンダード,その他製品,100,2017-11-28
7808,シー・エス・ランバー,スタンダード,その他製品,100,2017-11-15
7809,壽屋,スタンダード,その他製品,100,2017-09-26
7810,クロスフォー,スタンダード,その他製品,100,2017-07-20
7811,中本パックス,スタンダード,その他製品,100,2016-03-03
7812,クレステック,スタンダード,その他製品,100,2015-07-08
7813,プラッツ,スタンダード,その他製品,100,2015-03-26
7814,日本創発グループ,スタンダード,その他製品,100,2015-01-05
7815,東京ボード工業,スタンダード,その他製品,100,2014-12-25
7818,トランザクション,プライム,その他製品,100,2013-07-16
7819,粧美堂,スタンダード,その他製品,100,2010-09-03
7820,ニホンフラッシュ,プライム,その他製品,100,2008-02-13
7821,前田工繊,プライム,その他製品,100,2007-08-06
7822,永大産業,スタンダード,その他製品,100,2007-02-28
7823,アートネイチャー,スタンダード,その他製品,100,2013-07-16
7826,フルヤ金属,プライム,その他製品,100,2013-07-16
7827,オービス,スタンダード,その他製品,100,2013-07-16
7831,ウイルコホールディングス,スタンダード,その他製品,100,2005-10-19
7832,バンダイナムコホールディングス,プライム,その他製品,100,2005-09-29
7833,アイフィスジャパン,スタンダード,その他製品,100,2005-09-21
7836,アビックス,スタンダード,その他製品,100,2013-07-16
7837,アールシーコア,スタンダード,その他製品,100,2013-07-16
7839,ＳＨＯＥＩ,プライム,その他製品,100,2007-09-05
7840,フランスベッドホールディングス,プライム,その他製品,100,2004-03-30
7841,遠藤製作所,スタンダード,その他製品,100,2013-07-16
7844,マーベラス,プライム,情報・通信業,100,2005-03-09
7846,パイロットコーポレーション,プライム,その他製品,100,2002-01-01
7847,グラファイトデザイン,スタンダード,その他製品,100,2013-07-16
7849,スターツ出版,スタンダード,情報・通信業,100,2013-07-16
7850,総合商研,スタンダード,その他製品,100,2013-07-16
7851,カワセコンピュータサプライ,スタンダード,その他製品,100,2013-07-16
7856,萩原工業,プライム,その他製品,100,2001-05-10
7857,セキ,スタンダード,その他製品,100,2013-07-16
7859,アルメディオ,スタンダード,その他製品,100,2004-08-20
7860,エイベックス,プライム,情報・通信業,100,1999-12-08
7863,平賀,スタンダード,その他製品,100,2013-07-16
7864,フジシールインターナショナル,プライム,その他製品,100,2003-12-25
7865,ピープル,スタンダード,その他製品,100,2013-07-16
7867,タカラトミー,プライム,その他製品,100,1999-03-15
7868,広済堂ホールディングス,プライム,その他製品,100,1997-08-05
7871,フクビ化学工業,スタンダード,化学,100,2013-07-16
7872,エステールホールディングス,スタンダード,その他製品,100,2013-07-16
7874,レック,プライム,化学,100,2001-03-22
7875,竹田ｉＰホールディングス,スタンダード,その他製品,100,2018-01-26
7877,永大化工,スタンダード,化学,100,2013-07-16
7878,光・彩,スタンダード,その他製品,100,2013-07-16
7879,ノダ,スタンダード,その他製品,100,1995-10-18
7883,サンメッセ,スタンダード,その他製品,100,2013-07-16
7885,タカノ,スタンダード,その他製品,100,1997-02-17
7886,ヤマト　モビリティ　＆　Ｍｆｇ．,スタンダード,化学,100,2013-07-16
7887,南海プライウッド,スタンダード,その他製品,100,2013-07-16
7888,三光合成,プライム,化学,100,2013-07-16
7893,プロネクサス,プライム,その他製品,100,1996-09-05
7896,セブン工業,スタンダード,その他製品,100,2000-03-24
7897,ホクシン,スタンダード,その他製品,100,1995-12-25
7898,ウッドワン,スタンダード,その他製品,100,1979-11-01
7901,マツモト,スタンダード,その他製品,100,2013-07-16
7902,ソノコム,スタンダード,その他製品,100,2013-07-16
7906,ヨネックス,スタンダード,その他製品,100,1994-02-22
7908,きもと,スタンダード,化学,100,2005-03-16
7911,ＴＯＰＰＡＮホールディングス,プライム,その他製品,100,1949-05-16
7912,大日本印刷,プライム,その他製品,100,1949-05-16
7914,共同印刷,プライム,その他製品,100,1961-10-02
7915,ＮＩＳＳＨＡ,プライム,その他製品,100,1969-04-01
7916,光村印刷,スタンダード,その他製品,100,1961-10-02
7917,ＺＡＣＲＯＳ,プライム,化学,100,2002-12-24
7918,ヴィア・ホールディングス,スタンダード,小売業,100,2013-07-16
7919,野崎印刷紙業,スタンダード,その他製品,100,1975-01-09
7921,ＴＡＫＡＲＡ　＆　ＣＯＭＰＡＮＹ,プライム,その他製品,100,1998-04-08
7922,三光産業,スタンダード,その他製品,100,2013-07-16
7925,前澤化成工業,プライム,化学,100,2000-02-15
7927,ムトー精工,スタンダード,化学,100,2013-07-16
7928,旭化学工業,スタンダード,化学,100,2013-07-16
7931,未来工業,プライム,化学,100,2018-12-13
7932,ニッピ,スタンダード,その他製品,100,2013-07-16
7936,アシックス,プライム,その他製品,100,1972-05-29
7937,ツツミ,スタンダード,その他製品,100,1994-09-21
7938,リーガルコーポレーション,スタンダード,その他製品,100,2013-07-16
7939,研創,スタンダード,その他製品,100,2013-07-16
7940,ウェーブロックホールディングス,スタンダード,化学,100,2017-04-10
7942,ＪＳＰ,プライム,化学,100,1990-02-21
7943,ニチハ,プライム,ガラス・土石製品,100,1996-12-06
7944,ローランド,プライム,その他製品,100,2020-12-16
7946,光陽社,スタンダード,その他製品,100,2013-07-16
7947,エフピコ,プライム,化学,100,2000-03-01
7949,小松ウオール工業,プライム,その他製品,100,1999-03-01
7951,ヤマハ,プライム,その他製品,100,1949-05-16
7952,河合楽器製作所,プライム,その他製品,100,1960-11-01
7953,菊水化学工業,スタンダード,その他製品,100,2014-12-16
7955,クリナップ,プライム,その他製品,100,1990-02-06
7956,ピジョン,プライム,その他製品,100,1995-07-07
7957,フジコピアン,スタンダード,その他製品,100,2013-07-16
7962,キングジム,プライム,その他製品,100,2001-03-16
7963,興研,スタンダード,その他製品,100,2013-07-16
7965,象印マホービン,プライム,電気機器,100,2013-07-16
7966,リンテック,プライム,その他製品,100,1986-07-24
7970,信越ポリマー,プライム,化学,100,1983-12-12
7971,東リ,スタンダード,化学,100,1949-05-16
7972,イトーキ,プライム,その他製品,100,1962-09-06
7974,任天堂,プライム,その他製品,100,1983-07-21
7975,リヒトラブ,スタンダード,その他製品,100,2013-07-16
7976,三菱鉛筆,プライム,その他製品,100,1962-09-28
7979,松風,プライム,精密機器,100,2007-02-15
7980,重松製作所,スタンダード,その他製品,100,2013-07-16
7981,タカラスタンダード,プライム,その他製品,100,1973-10-06
7983,ミロク,スタンダード,その他製品,100,2013-07-16
7984,コクヨ,プライム,その他製品,100,1971-03-01
7985,ネポン,スタンダード,金属製品,100,1974-06-10
7986,日本アイ・エス・ケイ,スタンダード,その他製品,100,2013-07-16
7987,ナカバヤシ,スタンダード,その他製品,100,1981-06-01
7988,ニフコ,プライム,化学,100,1979-07-02
7989,立川ブラインド工業,プライム,金属製品,100,1987-10-08
7990,グローブライド,プライム,その他製品,100,1970-10-01
7991,マミヤ・オーピー,スタンダード,機械,100,1965-02-12
7992,セーラー万年筆,スタンダード,その他製品,100,1961-10-02
7994,オカムラ,プライム,その他製品,100,1961-10-02
7995,バルカー,プライム,化学,100,1962-09-03
7997,くろがね工作所,スタンダード,その他製品,100,2013-07-16
7999,ＭＵＴＯＨホールディングス,スタンダード,電気機器,100,1983-06-07
8001,伊藤忠商事,プライム,卸売業,100,1950-07-11
8002,丸紅,プライム,卸売業,100,1950-07-11
8005,スクロール,プライム,小売業,100,1984-11-20
8006,ユアサ・フナショク,スタンダード,卸売業,100,1975-12-19
8007,高島,プライム,卸売業,100,1949-05-16
8008,ヨンドシーホールディングス,プライム,小売業,100,2000-03-01
8011,三陽商会,プライム,繊維製品,100,1971-07-01
8012,長瀬産業,プライム,卸売業,100,1969-10-01
8013,ナイガイ,スタンダード,繊維製品,100,1949-05-16
8014,蝶理,プライム,卸売業,100,1961-07-27
8015,豊田通商,プライム,卸売業,100,1977-01-04
8016,オンワードホールディングス,プライム,繊維製品,100,1961-10-02
8018,三共生興,スタンダード,卸売業,100,1963-01-10
8020,兼松,プライム,卸売業,100,1973-04-02
8022,美津濃,プライム,その他製品,100,1962-12-01
8023,ＤＡＩＫＯ　ＸＴＥＣＨ,スタンダード,情報・通信業,100,1990-12-25
8025,ツカモトコーポレーション,スタンダード,卸売業,100,1963-10-04
8029,ルックホールディングス,スタンダード,繊維製品,100,1981-09-16
8030,中央魚類,スタンダード,卸売業,100,1964-09-10
8031,三井物産,プライム,卸売業,100,1949-05-16
8032,日本紙パルプ商事,プライム,卸売業,100,1972-10-02
8035,東京エレクトロン,プライム,電気機器,100,1980-06-02
8037,カメイ,プライム,卸売業,100,1986-10-30
8039,築地魚市場,スタンダード,卸売業,100,1963-09-05
8040,東京ソワール,スタンダード,繊維製品,100,1988-08-22
8041,ＯＵＧホールディングス,スタンダード,卸売業,100,2013-07-16
8043,スターゼン,プライム,卸売業,100,1962-11-07
8045,横浜丸魚,スタンダード,卸売業,100,2013-07-16
8046,丸藤シートパイル,スタンダード,卸売業,100,1973-11-16
8050,セイコーグループ,プライム,精密機器,100,1949-05-16
8051,山善,プライム,卸売業,100,1963-09-25
8052,椿本興業,プライム,卸売業,100,1963-10-10
8053,住友商事,プライム,卸売業,100,1949-08-03
8056,ＢＩＰＲＯＧＹ,プライム,情報・通信業,100,1970-10-01
8057,内田洋行,プライム,卸売業,100,1964-01-10
8058,三菱商事,プライム,卸売業,100,1954-06-01
8059,第一実業,プライム,卸売業,100,1962-08-02
8060,キヤノンマーケティングジャパン,プライム,卸売業,100,1981-08-24
8061,西華産業,プライム,卸売業,100,1961-09-01
8065,佐藤商事,プライム,卸売業,100,1962-05-21
8066,三谷商事,スタンダード,卸売業,100,2000-02-15
8070,東京産業,プライム,卸売業,100,1961-10-02
8074,ＹＵＡＳＡ,プライム,卸売業,100,1961-10-02
8075,神鋼商事,プライム,卸売業,100,1961-10-02
8076,カノークス,スタンダード,卸売業,100,2022-11-21
8077,トルク,スタンダード,卸売業,100,2013-07-16
8078,阪和興業,プライム,卸売業,100,1970-09-01
8079,正栄食品工業,プライム,卸売業,100,1986-08-28
8081,カナデン,プライム,卸売業,100,1963-05-15
8084,ＲＹＯＤＥＮ,プライム,卸売業,100,1963-04-01
8085,ナラサキ産業,スタンダード,卸売業,100,1963-04-01
8086,ニプロ,プライム,精密機器,100,1996-12-25
8088,岩谷産業,プライム,卸売業,100,1962-12-03
8089,ナイス,スタンダード,卸売業,100,1962-07-17
8091,ニチモウ,プライム,卸売業,100,1962-05-01
8093,極東貿易,プライム,卸売業,100,1987-03-11
8095,アステナホールディングス,プライム,卸売業,100,1963-07-02
8097,三愛オブリ,プライム,卸売業,100,1963-01-23
8098,稲畑産業,プライム,卸売業,100,1962-06-04
8101,ＧＳＩクレオス,プライム,卸売業,100,1973-02-01
8103,明和産業,プライム,卸売業,100,1973-04-02
8104,クワザワホールディングス,スタンダード,卸売業,100,2018-03-20
8105,Ｂｉｔｃｏｉｎ　Ｊａｐａｎ,スタンダード,卸売業,100,1974-04-13
8107,キムラタン,スタンダード,繊維製品,100,2013-07-16
8111,ゴールドウイン,プライム,繊維製品,100,1991-12-18
8113,ユニ・チャーム,プライム,化学,100,1976-08-02
8115,ムーンバット,スタンダード,卸売業,100,2013-07-16
8117,中央自動車工業,スタンダード,卸売業,100,2013-07-16
8118,キング,スタンダード,繊維製品,100,2013-07-16
8119,三栄コーポレーション,スタンダード,卸売業,100,2013-07-16
8123,川辺,スタンダード,卸売業,100,2013-07-16
8125,ワキタ,プライム,卸売業,100,2013-07-16
8127,ヤマトインターナショナル,スタンダード,繊維製品,100,2006-11-17
8129,東邦ホールディングス,プライム,卸売業,100,2002-12-11
8130,サンゲツ,プライム,卸売業,100,1996-12-06
8131,ミツウロコグループホールディングス,スタンダード,卸売業,100,1962-08-02
8132,シナネンホールディングス,プライム,卸売業,100,1963-01-04
8133,伊藤忠エネクス,プライム,卸売業,100,1978-02-01
8135,ゼット,スタンダード,卸売業,100,2013-07-16
8136,サンリオ,プライム,卸売業,100,1982-04-23
8137,サンワテクノス,プライム,卸売業,100,2003-04-28
8138,三京化成,スタンダード,卸売業,100,2013-07-16
8139,ナガホリ,スタンダード,卸売業,100,1988-12-21
8141,新光商事,プライム,卸売業,100,1983-08-02
8142,トーホー,プライム,卸売業,100,2000-11-28
8143,ラピーヌ,スタンダード,繊維製品,100,1990-02-28
8144,デンキョーグループホールディングス,スタンダード,卸売業,100,2013-07-16
8147,トミタ,スタンダード,卸売業,100,2013-07-16
8150,三信電気,プライム,卸売業,100,1985-07-08
8151,東陽テクニカ,プライム,卸売業,100,1985-07-15
8152,ソマール,スタンダード,卸売業,100,1988-10-13
8153,モスフードサービス,プライム,卸売業,100,1988-03-09
8154,加賀電子,プライム,卸売業,100,1986-12-23
8157,都築電気,プライム,情報・通信業,100,1986-01-30
8158,ソーダニッカ,プライム,卸売業,100,1986-02-06
8159,立花エレテック,プライム,卸売業,100,2004-03-04
8160,木曽路,プライム,小売業,100,2000-09-19
8163,ＳＲＳホールディングス,プライム,小売業,100,2013-07-16
8165,千趣会,スタンダード,小売業,100,1988-07-19
8166,タカキュー,スタンダード,小売業,100,1986-11-21
8167,リテールパートナーズ,プライム,小売業,100,2000-03-01
8173,Ｊｏｓｈｉｎ,プライム,小売業,100,1985-12-18
8174,日本瓦斯,プライム,小売業,100,1973-02-01
8179,ロイヤルホールディングス,プライム,小売業,100,1981-08-10
8181,東天紅,スタンダード,小売業,100,1978-10-02
8185,チヨダ,プライム,小売業,100,1985-07-12
8194,ライフコーポレーション,プライム,小売業,100,1983-11-01
8198,マックスバリュ東海,スタンダード,小売業,100,2004-07-30
8200,リンガーハット,プライム,小売業,100,1998-07-07
8202,ラオックスホールディングス,スタンダード,小売業,100,1999-12-16
8203,ＭｒＭａｘＨＤ,プライム,小売業,100,1994-12-16
8207,テンアライド,スタンダード,小売業,100,1992-12-17
8214,ＡＯＫＩホールディングス,プライム,小売業,100,1989-05-30
8217,オークワ,プライム,小売業,100,2001-03-07
8218,コメリ,プライム,小売業,100,1994-09-01
8219,青山商事,プライム,小売業,100,1990-12-12
8225,タカチホ,スタンダード,卸売業,100,2013-07-16
8226,理経,スタンダード,卸売業,100,1988-12-19
8227,しまむら,プライム,小売業,100,1988-12-23
8230,はせがわ,スタンダード,小売業,100,2012-03-29
8233,高島屋,プライム,小売業,100,1949-05-16
8237,松屋,プライム,小売業,100,1961-10-02
8242,エイチ・ツー・オー　リテイリング,プライム,小売業,100,1962-09-21
8244,近鉄百貨店,スタンダード,小売業,100,2013-07-16
8247,大和,スタンダード,小売業,100,2000-03-01
8252,丸井グループ,プライム,小売業,100,1963-04-01
8253,クレディセゾン,プライム,その他金融業,100,1963-07-02
8254,さいか屋,スタンダード,小売業,100,1964-08-10
8255,アクシアル　リテイリング,プライム,小売業,100,2000-03-01
8260,井筒屋,スタンダード,小売業,100,1972-09-01
8267,イオン,プライム,小売業,100,1974-09-10
8273,イズミ,プライム,小売業,100,1987-12-07
8275,フォーバル,スタンダード,卸売業,100,2013-07-16
8276,平和堂,プライム,小売業,100,1990-11-26
8278,フジ,プライム,小売業,100,1997-08-01
8281,ゼビオホールディングス,プライム,小売業,100,1990-05-11
8282,ケーズホールディングス,プライム,小売業,100,2001-02-20
8283,ＰＡＬＴＡＣ,プライム,卸売業,100,2010-03-18
8285,三谷産業,スタンダード,卸売業,100,2014-02-17
8289,Ｏｌｙｍｐｉｃグループ,スタンダード,小売業,100,1996-12-24
8291,日産東京販売ホールディングス,スタンダード,小売業,100,1957-10-01
8303,ＳＢＩ新生銀行,プライム,銀行業,100,2025-12-17
8304,あおぞら銀行,プライム,銀行業,100,2006-11-14
8306,三菱ＵＦＪフィナンシャル・グループ,プライム,銀行業,100,2001-04-01
8308,りそなホールディングス,プライム,銀行業,100,2001-12-11
8309,三井住友トラストグループ,プライム,銀行業,100,2002-01-31
8316,三井住友フィナンシャルグループ,プライム,銀行業,100,2002-12-01
8331,千葉銀行,プライム,銀行業,100,1970-10-01
8334,群馬銀行,プライム,銀行業,100,1969-04-01
8336,武蔵野銀行,プライム,銀行業,100,1969-10-01
8337,千葉興業銀行,プライム,銀行業,100,1972-09-01
8338,筑波銀行,プライム,銀行業,100,1974-04-13
8341,七十七銀行,プライム,銀行業,100,1972-10-02
8343,秋田銀行,プライム,銀行業,100,1973-04-02
8344,山形銀行,プライム,銀行業,100,1973-10-15
8345,岩手銀行,プライム,銀行業,100,1973-04-02
8346,東邦銀行,プライム,銀行業,100,1973-04-02
8349,東北銀行,スタンダード,銀行業,100,1997-03-14
8354,ふくおかフィナンシャルグループ,プライム,銀行業,100,2007-04-02
8358,スルガ銀行,プライム,銀行業,100,1963-11-15
8359,八十二長野銀行,プライム,銀行業,100,1971-10-01
8360,山梨中央銀行,プライム,銀行業,100,1972-10-02
8361,大垣共立銀行,プライム,銀行業,100,1973-10-11
8362,福井銀行,プライム,銀行業,100,1972-10-02
8364,清水銀行,プライム,銀行業,100,1983-10-26
8365,富山銀行,スタンダード,銀行業,100,2014-10-02
8366,滋賀銀行,プライム,銀行業,100,1987-10-01
8367,南都銀行,プライム,銀行業,100,1987-12-01
8368,百五銀行,プライム,銀行業,100,1973-04-02
8370,紀陽銀行,プライム,銀行業,100,2013-10-01
8377,ほくほくフィナンシャルグループ,プライム,銀行業,100,2003-09-26
8381,山陰合同銀行,プライム,銀行業,100,1985-10-01
8383,鳥取銀行,スタンダード,銀行業,100,2000-03-01
8386,百十四銀行,プライム,銀行業,100,1972-10-02
8387,四国銀行,プライム,銀行業,100,1973-04-02
8388,阿波銀行,プライム,銀行業,100,1973-04-02
8392,大分銀行,プライム,銀行業,100,1973-04-02
8393,宮崎銀行,プライム,銀行業,100,1986-10-01
8395,佐賀銀行,プライム,銀行業,100,1985-10-01
8399,琉球銀行,プライム,銀行業,100,1983-10-11
8410,セブン銀行,プライム,銀行業,100,2011-12-26
8411,みずほフィナンシャルグループ,プライム,銀行業,100,2003-03-12
8416,高知銀行,スタンダード,銀行業,100,2006-03-01
8418,山口フィナンシャルグループ,プライム,銀行業,100,2006-10-02
8424,芙蓉総合リース,プライム,その他金融業,100,2004-12-07
8425,みずほリース,プライム,その他金融業,100,2004-10-07
8439,東京センチュリー,プライム,その他金融業,100,2003-09-18
8473,ＳＢＩホールディングス,プライム,証券、商品先物取引業,100,2002-02-15
8508,Ｊトラスト,スタンダード,その他金融業,100,2013-07-16
8511,日本証券金融,プライム,その他金融業,100,1950-04-24
8518,日本アジア投資,スタンダード,証券、商品先物取引業,100,2008-06-16
8522,名古屋銀行,プライム,銀行業,100,1988-11-16
8524,北洋銀行,プライム,銀行業,100,2012-10-01
8537,大光銀行,スタンダード,銀行業,100,2008-02-25
8541,愛媛銀行,プライム,銀行業,100,1985-12-02
8542,トマト銀行,スタンダード,銀行業,100,2000-03-01
8544,京葉銀行,プライム,銀行業,100,1973-04-02
8550,栃木銀行,プライム,銀行業,100,1982-10-01
8551,北日本銀行,プライム,銀行業,100,1982-12-15
8558,東和銀行,プライム,銀行業,100,1990-02-01
8562,福島銀行,スタンダード,銀行業,100,1992-10-22
8563,大東銀行,スタンダード,銀行業,100,1992-12-10
8566,リコーリース,プライム,その他金融業,100,1996-01-30
8570,イオンフィナンシャルサービス,プライム,その他金融業,100,1996-12-02
8572,アコム,スタンダード,その他金融業,100,1994-12-15
8584,ジャックス,プライム,その他金融業,100,1976-11-04
8585,オリエントコーポレーション,プライム,その他金融業,100,1977-10-01
8591,オリックス,プライム,その他金融業,100,1971-04-10
8593,三菱ＨＣキャピタル,プライム,その他金融業,100,1985-03-18
8595,ジャフコ　グループ,プライム,証券、商品先物取引業,100,2001-01-29
8596,九州リースサービス,スタンダード,その他金融業,100,2016-11-25
8600,トモニホールディングス,プライム,銀行業,100,2010-04-01
8601,大和証券グループ本社,プライム,証券、商品先物取引業,100,1961-10-02
8604,野村ホールディングス,プライム,証券、商品先物取引業,100,1961-10-02
8609,岡三証券グループ,プライム,証券、商品先物取引業,100,1973-06-01
8613,丸三証券,プライム,証券、商品先物取引業,100,1986-05-01
8614,東洋証券,プライム,証券、商品先物取引業,100,1986-06-03
8616,東海東京フィナンシャル・ホールディングス,プライム,証券、商品先物取引業,100,1987-06-01
8617,光世証券,スタンダード,証券、商品先物取引業,100,1991-02-25
8622,水戸証券,プライム,証券、商品先物取引業,100,1989-04-21
8624,いちよし証券,プライム,証券、商品先物取引業,100,1989-04-27
8628,松井証券,プライム,証券、商品先物取引業,100,2001-08-01
8630,ＳＯＭＰＯホールディングス,プライム,保険業,100,2010-04-01
8697,日本取引所グループ,プライム,その他金融業,100,2013-01-04
8698,マネックスグループ,プライム,証券、商品先物取引業,100,2004-08-02
8699,ＨＳホールディングス,スタンダード,証券、商品先物取引業,100,2013-07-16
8700,丸八証券,スタンダード,証券、商品先物取引業,100,2013-07-16
8704,トレイダーズホールディングス,スタンダード,証券、商品先物取引業,100,2013-07-16
8705,日産証券グループ,スタンダード,証券、商品先物取引業,100,2013-07-16
8706,極東証券,プライム,証券、商品先物取引業,100,2005-04-20
8707,岩井コスモホールディングス,プライム,証券、商品先物取引業,100,2006-02-08
8708,アイザワ証券グループ,プライム,証券、商品先物取引業,100,2013-07-16
8713,フィデアホールディングス,プライム,銀行業,100,2009-10-01
8714,池田泉州ホールディングス,プライム,銀行業,100,2009-10-01
8715,アニコム　ホールディングス,プライム,保険業,100,2010-03-03
8725,ＭＳ＆ＡＤインシュアランスグループホールディングス,プライム,保険業,100,2008-04-01
8729,ソニーフィナンシャルグループ,プライム,保険業,100,2025-09-29
8737,あかつき本社,スタンダード,証券、商品先物取引業,100,2013-07-16
8739,スパークス・グループ,プライム,証券、商品先物取引業,100,2013-07-16
8742,小林洋行,スタンダード,証券、商品先物取引業,100,2000-03-15
8746,ｕｎｂａｎｋｅｄ,スタンダード,証券、商品先物取引業,100,2013-07-16
8747,豊トラスティ証券,スタンダード,証券、商品先物取引業,100,2013-07-16
8750,第一ライフグループ,プライム,保険業,100,2010-04-01
8766,東京海上ホールディングス,プライム,保険業,100,2002-04-01
8769,アドバンテッジリスクマネジメント,スタンダード,サービス業,100,2013-07-16
8771,イー・ギャランティ,プライム,その他金融業,100,2011-12-16
8772,アサックス,スタンダード,その他金融業,100,2007-02-14
8783,ａｂｃ,スタンダード,その他金融業,100,2013-07-16
8789,フィンテック　グローバル,スタンダード,その他金融業,100,2005-06-08
8793,ＮＥＣキャピタルソリューション,プライム,その他金融業,100,2005-02-10
8795,Ｔ＆Ｄホールディングス,プライム,保険業,100,2004-04-01
8798,アドバンスクリエイト,プライム,保険業,100,2013-07-16
8801,三井不動産,プライム,不動産業,100,1949-05-30
8802,三菱地所,プライム,不動産業,100,1953-05-11
8803,平和不動産,プライム,不動産業,100,1949-05-16
8804,東京建物,プライム,不動産業,100,1949-05-16
8818,京阪神ビルディング,プライム,不動産業,100,2003-03-24
8830,住友不動産,プライム,不動産業,100,1970-10-01
8835,太平洋興発,スタンダード,卸売業,100,1949-05-16
8836,ＲＩＳＥ,スタンダード,不動産業,100,2013-07-16
8841,テーオーシー,スタンダード,不動産業,100,1983-12-19
8844,コスモスイニシア,スタンダード,不動産業,100,2013-07-16
8848,レオパレス２１,プライム,不動産業,100,2004-03-25
8850,スターツコーポレーション,プライム,不動産業,100,2013-07-16
8860,フジ住宅,プライム,不動産業,100,2003-12-12
8864,空港施設,スタンダード,不動産業,100,1995-12-21
8869,明和地所,スタンダード,不動産業,100,1996-09-18
8871,ゴールドクレスト,スタンダード,不動産業,100,1999-07-23
8876,リログループ,プライム,サービス業,100,2010-06-14
8877,エスリード,プライム,不動産業,100,2001-11-16
8881,日神グループホールディングス,プライム,不動産業,100,2000-06-27
8887,シーラホールディングス,スタンダード,不動産業,100,2013-07-16
8891,ＡＭＧホールディングス,スタンダード,不動産業,100,2002-12-10
8892,エスコン,プライム,不動産業,100,2013-07-16
8894,ＲＥＶＯＬＵＴＩＯＮ,スタンダード,不動産業,100,2013-07-16
8897,ＭＩＲＡＲＴＨホールディングス,プライム,不動産業,100,2003-04-04
8898,センチュリー２１・ジャパン,スタンダード,不動産業,100,2013-07-16
8904,ＡＶＡＮＴＩＡ,スタンダード,不動産業,100,2002-07-23
8908,毎日コムネット,スタンダード,不動産業,100,2013-07-16
8912,エリアクエスト,スタンダード,不動産業,100,2003-02-06
8914,エリアリンク,スタンダード,不動産業,100,2003-08-08
8917,ファースト住建,スタンダード,不動産業,100,2013-07-16
8918,ランド,スタンダード,不動産業,100,2007-02-14
8919,カチタス,プライム,不動産業,100,2017-12-12
8920,東祥,スタンダード,サービス業,100,2013-03-15
8923,トーセイ,プライム,不動産業,100,2006-11-22
8927,明豊エンタープライズ,スタンダード,不動産業,100,2013-07-16
8928,穴吹興産,スタンダード,不動産業,100,2013-07-16
8929,青山財産ネットワークス,スタンダード,不動産業,100,2004-07-15
8931,和田興産,スタンダード,不動産業,100,2013-07-16
8934,サンフロンティア不動産,プライム,不動産業,100,2007-02-26
8935,ＦＪネクストホールディングス,プライム,不動産業,100,2007-03-09
8938,グローム・ホールディングス,グロース,不動産業,100,2013-07-16
8944,ランドビジネス,スタンダード,不動産業,100,2006-09-13
8945,サンネクスタグループ,スタンダード,不動産業,100,2005-09-02
8946,ＡＳＩＡＮ　ＳＴＡＲ,スタンダード,不動産業,100,2013-07-16
8995,誠建設工業,スタンダード,不動産業,100,2013-07-16
8996,ハウスフリーダム,スタンダード,不動産業,100,2022-12-23
8999,グランディハウス,プライム,不動産業,100,2005-12-06
9001,東武鉄道,プライム,陸運業,100,1949-05-16
9003,相鉄ホールディングス,プライム,陸運業,100,1949-05-16
9005,東急,プライム,陸運業,100,1949-05-16
9006,京浜急行電鉄,プライム,陸運業,100,1949-05-16
9007,小田急電鉄,プライム,陸運業,100,1949-05-16
9008,京王電鉄,プライム,陸運業,100,1949-05-16
9009,京成電鉄,プライム,陸運業,100,1949-05-16
9010,富士急行,プライム,陸運業,100,1950-09-25
9012,秩父鉄道,スタンダード,陸運業,100,2013-07-16
9017,新潟交通,スタンダード,陸運業,100,2000-03-01
9020,東日本旅客鉄道,プライム,陸運業,100,1993-10-26
9021,西日本旅客鉄道,プライム,陸運業,100,1996-10-08
9022,東海旅客鉄道,プライム,陸運業,100,1997-10-08
9023,東京地下鉄,プライム,陸運業,100,2024-10-23
9024,西武ホールディングス,プライム,陸運業,100,2014-04-23
9025,鴻池運輸,プライム,陸運業,100,2013-03-15
9028,ゼロ,スタンダード,陸運業,100,2005-08-02
9029,ヒガシホールディングス,スタンダード,陸運業,100,2011-09-15
9031,西日本鉄道,プライム,陸運業,100,1949-05-16
9033,広島電鉄,スタンダード,陸運業,100,2000-03-01
9034,南総通運,スタンダード,陸運業,100,2013-07-16
9036,東部ネットワーク,スタンダード,陸運業,100,2013-07-16
9037,ハマキョウレックス,プライム,陸運業,100,2001-02-21
9039,サカイ引越センター,プライム,陸運業,100,2006-03-16
9041,近鉄グループホールディングス,プライム,陸運業,100,1949-05-16
9042,阪急阪神ホールディングス,プライム,陸運業,100,1949-05-16
9044,ＮＡＮＫＡＩ,プライム,陸運業,100,2008-03-21
9045,京阪ホールディングス,プライム,陸運業,100,2006-03-22
9046,神戸電鉄,スタンダード,陸運業,100,2013-07-16
9048,名古屋鉄道,プライム,陸運業,100,1954-12-16
9049,京福電気鉄道,スタンダード,陸運業,100,2013-07-16
9051,センコン物流,スタンダード,陸運業,100,2013-07-16
9052,山陽電気鉄道,プライム,陸運業,100,2013-07-16
9057,遠州トラック,スタンダード,陸運業,100,2013-07-16
9059,カンダホールディングス,スタンダード,陸運業,100,2004-03-24
9060,日本ロジテム,スタンダード,陸運業,100,2013-07-16
9063,岡山県貨物運送,スタンダード,陸運業,100,2000-03-01
9064,ヤマトホールディングス,プライム,陸運業,100,1949-05-16
9065,山九,プライム,陸運業,100,1962-03-01
9067,丸運,スタンダード,陸運業,100,1961-10-02
9068,丸全昭和運輸,プライム,陸運業,100,1961-10-02
9069,センコーグループホールディングス,プライム,陸運業,100,1990-02-21
9072,ニッコンホールディングス,プライム,陸運業,100,1970-08-01
9073,京極運輸商事,スタンダード,陸運業,100,2013-07-16
9074,日本石油輸送,スタンダード,陸運業,100,1967-04-12
9075,福山通運,プライム,陸運業,100,1970-11-02
9076,セイノーホールディングス,プライム,陸運業,100,1972-11-01
9081,神奈川中央交通,プライム,陸運業,100,1949-05-16
9082,大和自動車交通,スタンダード,陸運業,100,1949-05-16
9083,神姫バス,スタンダード,陸運業,100,2013-07-16
9087,タカセ,スタンダード,陸運業,100,2013-07-16
9090,ＡＺ－ＣＯＭ丸和ホールディングス,プライム,陸運業,100,2014-04-08
9101,日本郵船,プライム,海運業,100,1949-05-16
9104,商船三井,プライム,海運業,100,1949-07-09
9107,川崎汽船,プライム,海運業,100,1950-01-04
9110,ＮＳユナイテッド海運,プライム,海運業,100,1951-01-23
9115,明海グループ,スタンダード,海運業,100,1949-07-26
9119,飯野海運,プライム,海運業,100,1949-05-16
9127,玉井商船,スタンダード,海運業,100,2013-07-16
9130,共栄タンカー,スタンダード,海運業,100,1961-10-02
9142,九州旅客鉄道,プライム,陸運業,100,2016-10-25
9143,ＳＧホールディングス,プライム,陸運業,100,2017-12-13
9145,ビーイングホールディングス,スタンダード,陸運業,100,2020-12-15
9147,ＮＩＰＰＯＮ　ＥＸＰＲＥＳＳホールディングス,プライム,陸運業,100,2022-01-04
9158,シーユーシー,グロース,サービス業,100,2023-06-21
9159,Ｗ　ＴＯＫＹＯ,グロース,サービス業,100,2023-06-29
9160,オンザページ,スタンダード,サービス業,100,2023-06-30
9162,ブリーチ,グロース,サービス業,100,2023-07-05
9163,ナレルグループ,グロース,サービス業,100,2023-07-21
9165,クオルテック,グロース,サービス業,100,2023-07-28
9166,ＧＥＮＤＡ,グロース,サービス業,100,2023-07-28
9168,ライズ・コンサルティング・グループ,グロース,サービス業,100,2023-09-12
9171,栗林商船,スタンダード,海運業,100,1950-04-24
9173,東海汽船,スタンダード,海運業,100,1949-05-16
9193,東京汽船,スタンダード,倉庫・運輸関連業,100,1962-09-21
9201,日本航空,プライム,空運業,100,2012-09-19
9202,ＡＮＡホールディングス,プライム,空運業,100,1975-07-21
9204,スカイマーク,グロース,空運業,100,2022-12-14
9206,スターフライヤー,スタンダード,空運業,100,2011-12-21
9211,エフ・コード,グロース,サービス業,100,2021-12-24
9212,Ｇｒｅｅｎ　Ｅａｒｔｈ　Ｉｎｓｔｉｔｕｔｅ,グロース,サービス業,100,2021-12-24
9213,セイファート,スタンダード,サービス業,100,2022-02-04
9214,Ｒｅｃｏｖｅｒｙ　Ｉｎｔｅｒｎａｔｉｏｎａｌ,グロース,サービス業,100,2022-02-03
9215,ＣａＳｙ,グロース,サービス業,100,2022-02-22
9216,ビーウィズ,プライム,サービス業,100,2022-03-02
9218,メンタルヘルステクノロジーズ,グロース,サービス業,100,2022-03-28
9219,ギックス,グロース,サービス業,100,2022-03-30
9220,エフビー介護サービス,スタンダード,サービス業,100,2022-04-07
9221,フルハシＥＰＯ,スタンダード,サービス業,100,2022-04-21
9223,ＡＳＮＯＶＡ,グロース,サービス業,100,2023-12-25
9225,ブリッジコンサルティンググループ,グロース,サービス業,100,2023-06-26
9227,マイクロ波化学,グロース,サービス業,100,2022-06-24
9229,サンウェルズ,プライム,サービス業,100,2022-06-27
9233,アジア航測,スタンダード,空運業,100,1964-02-17
9235,売れるネット広告社グループ,グロース,サービス業,100,2023-10-23
9236,ジャパンＭ＆Ａソリューション,グロース,サービス業,100,2023-10-24
9237,笑美面,グロース,サービス業,100,2023-10-26
9238,バリュークリエーション,グロース,サービス業,100,2023-11-22
9240,デリバリーコンサルティング,グロース,サービス業,100,2021-07-29
9241,フューチャーリンクネットワーク,グロース,サービス業,100,2021-08-20
9242,メディア総研,グロース,サービス業,100,2021-09-02
9244,デジタリフト,グロース,サービス業,100,2021-09-28
9245,リベロ,グロース,サービス業,100,2021-09-28
9246,プロジェクトホールディングス,グロース,サービス業,100,2021-09-29
9247,ＴＲＥホールディングス,プライム,サービス業,100,2021-10-01
9248,人・夢・技術グループ,スタンダード,サービス業,100,2021-10-01
9249,日本エコシステム,スタンダード,サービス業,100,2021-10-08
9250,ＧＲＣＳ,グロース,サービス業,100,2021-11-18
9251,ＡＢ＆Ｃｏｍｐａｎｙ,グロース,サービス業,100,2021-11-19
9252,ラストワンマイル,グロース,サービス業,100,2021-11-24
9253,スローガン,グロース,サービス業,100,2021-11-25
9254,ラバブルマーケティンググループ,グロース,サービス業,100,2021-12-21
9256,サクシード,グロース,サービス業,100,2021-12-22
9258,ＣＳ－Ｃ,グロース,サービス業,100,2021-12-24
9259,タカヨシホールディングス,グロース,サービス業,100,2021-12-24
9262,シルバーライフ,スタンダード,小売業,100,2017-10-25
9264,ポエック,スタンダード,卸売業,100,2017-11-28
9265,ヤマシタヘルスケアホールディングス,スタンダード,卸売業,100,2017-12-01
9267,Ｇｅｎｋｙ　ＤｒｕｇＳｔｏｒｅｓ,プライム,小売業,100,2017-12-21
9268,オプティマスグループ,スタンダード,卸売業,100,2017-12-26
9270,バリュエンスホールディングス,グロース,卸売業,100,2018-03-22
9271,和心,グロース,小売業,100,2018-03-29
9272,ブティックス,グロース,サービス業,100,2018-04-03
9273,コーア商事ホールディングス,プライム,卸売業,100,2018-06-21
9274,ＫＰＰグループホールディングス,プライム,卸売業,100,2018-06-26
9278,ブックオフグループホールディングス,プライム,小売業,100,2018-10-01
9279,ギフトホールディングス,プライム,小売業,100,2018-10-19
9301,三菱倉庫,プライム,倉庫・運輸関連業,100,1949-05-16
9302,三井倉庫ホールディングス,プライム,倉庫・運輸関連業,100,1950-04-21
9303,住友倉庫,プライム,倉庫・運輸関連業,100,1950-10-02
9304,澁澤倉庫,プライム,倉庫・運輸関連業,100,1950-12-18
9305,ヤマタネ,プライム,卸売業,100,1950-10-20
9306,東陽倉庫,スタンダード,倉庫・運輸関連業,100,2000-02-15
9307,杉村倉庫,スタンダード,倉庫・運輸関連業,100,2013-07-16
9308,乾汽船,スタンダード,海運業,100,1961-10-02
9310,日本トランスシティ,プライム,倉庫・運輸関連業,100,1961-10-02
9311,アサガミ,スタンダード,倉庫・運輸関連業,100,1961-10-02
9312,ケイヒン,スタンダード,倉庫・運輸関連業,100,1962-09-15
9313,丸八倉庫,スタンダード,倉庫・運輸関連業,100,1963-01-17
9319,中央倉庫,プライム,倉庫・運輸関連業,100,2013-07-16
9322,川西倉庫,スタンダード,倉庫・運輸関連業,100,2013-07-16
9324,安田倉庫,プライム,倉庫・運輸関連業,100,1999-06-09
9325,ファイズホールディングス,スタンダード,倉庫・運輸関連業,100,2017-03-15
9326,関通ホールディングス,グロース,倉庫・運輸関連業,100,2020-03-19
9327,イー・ロジット,スタンダード,倉庫・運輸関連業,100,2021-03-26
9330,揚羽,グロース,サービス業,100,2023-09-21
9331,キャスター,グロース,サービス業,100,2023-10-04
9332,ＮＩＳＳＯホールディングス,プライム,サービス業,100,2023-10-02
9336,大栄環境,プライム,サービス業,100,2022-12-14
9337,トリドリ,グロース,サービス業,100,2022-12-19
9338,ＩＮＦＯＲＩＣＨ,グロース,サービス業,100,2022-12-20
9339,コーチ・エィ,スタンダード,サービス業,100,2022-12-22
9340,アソインターナショナル,スタンダード,サービス業,100,2022-12-23
9341,ＧＥＮＯＶＡ,プライム,サービス業,100,2022-12-23
9342,スマサポ,グロース,サービス業,100,2022-12-29
9343,アイビス,グロース,サービス業,100,2023-03-23
9344,アクシスコンサルティング,グロース,サービス業,100,2023-03-28
9345,ビズメイツ,グロース,サービス業,100,2023-03-30
9346,ココルポート,グロース,サービス業,100,2023-03-31
9347,日本管財ホールディングス,プライム,サービス業,100,2023-04-03
9348,ｉｓｐａｃｅ,グロース,サービス業,100,2023-04-12
9351,東洋埠頭,スタンダード,倉庫・運輸関連業,100,1949-05-16
9353,櫻島埠頭,スタンダード,倉庫・運輸関連業,100,2013-07-16
9355,リンコーコーポレーション,スタンダード,倉庫・運輸関連業,100,1961-10-02
9360,鈴与シンワート,スタンダード,情報・通信業,100,1963-06-10
9361,伏木海陸運送,スタンダード,倉庫・運輸関連業,100,1963-07-17
9362,兵機海運,スタンダード,倉庫・運輸関連業,100,2013-07-16
9363,大運,スタンダード,倉庫・運輸関連業,100,2013-07-16
9364,上組,プライム,倉庫・運輸関連業,100,1971-03-29
9365,トレーディア,スタンダード,倉庫・運輸関連業,100,2013-07-16
9366,サンリツ,スタンダード,倉庫・運輸関連業,100,1999-03-25
9367,大東港運,スタンダード,倉庫・運輸関連業,100,2013-07-16
9368,キムラユニティー,スタンダード,倉庫・運輸関連業,100,2001-10-19
9369,キユーソー流通システム,スタンダード,倉庫・運輸関連業,100,1995-09-28
9376,ユーラシア旅行社,スタンダード,サービス業,100,2013-07-16
9380,東海運,スタンダード,倉庫・運輸関連業,100,2006-03-01
9381,エーアイテイー,プライム,倉庫・運輸関連業,100,2007-03-15
9385,ショーエイコーポレーション,スタンダード,化学,100,2013-07-16
9401,ＴＢＳホールディングス,プライム,情報・通信業,100,1960-10-10
9404,日本テレビホールディングス,プライム,情報・通信業,100,1959-09-15
9405,朝日放送グループホールディングス,プライム,情報・通信業,100,2013-07-16
9408,ＢＳＮメディアホールディングス,スタンダード,情報・通信業,100,2013-07-16
9409,テレビ朝日ホールディングス,プライム,情報・通信業,100,2000-10-03
9412,スカパーＪＳＡＴ,プライム,情報・通信業,100,2007-04-02
9413,テレビ東京ホールディングス,プライム,情報・通信業,100,2010-10-01
9414,日本ＢＳ放送,スタンダード,情報・通信業,100,2014-03-12
9416,ビジョン,プライム,情報・通信業,100,2015-12-21
9417,スマートバリュー,スタンダード,情報・通信業,100,2015-06-16
9418,Ｕ－ＮＥＸＴ　ＨＯＬＤＩＮＧＳ,プライム,情報・通信業,100,2014-12-16
9419,ワイヤレスゲート,スタンダード,情報・通信業,100,2012-07-19
9421,エヌジェイホールディングス,スタンダード,情報・通信業,100,2013-07-16
9423,フォーバル・リアルストレート,スタンダード,情報・通信業,100,2013-07-16
9424,日本通信,プライム,情報・通信業,100,2013-07-16
9425,ＲｅＹｕｕ　Ｊａｐａｎ,スタンダード,情報・通信業,100,2013-07-16
9428,クロップス,スタンダード,情報・通信業,100,2013-03-15
9432,ＮＴＴ,プライム,情報・通信業,100,1987-02-09
9433,ＫＤＤＩ,プライム,情報・通信業,100,1993-09-03
9434,ソフトバンク,プライム,情報・通信業,100,2018-12-19
9435,光通信,プライム,情報・通信業,100,1999-09-02
9436,沖縄セルラー電話,スタンダード,情報・通信業,100,2013-07-16
9438,エムティーアイ,プライム,情報・通信業,100,2013-07-16
9439,エム・エイチ・グループ,スタンダード,サービス業,100,2013-07-16
9441,ベルパーク,スタンダード,情報・通信業,100,2013-07-16
9444,トーシンホールディングス,スタンダード,情報・通信業,100,2013-07-16
9445,フォーバルテレコム,スタンダード,情報・通信業,100,2000-11-28
9446,サカイホールディングス,スタンダード,情報・通信業,100,2013-07-16
9449,ＧＭＯインターネットグループ,プライム,情報・通信業,100,2004-02-27
9450,ファイバーゲート,スタンダード,情報・通信業,100,2018-03-23
9466,アイドママーケティングコミュニケーション,スタンダード,情報・通信業,100,2016-03-18
9467,アルファポリス,グロース,情報・通信業,100,2014-10-30
9468,ＫＡＤＯＫＡＷＡ,プライム,情報・通信業,100,2014-10-01
9470,学研ホールディングス,プライム,情報・通信業,100,1982-08-16
9474,ゼンリン,プライム,情報・通信業,100,1996-09-13
9475,昭文社ホールディングス,スタンダード,情報・通信業,100,1999-03-05
9476,中央経済社ホールディングス,スタンダード,情報・通信業,100,2013-07-16
9478,ＳＥホールディングス・アンド・インキュベーションズ,スタンダード,情報・通信業,100,2013-07-16
9501,東京電力ホールディングス,プライム,電気・ガス業,100,1951-08-24
9502,中部電力,プライム,電気・ガス業,100,1951-08-24
9503,関西電力,プライム,電気・ガス業,100,1951-08-24
9504,中国電力,プライム,電気・ガス業,100,1952-11-01
9505,北陸電力,プライム,電気・ガス業,100,1952-12-20
9506,東北電力,プライム,電気・ガス業,100,1951-10-01
9507,四国電力,プライム,電気・ガス業,100,1954-05-20
9508,九州電力,プライム,電気・ガス業,100,1953-02-02
9509,北海道電力,プライム,電気・ガス業,100,1953-02-02
9511,沖縄電力,プライム,電気・ガス業,100,1992-02-10
9513,電源開発,プライム,電気・ガス業,100,2004-10-06
9514,エフオン,スタンダード,電気・ガス業,100,2005-03-04
9517,イーレックス,プライム,電気・ガス業,100,2014-12-22
9519,レノバ,プライム,電気・ガス業,100,2017-02-23
9531,東京瓦斯,プライム,電気・ガス業,100,1949-05-16
9532,大阪瓦斯,プライム,電気・ガス業,100,1949-05-16
9533,東邦瓦斯,プライム,電気・ガス業,100,1949-05-16
9534,北海道瓦斯,プライム,電気・ガス業,100,1949-05-16
9535,広島ガス,プライム,電気・ガス業,100,2000-03-01
9536,西部ガスホールディングス,プライム,電気・ガス業,100,1974-01-11
9537,北陸瓦斯,スタンダード,電気・ガス業,100,2000-03-01
9539,京葉瓦斯,スタンダード,電気・ガス業,100,1962-08-08
9543,静岡ガス,プライム,電気・ガス業,100,2001-12-07
9551,メタウォーター,プライム,電気・ガス業,100,2014-12-19
9552,クオンツ総研ホールディングス,プライム,サービス業,100,2022-06-28
9553,マイクロアド,グロース,サービス業,100,2022-06-29
9554,ＡＶｉＣ,グロース,サービス業,100,2022-06-30
9556,ＩＮＴＬＯＯＰ,グロース,サービス業,100,2022-07-08
9557,エアークローゼット,グロース,サービス業,100,2022-07-29
9558,ジャパニアス,グロース,サービス業,100,2022-09-13
9560,プログリット,グロース,サービス業,100,2022-09-29
9561,グラッドキューブ,グロース,サービス業,100,2022-09-28
9562,ビジネスコーチ,グロース,サービス業,100,2022-10-20
9563,Ａｔｌａｓ　Ｔｅｃｈｎｏｌｏｇｉｅｓ,グロース,サービス業,100,2022-10-26
9564,ＦＣＥ,スタンダード,サービス業,100,2022-10-27
9565,ＧＬＯＥ,グロース,サービス業,100,2022-11-30
9601,松竹,プライム,情報・通信業,100,1949-05-16
9602,東宝,プライム,情報・通信業,100,1949-05-16
9603,エイチ・アイ・エス,プライム,サービス業,100,2002-12-11
9605,東映,プライム,情報・通信業,100,1952-11-28
9610,ウィルソン・ラーニング　ワールドワイド,スタンダード,サービス業,100,2013-07-16
9612,ラックランド,プライム,サービス業,100,2005-03-08
9616,共立メンテナンス,プライム,サービス業,100,1999-03-24
9619,イチネンホールディングス,プライム,サービス業,100,2003-04-25
9621,建設技術研究所,プライム,サービス業,100,1996-10-22
9622,スペース,プライム,サービス業,100,1999-09-02
9625,セレスポ,スタンダード,サービス業,100,2013-07-16
9627,アインホールディングス,プライム,小売業,100,2009-04-02
9628,燦ホールディングス,プライム,サービス業,100,2000-12-07
9629,ピー・シー・エー,プライム,情報・通信業,100,2000-02-21
9632,スバル興業,スタンダード,サービス業,100,1949-05-16
9633,東京テアトル,スタンダード,不動産業,100,1949-05-16
9635,武蔵野興業,スタンダード,サービス業,100,1949-08-22
9636,きんえい,スタンダード,サービス業,100,2013-07-16
9639,三協フロンテア,スタンダード,サービス業,100,2013-07-16
9640,セゾンテクノロジー,スタンダード,情報・通信業,100,2013-07-16
9644,タナベコンサルティンググループ,プライム,サービス業,100,2013-07-16
9647,協和コンサルタンツ,スタンダード,サービス業,100,2013-07-16
9651,日本プロセス,スタンダード,情報・通信業,100,2013-07-16
9656,グリーンランドリゾート,スタンダード,サービス業,100,2013-07-16
9658,ビジネスブレイン太田昭和,プライム,情報・通信業,100,2013-07-16
9661,歌舞伎座,スタンダード,サービス業,100,1952-07-01
9663,ナガワ,プライム,サービス業,100,2013-07-16
9672,東京都競馬,プライム,サービス業,100,1955-09-10
9678,カナモト,プライム,サービス業,100,1996-03-28
9679,ホウライ,スタンダード,サービス業,100,2013-07-16
9682,ＤＴＳ,プライム,情報・通信業,100,1997-09-11
9684,スクウェア・エニックス・ホールディングス,プライム,情報・通信業,100,1999-08-18
9685,ＫＹＣＯＭホールディングス,スタンダード,情報・通信業,100,2013-07-16
9686,東洋テック,スタンダード,サービス業,100,2013-07-16
9687,ＫＳＫ,スタンダード,情報・通信業,100,2013-07-16
9691,両毛システムズ,スタンダード,情報・通信業,100,2013-07-16
9692,シーイーシー,プライム,情報・通信業,100,1990-11-02
9697,カプコン,プライム,情報・通信業,100,2000-10-18
9698,クレオ,スタンダード,情報・通信業,100,2013-07-16
9699,ニシオホールディングス,プライム,サービス業,100,2013-07-16
9701,東京會舘,スタンダード,サービス業,100,1949-05-16
9702,アイ・エス・ビー,プライム,情報・通信業,100,2008-01-16
9704,アゴーラ　ホスピタリティー　グループ,スタンダード,サービス業,100,1949-05-16
9706,日本空港ビルデング,プライム,不動産業,100,1990-02-08
9708,帝国ホテル,スタンダード,サービス業,100,1961-10-02
9709,ＮＣＳ＆Ａ,スタンダード,情報・通信業,100,2013-07-16
9713,ロイヤルホテル,スタンダード,サービス業,100,2013-07-16
9715,トランス・コスモス,プライム,サービス業,100,1992-10-16
9716,乃村工藝社,プライム,サービス業,100,1991-11-15
9720,ホテル、ニューグランド,スタンダード,サービス業,100,2013-07-16
9722,藤田観光,プライム,サービス業,100,1964-04-06
9723,京都ホテル,スタンダード,サービス業,100,2013-07-16
9726,ＫＮＴ－ＣＴホールディングス,スタンダード,サービス業,100,1975-07-07
9729,トーカイ,プライム,サービス業,100,2010-03-19
9731,白洋舎,スタンダード,サービス業,100,1949-05-16
9733,ナガセ,スタンダード,サービス業,100,2013-07-16
9735,セコム,プライム,サービス業,100,1974-06-24
9739,ＮＳＷ,プライム,情報・通信業,100,1999-04-27
9740,セントラル警備保障,プライム,サービス業,100,1988-12-16
9742,アイネス,プライム,情報・通信業,100,1987-02-25
9743,丹青社,プライム,サービス業,100,1987-03-18
9744,メイテックグループホールディングス,プライム,サービス業,100,1991-02-08
9746,ＴＫＣ,プライム,情報・通信業,100,1987-07-21
9753,アイエックス・ナレッジ,スタンダード,情報・通信業,100,2013-07-16
9755,応用地質,プライム,サービス業,100,1991-10-07
9757,船井総研ホールディングス,プライム,サービス業,100,2004-12-14
9759,ＮＳＤ,プライム,情報・通信業,100,1999-11-18
9760,進学会ホールディングス,スタンダード,サービス業,100,2004-02-03
9761,東海リース,スタンダード,サービス業,100,1990-02-20
9763,丸建リース,スタンダード,卸売業,100,1978-12-18
9765,オオバ,プライム,サービス業,100,1972-06-01
9766,コナミグループ,プライム,情報・通信業,100,1988-02-19
9767,日建工学,スタンダード,サービス業,100,1984-12-25
9768,いであ,スタンダード,サービス業,100,2013-07-16
9769,学究社,プライム,サービス業,100,2013-07-16
9778,昴,スタンダード,サービス業,100,2013-07-16
9780,ハリマビステム,スタンダード,サービス業,100,2013-07-16
9782,ディーエムエス,スタンダード,サービス業,100,2013-07-16
9788,ナック,プライム,サービス業,100,1997-01-28
9790,福井コンピュータホールディングス,プライム,情報・通信業,100,2006-02-10
9791,ビケンテクノ,スタンダード,サービス業,100,2002-05-22
9793,ダイセキ,プライム,サービス業,100,1999-08-05
9795,ステップ,プライム,サービス業,100,2011-09-27
9799,旭情報サービス,スタンダード,情報・通信業,100,2001-02-26
9812,テーオーホールディングス,スタンダード,小売業,100,2013-07-16
9816,ストライダーズ,スタンダード,不動産業,100,2013-07-16
9818,大丸エナウィン,スタンダード,卸売業,100,2000-10-12
9820,エムティジェネックス,スタンダード,不動産業,100,2013-07-16
9823,マミーマートホールディングス,スタンダード,小売業,100,2013-07-16
9824,泉州電業,プライム,卸売業,100,2002-11-08
9827,リリカラ,スタンダード,卸売業,100,2013-07-16
9828,Ｇｅｎｋｉ　Ｇｌｏｂａｌ　Ｄｉｎｉｎｇ　Ｃｏｎｃｅｐｔｓ,スタンダード,小売業,100,1997-11-25
9830,トラスコ中山,プライム,卸売業,100,1995-05-23
9831,ヤマダホールディングス,プライム,小売業,100,2000-09-25
9832,オートバックスセブン,プライム,卸売業,100,1993-08-17
9835,ジュンテンドー,スタンダード,小売業,100,2000-03-01
9837,モリト,プライム,卸売業,100,2013-07-16
9842,アークランズ,プライム,小売業,100,2003-02-21
9843,ニトリホールディングス,プライム,小売業,100,2002-10-28
9845,パーカーコーポレーション,スタンダード,化学,100,2005-03-23
9846,天満屋ストア,スタンダード,小売業,100,2000-03-01
9849,共同紙販ホールディングス,スタンダード,卸売業,100,2013-07-16
9850,グルメ杵屋,プライム,小売業,100,1995-07-27
9853,銀座ルノアール,スタンダード,小売業,100,2013-07-16
9854,愛眼,スタンダード,小売業,100,2000-10-30
9856,ケーユーホールディングス,スタンダード,小売業,100,1996-12-24
9857,英和,スタンダード,卸売業,100,2013-07-16
9861,吉野家ホールディングス,プライム,小売業,100,2000-11-06
9867,ソレキア,スタンダード,卸売業,100,2013-07-16
9869,加藤産業,プライム,卸売業,100,1997-07-10
9872,北恵,スタンダード,卸売業,100,2013-07-16
9876,コックス,スタンダード,小売業,100,2013-07-16
9878,セキド,スタンダード,小売業,100,2000-12-13
9880,イノテック,プライム,電気機器,100,2008-03-25
9882,イエローハット,プライム,卸売業,100,1995-12-15
9885,シャルレ,スタンダード,卸売業,100,2013-07-16
9887,松屋フーズホールディングス,プライム,小売業,100,1999-12-14
9888,ＵＥＸ,スタンダード,卸売業,100,2013-07-16
9889,ＪＢＣＣホールディングス,プライム,情報・通信業,100,1999-10-01
9890,マキヤ,スタンダード,小売業,100,2013-07-16
9895,コンセック,スタンダード,卸売業,100,2013-07-16
9896,ＪＫホールディングス,スタンダード,卸売業,100,1996-11-05
9900,サガミホールディングス,プライム,小売業,100,1996-07-01
9902,日伝,プライム,卸売業,100,2006-02-20
9903,カンセキ,スタンダード,小売業,100,2013-07-16
9904,ベリテ,スタンダード,小売業,100,1991-09-26
9906,藤井産業,スタンダード,卸売業,100,2013-07-16
9908,日本電計,スタンダード,卸売業,100,2013-07-16
9913,日邦産業,スタンダード,卸売業,100,2013-07-16
9914,植松商会,スタンダード,卸売業,100,2013-07-16
9927,ワットマン,スタンダード,小売業,100,2013-07-16
9928,ミロク情報サービス,プライム,情報・通信業,100,1997-08-28
9929,平和紙業,スタンダード,卸売業,100,2013-07-16
9930,北沢産業,スタンダード,卸売業,100,1992-09-03
9932,杉本商事,プライム,卸売業,100,2003-04-10
9934,因幡電機産業,プライム,卸売業,100,1996-09-19
9936,王将フードサービス,プライム,小売業,100,2013-07-16
9941,太洋物産,スタンダード,卸売業,100,2013-07-16
9946,ミニストップ,プライム,小売業,100,1993-07-06
9948,アークス,プライム,小売業,100,2004-03-04
9950,ハチバン,スタンダード,小売業,100,2013-07-16
9955,ヨンキュウ,スタンダード,卸売業,100,2013-07-16
9956,バローホールディングス,プライム,小売業,100,2003-12-02
9959,アシードホールディングス,スタンダード,小売業,100,2001-02-26
9960,東テク,プライム,卸売業,100,2013-07-16
9962,ミスミグループ本社,プライム,卸売業,100,1994-01-19
9969,ショクブン,スタンダード,小売業,100,2001-05-09
9972,アルテック,スタンダード,卸売業,100,1998-09-10
9973,ＫＯＺＯホールディングス,スタンダード,小売業,100,2013-07-16
9974,ベルク,プライム,小売業,100,2008-02-22
9976,セキチュー,スタンダード,小売業,100,2013-07-16
9978,文教堂グループホールディングス,スタンダード,小売業,100,2013-07-16
9979,大庄,スタンダード,小売業,100,1997-05-08
9980,ＭＲＫホールディングス,スタンダード,小売業,100,2013-07-16
9982,タキヒヨー,スタンダード,卸売業,100,2002-03-04
9983,ファーストリテイリング,プライム,小売業,100,1997-04-02
9984,ソフトバンクグループ,プライム,情報・通信業,100,1998-01-16
9986,蔵王産業,スタンダード,卸売業,100,2007-05-08
9987,スズケン,プライム,卸売業,100,1995-09-06
9989,サンドラッグ,プライム,小売業,100,1997-09-17
9990,サックスバー　ホールディングス,プライム,小売業,100,2006-04-17
9991,ジェコス,プライム,卸売業,100,1994-08-26
9993,ヤマザワ,スタンダード,小売業,100,2004-02-19
9994,やまや,スタンダード,小売業,100,2002-03-08
9996,サトー商会,スタンダード,卸売業,100,2013-07-16
9997,ベルーナ,プライム,小売業,100,1998-01-16
